"Plot_ID","Date","Time_start","First_Timestamp","Last_Timestamp","Total_Time","drop","Notes"
"1-Apr-GCW-TR-1","2024-04-09","14:35:12",2024-04-09 14:35:12,2024-04-09 14:36:11,59,FALSE,""
"1-Apr-GCW-TR-2","2024-04-09","14:38:59",2024-04-09 14:38:59,2024-04-09 14:39:58,59,FALSE,""
"1-Apr-GCW-TR-3","2024-04-09","14:42:48",2024-04-09 14:42:48,2024-04-09 14:43:47,59,FALSE,""
"1-Apr-GCW-TR-4","2024-04-09","14:46:22",2024-04-09 14:46:22,2024-04-09 14:47:21,59,FALSE,""
"1-Apr-GCW-TR-5","2024-04-09","14:50:23",2024-04-09 14:50:23,2024-04-09 14:51:22,59,FALSE,""
"1-Apr-GCW-UP-1","2024-04-09","14:55:34",2024-04-09 14:55:34,2024-04-09 14:56:33,59,FALSE,""
"1-Apr-GCW-UP-2","2024-04-09","15:03:26",2024-04-09 15:03:26,2024-04-09 15:04:25,59,FALSE,""
"1-Apr-GCW-UP-3","2024-04-09","15:07:08",2024-04-09 15:07:08,2024-04-09 15:08:07,59,FALSE,""
"1-Apr-GCW-UP-4","2024-04-09","15:10:52",2024-04-09 15:10:52,2024-04-09 15:11:51,59,FALSE,""
"1-Apr-GCW-UP-5","2024-04-09","14:59:25",2024-04-09 14:59:25,2024-04-09 15:00:24,59,FALSE,""
"1-Apr-GWI-TR-1","2024-04-24","11:41:55",2024-04-24 11:41:55,2024-04-24 11:42:54,59,FALSE,""
"1-Apr-GWI-TR-2","2024-04-24","11:46:28",2024-04-24 11:46:28,2024-04-24 11:47:27,59,FALSE,""
"1-Apr-GWI-TR-3","2024-04-24","11:50:47",2024-04-24 11:50:47,2024-04-24 11:51:46,59,FALSE,""
"1-Apr-GWI-TR-4","2024-04-24","11:55:03",2024-04-24 11:55:03,2024-04-24 11:56:02,59,FALSE,""
"1-Apr-GWI-TR-4a","2024-04-24","11:58:34",2024-04-24 11:58:34,2024-04-24 11:59:33,59,FALSE,""
"1-Apr-GWI-TR-5","2024-04-24","12:03:05",2024-04-24 12:03:05,2024-04-24 12:04:04,59,FALSE,""
"1-Apr-GWI-UP-1","2024-04-24","12:10:07",2024-04-24 12:10:07,2024-04-24 12:11:06,59,FALSE,""
"1-Apr-GWI-UP-2","2024-04-24","12:14:32",2024-04-24 12:14:32,2024-04-24 12:15:31,59,FALSE,""
"1-Apr-GWI-UP-3","2024-04-24","12:18:59",2024-04-24 12:18:59,2024-04-24 12:19:58,59,FALSE,""
"1-Apr-GWI-UP-4","2024-04-24","12:23:19",2024-04-24 12:23:19,2024-04-24 12:24:18,59,FALSE,""
"1-Apr-GWI-UP-5","2024-04-24","12:28:29",2024-04-24 12:28:29,2024-04-24 12:29:28,59,FALSE,""
"1-Apr-MSM-TR-1","2024-04-11","13:02:46",2024-04-11 13:02:46,2024-04-11 13:03:45,59,FALSE,""
"1-Apr-MSM-TR-2","2024-04-11","12:41:15",2024-04-11 12:41:15,2024-04-11 12:42:14,59,FALSE,""
"1-Apr-MSM-TR-3","2024-04-11","12:46:38",2024-04-11 12:46:38,2024-04-11 12:47:37,59,FALSE,""
"1-Apr-MSM-TR-4","2024-04-11","12:50:58",2024-04-11 12:50:58,2024-04-11 12:51:57,59,FALSE,""
"1-Apr-MSM-TR-5","2024-04-11","12:54:59",2024-04-11 12:54:59,2024-04-11 12:55:58,59,FALSE,""
"1-Apr-MSM-UP-1","2024-04-11","13:22:50",2024-04-11 13:22:50,2024-04-11 13:23:48,58,FALSE,""
"1-Apr-MSM-UP-2","2024-04-11","13:15:34",2024-04-11 13:15:34,2024-04-11 13:16:33,59,FALSE,""
"1-Apr-MSM-UP-3","2024-04-11","13:19:08",2024-04-11 13:19:08,2024-04-11 13:20:07,59,FALSE,""
"1-Apr-MSM-UP-4","2024-04-11","13:11:28",2024-04-11 13:11:28,2024-04-11 13:12:27,59,FALSE,""
"1-Apr-MSM-UP-5","2024-04-11","13:07:41",2024-04-11 13:07:41,2024-04-11 13:08:40,59,FALSE,""
"1-Aug-GCW-TR-1","2024-08-13","11:38:54",2024-08-13 11:38:54,2024-08-13 11:39:53,59,FALSE,""
"1-Aug-GCW-TR-2","2024-08-13","11:44:39",2024-08-13 11:44:39,2024-08-13 11:45:38,59,FALSE,""
"1-Aug-GCW-TR-2-b","2024-08-13","11:48:00",2024-08-13 11:48:00,2024-08-13 11:48:59,59,FALSE,""
"1-Aug-GCW-TR-3","2024-08-13","11:57:42",2024-08-13 11:57:42,2024-08-13 11:58:41,59,FALSE,""
"1-Aug-GCW-TR-4","2024-08-13","11:52:35",2024-08-13 11:52:35,2024-08-13 11:53:34,59,FALSE,""
"1-Aug-GCW-TR-5","2024-08-13","12:02:26",2024-08-13 12:02:26,2024-08-13 12:03:25,59,FALSE,""
"1-Aug-GCW-UP-1","2024-08-13","12:28:57",2024-08-13 12:28:57,2024-08-13 12:29:56,59,FALSE,""
"1-Aug-GCW-UP-2","2024-08-13","12:12:56",2024-08-13 12:12:56,2024-08-13 12:13:55,59,FALSE,""
"1-Aug-GCW-UP-3","2024-08-13","12:19:04",2024-08-13 12:19:04,2024-08-13 12:20:03,59,FALSE,""
"1-Aug-GCW-UP-4","2024-08-13","12:24:31",2024-08-13 12:24:31,2024-08-13 12:25:30,59,FALSE,""
"1-Aug-GCW-UP-5","2024-08-13","12:08:34",2024-08-13 12:08:34,2024-08-13 12:09:33,59,FALSE,""
"1-Aug-GWI-TR-1","2024-08-22","11:07:15",2024-08-22 11:07:15,2024-08-22 11:08:14,59,FALSE,""
"1-Aug-GWI-TR-2","2024-08-22","11:11:12",2024-08-22 11:11:12,2024-08-22 11:12:11,59,FALSE,""
"1-Aug-GWI-TR-3","2024-08-22","11:14:56",2024-08-22 11:14:56,2024-08-22 11:15:55,59,FALSE,""
"1-Aug-GWI-TR-4","2024-08-22","11:18:59",2024-08-22 11:18:59,2024-08-22 11:19:58,59,FALSE,""
"1-Aug-GWI-TR-5","2024-08-22","11:03:22",2024-08-22 11:03:22,2024-08-22 11:04:21,59,FALSE,""
"1-Aug-GWI-UP-1","2024-08-22","11:35:33",2024-08-22 11:35:33,2024-08-22 11:36:32,59,FALSE,""
"1-Aug-GWI-UP-2","2024-08-22","11:39:07",2024-08-22 11:39:07,2024-08-22 11:40:06,59,FALSE,""
"1-Aug-GWI-UP-3","2024-08-22","11:42:48",2024-08-22 11:42:48,2024-08-22 11:43:47,59,FALSE,""
"1-Aug-GWI-UP-4","2024-08-22","11:46:49",2024-08-22 11:46:49,2024-08-22 11:47:48,59,FALSE,""
"1-Aug-GWI-UP-5","2024-08-22","11:51:04",2024-08-22 11:51:04,2024-08-22 11:52:03,59,FALSE,""
"1-Aug-MSM-TR-1","2024-08-15","12:57:42",2024-08-15 12:57:42,2024-08-15 12:58:41,59,FALSE,""
"1-Aug-MSM-TR-2","2024-08-15","13:01:21",2024-08-15 13:01:21,2024-08-15 13:02:20,59,FALSE,""
"1-Aug-MSM-TR-3","2024-08-15","13:05:13",2024-08-15 13:05:13,2024-08-15 13:06:12,59,FALSE,""
"1-Aug-MSM-TR-4","2024-08-15","13:09:24",2024-08-15 13:09:24,2024-08-15 13:10:23,59,FALSE,""
"1-Aug-MSM-TR-5","2024-08-15","13:13:21",2024-08-15 13:13:21,2024-08-15 13:14:20,59,FALSE,""
"1-Aug-MSM-UP-1","2024-08-15","13:21:15",2024-08-15 13:21:15,2024-08-15 13:22:14,59,FALSE,""
"1-Aug-MSM-UP-2","2024-08-15","13:25:45",2024-08-15 13:25:45,2024-08-15 13:26:44,59,FALSE,""
"1-Aug-MSM-UP-3","2024-08-15","13:29:16",2024-08-15 13:29:16,2024-08-15 13:30:15,59,FALSE,""
"1-Aug-MSM-UP-4","2024-08-15","13:33:02",2024-08-15 13:33:02,2024-08-15 13:34:01,59,FALSE,""
"1-Aug-MSM-UP-5","2024-08-15","13:37:22",2024-08-15 13:37:22,2024-08-15 13:38:21,59,FALSE,""
"1-Aug-SWH-SWAMP-1","2024-08-20","11:18:24",2024-08-20 11:18:24,2024-08-20 11:19:23,59,FALSE,""
"1-Aug-SWH-SWAMP-1a","2024-08-20","11:21:23",2024-08-20 11:21:23,2024-08-20 11:22:22,59,FALSE,""
"1-Aug-SWH-SWAMP-2","2024-08-20","11:13:30",2024-08-20 11:13:30,2024-08-20 11:14:29,59,FALSE,""
"1-Aug-SWH-SWAMP-3","2024-08-20","11:27:01",2024-08-20 11:27:01,2024-08-20 11:28:00,59,FALSE,""
"1-Aug-SWH-SWAMP-4","2024-08-20","11:37:07",2024-08-20 11:37:07,2024-08-20 11:38:06,59,FALSE,""
"1-Aug-SWH-SWAMP-5","2024-08-20","11:31:58",2024-08-20 11:31:58,2024-08-20 11:32:58,60,FALSE,""
"1-Aug-SWH-TR-1","2024-08-20","10:08:09",2024-08-20 10:08:09,2024-08-20 10:09:08,59,FALSE,""
"1-Aug-SWH-TR-10","2024-08-20","10:56:48",2024-08-20 10:56:48,2024-08-20 10:57:47,59,FALSE,""
"1-Aug-SWH-TR-10a","2024-08-20","10:59:47",2024-08-20 10:59:47,2024-08-20 11:00:46,59,FALSE,""
"1-Aug-SWH-TR-2","2024-08-20","09:44:57",2024-08-20 09:44:57,2024-08-20 09:45:56,59,FALSE,""
"1-Aug-SWH-TR-2a","2024-08-20","09:47:13",2024-08-20 09:47:13,2024-08-20 09:48:12,59,FALSE,""
"1-Aug-SWH-TR-2b","2024-08-20","09:53:37",2024-08-20 09:53:37,2024-08-20 09:54:36,59,FALSE,""
"1-Aug-SWH-TR-2c","2024-08-20","09:56:46",2024-08-20 09:56:46,2024-08-20 09:57:45,59,FALSE,""
"1-Aug-SWH-TR-3","2024-08-20","10:30:07",2024-08-20 10:30:07,2024-08-20 10:31:06,59,FALSE,""
"1-Aug-SWH-TR-3a","2024-08-20","10:33:09",2024-08-20 10:33:09,2024-08-20 10:34:08,59,FALSE,""
"1-Aug-SWH-TR-4","2024-08-20","10:52:01",2024-08-20 10:52:01,2024-08-20 10:53:01,60,FALSE,""
"1-Aug-SWH-TR-5","2024-08-20","10:37:51",2024-08-20 10:37:51,2024-08-20 10:38:50,59,FALSE,""
"1-Aug-SWH-TR-6","2024-08-20","10:12:45",2024-08-20 10:12:45,2024-08-20 10:13:44,59,FALSE,""
"1-Aug-SWH-TR-6a","2024-08-20","10:17:27",2024-08-20 10:17:27,2024-08-20 10:18:26,59,FALSE,""
"1-Aug-SWH-TR-7","2024-08-20","10:00:15",2024-08-20 10:00:15,2024-08-20 10:01:14,59,FALSE,""
"1-Aug-SWH-TR-7a","2024-08-20","10:03:22",2024-08-20 10:03:22,2024-08-20 10:04:21,59,FALSE,""
"1-Aug-SWH-TR-8","2024-08-20","10:22:12",2024-08-20 10:22:12,2024-08-20 10:23:11,59,FALSE,""
"1-Aug-SWH-TR-8a","2024-08-20","10:25:11",2024-08-20 10:25:11,2024-08-20 10:26:10,59,FALSE,""
"1-Aug-SWH-TR-9","2024-08-20","10:44:44",2024-08-20 10:44:44,2024-08-20 10:45:43,59,FALSE,""
"1-Aug-SWH-TR-9a","2024-08-20","10:47:43",2024-08-20 10:47:43,2024-08-20 10:48:42,59,FALSE,""
"1-Aug-SWH-UP-1","2024-08-20","11:42:14",2024-08-20 11:42:14,2024-08-20 11:43:13,59,FALSE,""
"1-Aug-SWH-UP-1a","2024-08-21","12:59:32",2024-08-21 12:59:32,2024-08-21 13:00:31,59,FALSE,""
"1-Aug-SWH-UP-2","2024-08-20","11:46:16",2024-08-20 11:46:16,2024-08-20 11:47:15,59,FALSE,""
"1-Aug-SWH-UP-2a","2024-08-21","13:04:29",2024-08-21 13:04:29,2024-08-21 13:05:28,59,FALSE,""
"1-Aug-SWH-UP-3a","2024-08-21","13:12:29",2024-08-21 13:12:29,2024-08-21 13:13:28,59,FALSE,""
"1-Aug-SWH-UP-4a","2024-08-21","13:17:00",2024-08-21 13:17:00,2024-08-21 13:17:59,59,FALSE,""
"1-Aug-SWH-UP-5a","2024-08-21","13:23:34",2024-08-21 13:23:34,2024-08-21 13:24:32,58,FALSE,""
"1-Aug-Test2","2024-08-13","16:38:36",2024-08-13 16:38:36,2024-08-13 16:39:35,59,FALSE,""
"1-Jul-GCW-TR-1","2024-07-16","10:38:25",2024-07-16 10:38:25,2024-07-16 10:39:24,59,FALSE,""
"1-Jul-GCW-TR-1a","2024-07-16","10:43:25",2024-07-16 10:43:25,2024-07-16 10:44:24,59,FALSE,""
"1-Jul-GCW-TR-1b","2024-07-16","10:51:01",2024-07-16 10:51:01,2024-07-16 10:52:00,59,FALSE,""
"1-Jul-GCW-TR-2","2024-07-16","10:55:47",2024-07-16 10:55:47,2024-07-16 10:56:46,59,FALSE,""
"1-Jul-GCW-TR-3","2024-07-16","10:59:39",2024-07-16 10:59:39,2024-07-16 11:00:38,59,FALSE,""
"1-Jul-GCW-TR-4","2024-07-16","11:03:31",2024-07-16 11:03:31,2024-07-16 11:04:30,59,FALSE,""
"1-Jul-GCW-TR-5","2024-07-16","11:08:07",2024-07-16 11:08:07,2024-07-16 11:09:06,59,FALSE,""
"1-Jul-GCW-UP-1","2024-07-16","11:13:16",2024-07-16 11:13:16,2024-07-16 11:14:15,59,FALSE,""
"1-Jul-GCW-UP-2","2024-07-16","11:20:36",2024-07-16 11:20:36,2024-07-16 11:21:35,59,FALSE,""
"1-Jul-GCW-UP-3","2024-07-16","11:24:00",2024-07-16 11:24:00,2024-07-16 11:24:59,59,FALSE,""
"1-Jul-GCW-UP-4","2024-07-16","11:27:31",2024-07-16 11:27:31,2024-07-16 11:28:30,59,FALSE,""
"1-Jul-GCW-UP-5","2024-07-16","11:16:59",2024-07-16 11:16:59,2024-07-16 11:17:58,59,FALSE,""
"1-Jul-GWI-TR-1","2024-07-25","10:26:48",2024-07-25 10:26:48,2024-07-25 10:27:47,59,FALSE,""
"1-Jul-GWI-TR-1a","2024-07-25","10:30:51",2024-07-25 10:30:51,2024-07-25 10:31:50,59,FALSE,""
"1-Jul-GWI-TR-2","2024-07-25","10:35:32",2024-07-25 10:35:32,2024-07-25 10:36:31,59,FALSE,""
"1-Jul-GWI-TR-3","2024-07-25","10:40:02",2024-07-25 10:40:02,2024-07-25 10:41:01,59,FALSE,""
"1-Jul-GWI-TR-4","2024-07-25","10:45:05",2024-07-25 10:45:05,2024-07-25 10:46:04,59,FALSE,""
"1-Jul-GWI-TR-5","2024-07-25","10:49:34",2024-07-25 10:49:34,2024-07-25 10:50:33,59,FALSE,""
"1-Jul-GWI-UP-1","2024-07-25","10:17:45",2024-07-25 10:17:45,2024-07-25 10:18:44,59,FALSE,""
"1-Jul-GWI-UP-2a","2024-07-25","09:59:43",2024-07-25 09:59:43,2024-07-25 10:00:42,59,FALSE,""
"1-Jul-GWI-UP-3","2024-07-25","10:03:36",2024-07-25 10:03:36,2024-07-25 10:04:35,59,FALSE,""
"1-Jul-GWI-UP-4","2024-07-25","10:08:01",2024-07-25 10:08:01,2024-07-25 10:09:00,59,FALSE,""
"1-Jul-GWI-UP-5","2024-07-25","10:13:20",2024-07-25 10:13:20,2024-07-25 10:14:19,59,FALSE,""
"1-Jul-MSM-TR-1","2024-07-18","13:56:28",2024-07-18 13:56:28,2024-07-18 13:57:27,59,FALSE,""
"1-Jul-MSM-TR-2","2024-07-18","13:52:30",2024-07-18 13:52:30,2024-07-18 13:53:29,59,FALSE,""
"1-Jul-MSM-TR-3","2024-07-18","13:47:50",2024-07-18 13:47:50,2024-07-18 13:48:49,59,FALSE,""
"1-Jul-MSM-TR-4","2024-07-18","13:43:34",2024-07-18 13:43:34,2024-07-18 13:44:33,59,FALSE,""
"1-Jul-MSM-TR-5","2024-07-18","13:38:47",2024-07-18 13:38:47,2024-07-18 13:39:46,59,FALSE,""
"1-Jul-MSM-UP-1","2024-07-18","14:38:54",2024-07-18 14:38:54,2024-07-18 14:39:53,59,FALSE,""
"1-Jul-MSM-UP-2","2024-07-18","14:34:58",2024-07-18 14:34:58,2024-07-18 14:35:57,59,FALSE,""
"1-Jul-MSM-UP-3","2024-07-18","14:30:33",2024-07-18 14:30:33,2024-07-18 14:31:32,59,FALSE,""
"1-Jul-MSM-UP-4","2024-07-18","14:26:07",2024-07-18 14:26:07,2024-07-18 14:27:06,59,FALSE,""
"1-Jul-MSM-UP-5a","2024-07-18","14:22:19",2024-07-18 14:22:19,2024-07-18 14:23:18,59,FALSE,""
"1-Jul-SWH-SWAMP-1","2024-07-23","14:55:48",2024-07-23 14:55:48,2024-07-23 14:56:47,59,FALSE,""
"1-Jul-SWH-SWAMP-1a","2024-07-23","14:59:07",2024-07-23 14:59:07,2024-07-23 15:00:06,59,FALSE,""
"1-Jul-SWH-SWAMP-2","2024-07-23","15:03:26",2024-07-23 15:03:26,2024-07-23 15:04:25,59,FALSE,""
"1-Jul-SWH-SWAMP-2a","2024-07-23","15:36:38",2024-07-23 15:36:38,2024-07-23 15:37:37,59,FALSE,""
"1-Jul-SWH-SWAMP-3","2024-07-23","15:53:28",2024-07-23 15:53:28,2024-07-23 15:54:27,59,FALSE,""
"1-Jul-SWH-SWAMP-4","2024-07-23","15:58:03",2024-07-23 15:58:03,2024-07-23 15:59:02,59,FALSE,""
"1-Jul-SWH-SWAMP-4a","2024-07-23","16:01:20",2024-07-23 16:01:20,2024-07-23 16:02:19,59,FALSE,""
"1-Jul-SWH-SWAMP-5","2024-07-23","16:05:28",2024-07-23 16:05:28,2024-07-23 16:06:27,59,FALSE,""
"1-Jul-SWH-TR-1","2024-07-24","13:38:51",2024-07-24 13:38:51,2024-07-24 13:39:50,59,FALSE,""
"1-Jul-SWH-TR-10","2024-07-24","14:24:54",2024-07-24 14:24:54,2024-07-24 14:26:53,119,FALSE,""
"1-Jul-SWH-TR-10a","2024-07-24","14:31:26",2024-07-24 14:31:26,2024-07-24 14:33:25,119,FALSE,""
"1-Jul-SWH-TR-1a","2024-07-24","13:44:49",2024-07-24 13:44:49,2024-07-24 13:45:48,59,FALSE,""
"1-Jul-SWH-TR-1b","2024-07-24","13:56:22",2024-07-24 13:56:22,2024-07-24 13:57:21,59,FALSE,""
"1-Jul-SWH-TR-2","2024-07-24","13:08:51",2024-07-24 13:08:51,2024-07-24 13:09:50,59,FALSE,""
"1-Jul-SWH-TR-2a","2024-07-24","13:21:18",2024-07-24 13:21:18,2024-07-24 13:22:09,51,FALSE,""
"1-Jul-SWH-TR-2b","2024-07-24","13:25:27",2024-07-24 13:25:27,2024-07-24 13:26:26,59,FALSE,""
"1-Jul-SWH-TR-2c","2024-07-24","13:29:29",2024-07-24 13:29:29,2024-07-24 13:30:28,59,FALSE,""
"1-Jul-SWH-TR-3","2024-07-24","14:07:04",2024-07-24 14:07:04,2024-07-24 14:08:03,59,FALSE,""
"1-Jul-SWH-TR-4","2024-07-24","14:19:01",2024-07-24 14:19:01,2024-07-24 14:20:00,59,FALSE,""
"1-Jul-SWH-TR-5","2024-07-24","14:14:38",2024-07-24 14:14:38,2024-07-24 14:15:37,59,FALSE,""
"1-Jul-SWH-TR-7b","2024-07-24","15:50:33",2024-07-24 15:50:33,2024-07-24 15:52:33,120,FALSE,""
"1-Jul-SWH-TR-8a","2024-07-24","15:20:29",2024-07-24 15:20:29,2024-07-24 15:22:28,119,FALSE,""
"1-Jul-SWH-TR-8b","2024-07-24","15:26:10",2024-07-24 15:26:10,2024-07-24 15:28:09,119,FALSE,""
"1-Jul-SWH-TR-9b","2024-07-24","14:45:38",2024-07-24 14:45:38,2024-07-24 14:47:37,119,FALSE,""
"1-Jul-SWH-TR-9d","2024-07-24","15:00:57",2024-07-24 15:00:57,2024-07-24 15:02:56,119,FALSE,""
"1-Jul-SWH-UP-1","2024-07-23","14:19:39",2024-07-23 14:19:39,2024-07-23 14:20:38,59,FALSE,""
"1-Jul-SWH-UP-2","2024-07-23","14:23:04",2024-07-23 14:23:04,2024-07-23 14:24:03,59,FALSE,""
"1-Jul-SWH-UP-3","2024-07-23","14:31:29",2024-07-23 14:31:29,2024-07-23 14:32:28,59,FALSE,""
"1-Jul-SWH-UP-4","2024-07-23","14:27:56",2024-07-23 14:27:56,2024-07-23 14:28:55,59,FALSE,""
"1-Jul-SWH-UP-5","2024-07-23","14:34:39",2024-07-23 14:34:39,2024-07-23 14:35:38,59,FALSE,""
"1-Jun-4","2024-06-18","13:48:38",2024-06-18 13:48:38,2024-06-18 13:49:37,59,FALSE,""
"1-Jun-GCW-TR-1","2024-06-19","10:26:32",2024-06-19 10:26:32,2024-06-19 10:27:31,59,FALSE,""
"1-Jun-GCW-TR-2","2024-06-19","10:30:33",2024-06-19 10:30:33,2024-06-19 10:31:32,59,FALSE,""
"1-Jun-GCW-TR-3","2024-06-19","10:33:52",2024-06-19 10:33:52,2024-06-19 10:34:51,59,FALSE,""
"1-Jun-GCW-TR-4","2024-06-19","10:38:01",2024-06-19 10:38:01,2024-06-19 10:39:00,59,FALSE,""
"1-Jun-GCW-TR-5","2024-06-19","10:41:42",2024-06-19 10:41:42,2024-06-19 10:42:41,59,FALSE,""
"1-Jun-GCW-UP-1","2024-06-19","10:46:45",2024-06-19 10:46:45,2024-06-19 10:47:44,59,FALSE,""
"1-Jun-GCW-UP-2","2024-06-19","10:54:02",2024-06-19 10:54:02,2024-06-19 10:55:01,59,FALSE,""
"1-Jun-GCW-UP-3","2024-06-19","10:57:28",2024-06-19 10:57:28,2024-06-19 10:58:27,59,FALSE,""
"1-Jun-GCW-UP-4","2024-06-19","11:01:12",2024-06-19 11:01:12,2024-06-19 11:02:11,59,FALSE,""
"1-Jun-GCW-UP-5","2024-06-19","10:50:35",2024-06-19 10:50:35,2024-06-19 10:51:34,59,FALSE,""
"1-Jun-GWI-TR-1","2024-06-27","12:00:00",2024-06-27 12:00:00,2024-06-27 12:00:59,59,FALSE,""
"1-Jun-GWI-TR-1-retake","2024-06-27","12:03:10",2024-06-27 12:03:10,2024-06-27 12:04:09,59,FALSE,""
"1-Jun-GWI-TR-2","2024-06-27","11:51:11",2024-06-27 11:51:11,2024-06-27 11:52:10,59,FALSE,""
"1-Jun-GWI-TR-2-Retake","2024-06-27","11:54:58",2024-06-27 11:54:58,2024-06-27 11:55:57,59,FALSE,""
"1-Jun-GWI-TR-3","2024-06-27","11:45:50",2024-06-27 11:45:50,2024-06-27 11:46:49,59,FALSE,""
"1-Jun-GWI-TR-4a","2024-06-27","11:34:23",2024-06-27 11:34:23,2024-06-27 11:35:22,59,FALSE,""
"1-Jun-GWI-TR-5","2024-06-27","12:08:42",2024-06-27 12:08:42,2024-06-27 12:09:41,59,FALSE,""
"1-Jun-GWI-UP-1","2024-06-27","13:25:46",2024-06-27 13:25:46,2024-06-27 13:26:45,59,FALSE,""
"1-Jun-GWI-UP-2","2024-06-27","13:31:59",2024-06-27 13:31:59,2024-06-27 13:32:58,59,FALSE,""
"1-Jun-GWI-UP-3","2024-06-27","12:48:59",2024-06-27 12:48:59,2024-06-27 12:49:58,59,FALSE,""
"1-Jun-GWI-UP-3-retake","2024-06-27","12:53:34",2024-06-27 12:53:34,2024-06-27 12:54:33,59,FALSE,""
"1-Jun-GWI-UP-4","2024-06-27","13:04:49",2024-06-27 13:04:49,2024-06-27 13:05:48,59,FALSE,""
"1-Jun-GWI-UP-5","2024-06-27","13:17:11",2024-06-27 13:17:11,2024-06-27 13:18:10,59,FALSE,""
"1-Jun-MSM-TR-1","2024-06-18","13:53:10",2024-06-18 13:53:10,2024-06-18 13:54:09,59,FALSE,""
"1-Jun-MSM-TR-2","2024-06-18","13:56:40",2024-06-18 13:56:40,2024-06-18 13:57:39,59,FALSE,""
"1-Jun-MSM-TR-3","2024-06-18","14:00:15",2024-06-18 14:00:15,2024-06-18 14:01:14,59,FALSE,""
"1-Jun-MSM-TR-4","2024-06-18","14:03:53",2024-06-18 14:03:53,2024-06-18 14:04:52,59,FALSE,""
"1-Jun-MSM-TR-5","2024-06-18","14:07:26",2024-06-18 14:07:26,2024-06-18 14:08:25,59,FALSE,""
"1-Jun-MSM-UP-1","2024-06-18","14:13:12",2024-06-18 14:13:12,2024-06-18 14:14:11,59,FALSE,""
"1-Jun-MSM-UP-2","2024-06-18","14:17:13",2024-06-18 14:17:13,2024-06-18 14:18:12,59,FALSE,""
"1-Jun-MSM-UP-3","2024-06-18","14:21:02",2024-06-18 14:21:02,2024-06-18 14:22:01,59,FALSE,""
"1-Jun-MSM-UP-4","2024-06-18","14:24:34",2024-06-18 14:24:34,2024-06-18 14:25:33,59,FALSE,""
"1-Jun-MSM-UP-5a","2024-06-18","14:29:04",2024-06-18 14:29:04,2024-06-18 14:30:03,59,FALSE,""
"1-Jun-MSM-UP-5b","2024-06-18","14:31:30",2024-06-18 14:31:30,2024-06-18 14:32:29,59,FALSE,""
"1-Jun-SWH-SWAMP-1","2024-06-26","14:41:54",2024-06-26 14:41:54,2024-06-26 14:42:53,59,FALSE,""
"1-Jun-SWH-SWAMP-2","2024-06-26","14:48:24",2024-06-26 14:48:24,2024-06-26 14:49:23,59,FALSE,""
"1-Jun-SWH-SWAMP-3","2024-06-26","14:58:25",2024-06-26 14:58:25,2024-06-26 14:59:24,59,FALSE,""
"1-Jun-SWH-SWAMP-4","2024-06-26","15:10:00",2024-06-26 15:10:00,2024-06-26 15:10:59,59,FALSE,""
"1-Jun-SWH-SWAMP-5","2024-06-26","15:04:37",2024-06-26 15:04:37,2024-06-26 15:05:36,59,FALSE,""
"1-Jun-SWH-TR-1","2024-06-26","11:15:45",2024-06-26 11:15:45,2024-06-26 11:16:44,59,FALSE,""
"1-Jun-SWH-TR-10","2024-06-26","12:02:34",2024-06-26 12:02:34,2024-06-26 12:03:33,59,FALSE,""
"1-Jun-SWH-TR-1a","2024-06-26","11:19:54",2024-06-26 11:19:54,2024-06-26 11:20:53,59,FALSE,""
"1-Jun-SWH-TR-2","2024-06-26","10:49:51",2024-06-26 10:49:51,2024-06-26 10:50:50,59,FALSE,""
"1-Jun-SWH-TR-3","2024-06-26","11:39:17",2024-06-26 11:39:17,2024-06-26 11:40:16,59,FALSE,""
"1-Jun-SWH-TR-3a","2024-06-26","11:43:21",2024-06-26 11:43:21,2024-06-26 11:44:20,59,FALSE,""
"1-Jun-SWH-TR-4","2024-06-26","12:07:23",2024-06-26 12:07:23,2024-06-26 12:08:22,59,FALSE,""
"1-Jun-SWH-TR-5","2024-06-26","12:11:25",2024-06-26 12:11:25,2024-06-26 12:12:24,59,FALSE,""
"1-Jun-SWH-TR-6","2024-06-26","11:25:35",2024-06-26 11:25:35,2024-06-26 11:26:34,59,FALSE,""
"1-Jun-SWH-TR-6a","2024-06-26","11:29:27",2024-06-26 11:29:27,2024-06-26 11:30:26,59,FALSE,""
"1-Jun-SWH-TR-7","2024-06-26","10:57:02",2024-06-26 10:57:02,2024-06-26 10:58:02,60,FALSE,""
"1-Jun-SWH-TR-7a","2024-06-26","11:04:29",2024-06-26 11:04:29,2024-06-26 11:05:28,59,FALSE,""
"1-Jun-SWH-TR-7b","2024-06-26","11:07:37",2024-06-26 11:07:37,2024-06-26 11:08:36,59,FALSE,""
"1-Jun-SWH-TR-8","2024-06-26","11:51:21",2024-06-26 11:51:21,2024-06-26 11:52:20,59,FALSE,""
"1-Jun-SWH-TR-8a","2024-06-26","12:26:26",2024-06-26 12:26:26,2024-06-26 12:27:25,59,FALSE,""
"1-Jun-SWH-TR-8b","2024-06-26","12:29:50",2024-06-26 12:29:50,2024-06-26 12:30:49,59,FALSE,""
"1-Jun-SWH-TR-9","2024-06-26","12:17:10",2024-06-26 12:17:10,2024-06-26 12:18:09,59,FALSE,""
"1-Jun-SWH-TR-9a","2024-06-26","12:21:09",2024-06-26 12:21:09,2024-06-26 12:22:08,59,FALSE,""
"1-Jun-SWH-UP-1","2024-06-26","15:40:16",2024-06-26 15:40:16,2024-06-26 15:41:15,59,FALSE,""
"1-Jun-SWH-UP-2","2024-06-26","15:27:52",2024-06-26 15:27:52,2024-06-26 15:28:51,59,FALSE,""
"1-Jun-SWH-UP-3","2024-06-26","15:32:01",2024-06-26 15:32:01,2024-06-26 15:33:00,59,FALSE,""
"1-Jun-SWH-UP-4","2024-06-26","15:18:52",2024-06-26 15:18:52,2024-06-26 15:19:51,59,FALSE,""
"1-Jun-SWH-UP-5","2024-06-26","15:35:33",2024-06-26 15:35:33,2024-06-26 15:36:32,59,FALSE,""
"1-May-GCW-TR-1","2024-05-23","13:38:28",2024-05-23 13:38:28,2024-05-23 13:39:27,59,FALSE,""
"1-May-GCW-TR-3","2024-05-23","13:19:41",2024-05-23 13:19:41,2024-05-23 13:20:40,59,FALSE,""
"1-May-GCW-TR-3-A","2024-05-23","13:29:37",2024-05-23 13:29:37,2024-05-23 13:30:36,59,FALSE,""
"1-May-GCW-TR-4","2024-05-23","13:33:04",2024-05-23 13:33:04,2024-05-23 13:34:03,59,FALSE,""
"1-May-GCW-TR-5","2024-05-23","13:43:12",2024-05-23 13:43:12,2024-05-23 13:44:11,59,FALSE,""
"1-May-GCW-UP-1","2024-05-23","14:02:05",2024-05-23 14:02:05,2024-05-23 14:03:04,59,FALSE,""
"1-May-GCW-UP-2","2024-05-23","14:06:19",2024-05-23 14:06:19,2024-05-23 14:07:18,59,FALSE,""
"1-May-GCW-UP-3","2024-05-23","13:52:41",2024-05-23 13:52:41,2024-05-23 13:53:40,59,FALSE,""
"1-May-GCW-UP-4","2024-05-23","13:56:47",2024-05-23 13:56:47,2024-05-23 13:57:46,59,FALSE,""
"1-May-GCW-UP-5","2024-05-23","13:48:27",2024-05-23 13:48:27,2024-05-23 13:49:26,59,FALSE,""
"1-May-GWI-TR-1b","2024-05-16","13:07:15",2024-05-16 13:07:15,2024-05-16 13:08:14,59,FALSE,""
"1-May-GWI-TR-2","2024-05-16","12:51:13",2024-05-16 12:51:13,2024-05-16 12:52:12,59,FALSE,""
"1-May-GWI-TR-2b","2024-05-16","12:55:23",2024-05-16 12:55:23,2024-05-16 12:56:22,59,FALSE,""
"1-May-GWI-TR-3","2024-05-16","12:44:10",2024-05-16 12:44:10,2024-05-16 12:45:09,59,FALSE,""
"1-May-GWI-TR-3a","2024-05-16","12:47:10",2024-05-16 12:47:10,2024-05-16 12:48:09,59,FALSE,""
"1-May-GWI-TR-3b","2024-05-16","12:59:30",2024-05-16 12:59:30,2024-05-16 13:00:29,59,FALSE,""
"1-May-GWI-TR-4","2024-05-16","12:37:05",2024-05-16 12:37:05,2024-05-16 12:38:04,59,FALSE,""
"1-May-GWI-TR-4a","2024-05-16","12:40:03",2024-05-16 12:40:03,2024-05-16 12:41:02,59,FALSE,""
"1-May-GWI-TR-4b","2024-05-16","13:03:18",2024-05-16 13:03:18,2024-05-16 13:04:17,59,FALSE,""
"1-May-GWI-TR-5","2024-05-16","12:32:14",2024-05-16 12:32:14,2024-05-16 12:33:13,59,FALSE,""
"1-May-GWI-TR-5b","2024-05-16","13:11:22",2024-05-16 13:11:22,2024-05-16 13:12:21,59,FALSE,""
"1-May-GWI-UP-1","2024-05-16","13:15:56",2024-05-16 13:15:56,2024-05-16 13:16:55,59,FALSE,""
"1-May-GWI-UP-2","2024-05-16","13:19:19",2024-05-16 13:19:19,2024-05-16 13:20:18,59,FALSE,""
"1-May-GWI-UP-3","2024-05-16","13:22:43",2024-05-16 13:22:43,2024-05-16 13:23:42,59,FALSE,""
"1-May-GWI-UP-4","2024-05-16","13:26:22",2024-05-16 13:26:22,2024-05-16 13:27:21,59,FALSE,""
"1-May-GWI-UP-5","2024-05-16","13:29:58",2024-05-16 13:29:58,2024-05-16 13:30:57,59,FALSE,""
"1-May-MSM-TR-1","2024-05-21","12:56:40",2024-05-21 12:56:40,2024-05-21 12:57:39,59,FALSE,""
"1-May-MSM-TR-1a","2024-05-21","12:59:39",2024-05-21 12:59:39,2024-05-21 13:00:38,59,FALSE,""
"1-May-MSM-TR-2","2024-05-21","13:03:38",2024-05-21 13:03:38,2024-05-21 13:04:36,58,FALSE,""
"1-May-MSM-TR-3","2024-05-21","13:07:36",2024-05-21 13:07:36,2024-05-21 13:08:35,59,FALSE,""
"1-May-MSM-TR-4","2024-05-21","13:11:51",2024-05-21 13:11:51,2024-05-21 13:12:50,59,FALSE,""
"1-May-MSM-TR-5","2024-05-21","13:15:35",2024-05-21 13:15:35,2024-05-21 13:16:34,59,FALSE,""
"1-May-MSM-UP-1","2024-05-21","13:23:41",2024-05-21 13:23:41,2024-05-21 13:24:40,59,FALSE,""
"1-May-MSM-UP-2","2024-05-21","13:27:49",2024-05-21 13:27:49,2024-05-21 13:28:48,59,FALSE,""
"1-May-MSM-UP-3","2024-05-21","13:31:21",2024-05-21 13:31:21,2024-05-21 13:32:20,59,FALSE,""
"1-May-MSM-UP-4","2024-05-21","13:35:48",2024-05-21 13:35:48,2024-05-21 13:36:46,58,FALSE,""
"1-May-MSM-UP-5","2024-05-21","13:39:42",2024-05-21 13:39:42,2024-05-21 13:40:41,59,FALSE,""
"1-May-SWH-SWAMP-1","2024-05-15","11:23:51",2024-05-15 11:23:51,2024-05-15 11:24:50,59,FALSE,""
"1-May-SWH-SWAMP-1a","2024-05-15","11:26:49",2024-05-15 11:26:49,2024-05-15 11:27:48,59,FALSE,""
"1-May-SWH-SWAMP-2","2024-05-15","11:30:56",2024-05-15 11:30:56,2024-05-15 11:31:55,59,FALSE,""
"1-May-SWH-SWAMP-3","2024-05-15","11:35:19",2024-05-15 11:35:19,2024-05-15 11:36:18,59,FALSE,""
"1-May-SWH-SWAMP-4","2024-05-15","11:39:19",2024-05-15 11:39:19,2024-05-15 11:40:18,59,FALSE,""
"1-May-SWH-SWAMP-5","2024-05-15","11:45:12",2024-05-15 11:45:12,2024-05-15 11:46:11,59,FALSE,""
"1-May-SWH-TR-1","2024-05-15","10:20:46",2024-05-15 10:20:46,2024-05-15 10:21:45,59,FALSE,""
"1-May-SWH-TR-10","2024-05-15","11:06:50",2024-05-15 11:06:50,2024-05-15 11:07:49,59,FALSE,""
"1-May-SWH-TR-10a","2024-05-15","11:09:50",2024-05-15 11:09:50,2024-05-15 11:10:49,59,FALSE,""
"1-May-SWH-TR-2","2024-05-15","09:56:53",2024-05-15 09:56:53,2024-05-15 09:57:52,59,FALSE,""
"1-May-SWH-TR-2a","2024-05-15","09:59:53",2024-05-15 09:59:53,2024-05-15 10:00:52,59,FALSE,""
"1-May-SWH-TR-2b","2024-05-15","10:08:20",2024-05-15 10:08:20,2024-05-15 10:09:19,59,FALSE,""
"1-May-SWH-TR-3","2024-05-15","10:34:24",2024-05-15 10:34:24,2024-05-15 10:35:23,59,FALSE,""
"1-May-SWH-TR-4","2024-05-15","10:55:02",2024-05-15 10:55:02,2024-05-15 10:56:01,59,FALSE,""
"1-May-SWH-TR-4a","2024-05-15","10:57:59",2024-05-15 10:57:59,2024-05-15 10:58:58,59,FALSE,""
"1-May-SWH-TR-5","2024-05-15","10:39:37",2024-05-15 10:39:37,2024-05-15 10:40:36,59,FALSE,""
"1-May-SWH-TR-5a","2024-05-15","10:42:38",2024-05-15 10:42:38,2024-05-15 10:43:37,59,FALSE,""
"1-May-SWH-TR-6","2024-05-15","10:13:34",2024-05-15 10:13:34,2024-05-15 10:14:33,59,FALSE,""
"1-May-SWH-TR-6a","2024-05-15","10:16:37",2024-05-15 10:16:37,2024-05-15 10:17:36,59,FALSE,""
"1-May-SWH-TR-8","2024-05-15","10:26:09",2024-05-15 10:26:09,2024-05-15 10:27:08,59,FALSE,""
"1-May-SWH-TR-8a","2024-05-15","10:29:11",2024-05-15 10:29:11,2024-05-15 10:30:10,59,FALSE,""
"1-May-SWH-TR-9","2024-05-15","10:47:45",2024-05-15 10:47:45,2024-05-15 10:48:44,59,FALSE,""
"1-May-SWH-TR-9a","2024-05-15","10:50:45",2024-05-15 10:50:45,2024-05-15 10:51:44,59,FALSE,""
"1-May-SWH-UP-1","2024-05-15","11:50:20",2024-05-15 11:50:20,2024-05-15 11:51:19,59,FALSE,""
"1-May-SWH-UP-2","2024-05-15","11:54:03",2024-05-15 11:54:03,2024-05-15 11:55:02,59,FALSE,""
"1-May-SWH-UP-3","2024-05-15","11:57:39",2024-05-15 11:57:39,2024-05-15 11:58:38,59,FALSE,""
"1-May-SWH-UP-4","2024-05-15","12:01:26",2024-05-15 12:01:26,2024-05-15 12:02:25,59,FALSE,""
"1-May-SWH-UP-5","2024-05-15","12:04:49",2024-05-15 12:04:49,2024-05-15 12:05:48,59,FALSE,""
"1-Nov-GCW-TR-1","2024-11-19","10:18:29",2024-11-19 10:18:29,2024-11-19 10:19:28,59,FALSE,""
"1-Nov-GCW-TR-2","2024-11-19","10:22:57",2024-11-19 10:22:57,2024-11-19 10:23:56,59,FALSE,""
"1-Nov-GCW-TR-3","2024-11-19","10:30:15",2024-11-19 10:30:15,2024-11-19 10:31:14,59,FALSE,""
"1-Nov-GCW-TR-4","2024-11-19","10:26:38",2024-11-19 10:26:38,2024-11-19 10:27:37,59,FALSE,""
"1-Nov-GCW-TR-5","2024-11-19","10:35:05",2024-11-19 10:35:05,2024-11-19 10:36:04,59,FALSE,""
"1-Nov-GCW-UP-1","2024-11-19","10:42:02",2024-11-19 10:42:02,2024-11-19 10:43:01,59,FALSE,""
"1-Nov-GCW-UP-2","2024-11-19","10:50:20",2024-11-19 10:50:20,2024-11-19 10:51:19,59,FALSE,""
"1-Nov-GCW-UP-3","2024-11-19","10:54:50",2024-11-19 10:54:50,2024-11-19 10:55:49,59,FALSE,""
"1-Nov-GCW-UP-4","2024-11-19","10:59:22",2024-11-19 10:59:22,2024-11-19 11:00:21,59,FALSE,""
"1-Nov-GCW-UP-5","2024-11-19","10:45:55",2024-11-19 10:45:55,2024-11-19 10:46:54,59,FALSE,""
"1-Nov-GWI-TR-1","2024-11-14","11:03:01",2024-11-14 11:03:01,2024-11-14 11:05:00,119,FALSE,""
"1-Nov-GWI-TR-2","2024-11-14","11:11:49",2024-11-14 11:11:49,2024-11-14 11:13:48,119,FALSE,""
"1-Nov-GWI-TR-3","2024-11-14","11:18:51",2024-11-14 11:18:51,2024-11-14 11:20:50,119,FALSE,""
"1-Nov-GWI-TR-4","2024-11-14","11:26:45",2024-11-14 11:26:45,2024-11-14 11:28:44,119,FALSE,""
"1-Nov-GWI-TR-5","2024-11-14","10:55:43",2024-11-14 10:55:43,2024-11-14 10:57:42,119,FALSE,""
"1-Nov-GWI-UP-1","2024-11-14","11:50:57",2024-11-14 11:50:57,2024-11-14 11:51:56,59,FALSE,""
"1-Nov-GWI-UP-2","2024-11-14","11:57:32",2024-11-14 11:57:32,2024-11-14 11:58:31,59,FALSE,""
"1-Nov-GWI-UP-3","2024-11-14","12:01:42",2024-11-14 12:01:42,2024-11-14 12:02:41,59,FALSE,""
"1-Nov-GWI-UP-4","2024-11-14","12:08:48",2024-11-14 12:08:48,2024-11-14 12:09:47,59,FALSE,""
"1-Nov-GWI-UP-5","2024-11-14","12:12:48",2024-11-14 12:12:48,2024-11-14 12:13:47,59,FALSE,""
"1-Nov-MSM-TR-1","2024-11-21","13:58:26",2024-11-21 13:58:26,2024-11-21 13:59:25,59,FALSE,""
"1-Nov-MSM-TR-2","2024-11-21","13:33:29",2024-11-21 13:33:29,2024-11-21 13:34:28,59,FALSE,""
"1-Nov-MSM-TR-3","2024-11-21","13:38:08",2024-11-21 13:38:08,2024-11-21 13:39:07,59,FALSE,""
"1-Nov-MSM-TR-4","2024-11-21","13:44:37",2024-11-21 13:44:37,2024-11-21 13:45:36,59,FALSE,""
"1-Nov-MSM-TR-4a","2024-11-21","13:48:29",2024-11-21 13:48:29,2024-11-21 13:49:28,59,FALSE,""
"1-Nov-MSM-TR-5","2024-11-21","13:53:31",2024-11-21 13:53:31,2024-11-21 13:54:30,59,FALSE,""
"1-Nov-MSM-UP-1","2024-11-21","14:23:33",2024-11-21 14:23:33,2024-11-21 14:24:32,59,FALSE,""
"1-Nov-MSM-UP-2","2024-11-21","14:19:34",2024-11-21 14:19:34,2024-11-21 14:20:33,59,FALSE,""
"1-Nov-MSM-UP-3","2024-11-21","14:14:49",2024-11-21 14:14:49,2024-11-21 14:15:48,59,FALSE,""
"1-Nov-MSM-UP-4","2024-11-21","14:27:31",2024-11-21 14:27:31,2024-11-21 14:28:30,59,FALSE,""
"1-Nov-MSM-UP-5","2024-11-21","14:10:03",2024-11-21 14:10:03,2024-11-21 14:11:02,59,FALSE,""
"1-Nov-SWH-SWAMP-1","2024-11-13","10:02:11",2024-11-13 10:02:11,2024-11-13 10:04:10,119,FALSE,""
"1-Nov-SWH-SWAMP-2","2024-11-13","09:49:03",2024-11-13 09:49:03,2024-11-13 09:51:02,119,FALSE,""
"1-Nov-SWH-SWAMP-2a","2024-11-13","09:54:13",2024-11-13 09:54:13,2024-11-13 09:56:13,120,FALSE,""
"1-Nov-SWH-SWAMP-3a","2024-11-13","09:21:38",2024-11-13 09:21:38,2024-11-13 09:23:37,119,FALSE,""
"1-Nov-SWH-SWAMP-4","2024-11-13","09:27:53",2024-11-13 09:27:53,2024-11-13 09:29:52,119,FALSE,""
"1-Nov-SWH-SWAMP-5","2024-11-13","09:34:12",2024-11-13 09:34:12,2024-11-13 09:36:11,119,FALSE,""
"1-Nov-SWH-SWAMP-5a","2024-11-13","09:40:25",2024-11-13 09:40:25,2024-11-13 09:42:24,119,FALSE,""
"1-Nov-SWH-TR-1","2024-11-12","14:16:34",2024-11-12 14:16:34,2024-11-12 14:17:33,59,FALSE,""
"1-Nov-SWH-TR-10","2024-11-12","15:42:12",2024-11-12 15:42:12,2024-11-12 15:44:11,119,FALSE,""
"1-Nov-SWH-TR-2","2024-11-12","14:25:56",2024-11-12 14:25:56,2024-11-12 14:26:55,59,FALSE,""
"1-Nov-SWH-TR-3","2024-11-12","14:43:03",2024-11-12 14:43:03,2024-11-12 14:44:02,59,FALSE,""
"1-Nov-SWH-TR-3a","2024-11-12","14:46:28",2024-11-12 14:46:28,2024-11-12 14:47:27,59,FALSE,""
"1-Nov-SWH-TR-4","2024-11-12","15:05:52",2024-11-12 15:05:52,2024-11-12 15:06:51,59,FALSE,""
"1-Nov-SWH-TR-4a","2024-11-12","15:09:57",2024-11-12 15:09:57,2024-11-12 15:10:56,59,FALSE,""
"1-Nov-SWH-TR-5","2024-11-12","15:14:45",2024-11-12 15:14:45,2024-11-12 15:15:44,59,FALSE,""
"1-Nov-SWH-TR-5a","2024-11-12","15:18:00",2024-11-12 15:18:00,2024-11-12 15:18:59,59,FALSE,""
"1-Nov-SWH-TR-6","2024-11-12","16:13:53",2024-11-12 16:13:53,2024-11-12 16:15:52,119,FALSE,""
"1-Nov-SWH-TR-7","2024-11-12","15:57:09",2024-11-12 15:57:09,2024-11-12 15:59:08,119,FALSE,""
"1-Nov-SWH-TR-7a","2024-11-12","16:05:34",2024-11-12 16:05:34,2024-11-12 16:07:33,119,FALSE,""
"1-Nov-SWH-TR-8","2024-11-12","15:49:27",2024-11-12 15:49:27,2024-11-12 15:51:26,119,FALSE,""
"1-Nov-SWH-TR-9","2024-11-12","15:26:24",2024-11-12 15:26:24,2024-11-12 15:28:23,119,FALSE,""
"1-Nov-SWH-TR-9a","2024-11-12","15:33:54",2024-11-12 15:33:54,2024-11-12 15:35:53,119,FALSE,""
"1-Nov-SWH-UP-1","2024-11-13","10:09:59",2024-11-13 10:09:59,2024-11-13 10:11:58,119,FALSE,""
"1-Nov-SWH-UP-2","2024-11-13","10:15:44",2024-11-13 10:15:44,2024-11-13 10:17:43,119,FALSE,""
"1-Nov-SWH-UP-3","2024-11-13","10:21:17",2024-11-13 10:21:17,2024-11-13 10:23:16,119,FALSE,""
"1-Nov-SWH-UP-4","2024-11-13","10:27:01",2024-11-13 10:27:01,2024-11-13 10:29:00,119,FALSE,""
"1-Nov-SWH-UP-5","2024-11-13","10:32:31",2024-11-13 10:32:31,2024-11-13 10:34:30,119,FALSE,""
"1-Oct-GCW-TR-1","2024-10-02","11:14:52",2024-10-02 11:14:52,2024-10-02 11:15:51,59,FALSE,""
"1-Oct-GCW-TR-2","2024-10-02","11:19:31",2024-10-02 11:19:31,2024-10-02 11:20:30,59,FALSE,""
"1-Oct-GCW-TR-3","2024-10-02","11:23:47",2024-10-02 11:23:47,2024-10-02 11:24:46,59,FALSE,""
"1-Oct-GCW-TR-4","2024-10-02","11:29:51",2024-10-02 11:29:51,2024-10-02 11:30:50,59,FALSE,""
"1-Oct-GCW-TR-5","2024-10-02","11:33:48",2024-10-02 11:33:48,2024-10-02 11:34:47,59,FALSE,""
"1-Oct-GCW-UP-1","2024-10-02","11:39:28",2024-10-02 11:39:28,2024-10-02 11:40:27,59,FALSE,""
"1-Oct-GCW-UP-2","2024-10-02","11:47:33",2024-10-02 11:47:33,2024-10-02 11:48:32,59,FALSE,""
"1-Oct-GCW-UP-3","2024-10-02","11:51:15",2024-10-02 11:51:15,2024-10-02 11:52:14,59,FALSE,""
"1-Oct-GCW-UP-4","2024-10-02","11:55:31",2024-10-02 11:55:31,2024-10-02 11:56:30,59,FALSE,""
"1-Oct-GCW-UP-5","2024-10-02","11:43:23",2024-10-02 11:43:23,2024-10-02 11:44:22,59,FALSE,""
"1-Oct-GWI-TR-1","2024-10-23","12:28:23",2024-10-23 12:28:23,2024-10-23 12:29:22,59,FALSE,""
"1-Oct-GWI-TR-2","2024-10-23","12:32:30",2024-10-23 12:32:30,2024-10-23 12:33:29,59,FALSE,""
"1-Oct-GWI-TR-2a","2024-10-23","12:35:30",2024-10-23 12:35:30,2024-10-23 12:36:29,59,FALSE,""
"1-Oct-GWI-TR-3","2024-10-23","12:39:47",2024-10-23 12:39:47,2024-10-23 12:40:46,59,FALSE,""
"1-Oct-GWI-TR-3a","2024-10-23","12:42:46",2024-10-23 12:42:46,2024-10-23 12:43:45,59,FALSE,""
"1-Oct-GWI-TR-4","2024-10-23","12:48:25",2024-10-23 12:48:25,2024-10-23 12:49:24,59,FALSE,""
"1-Oct-GWI-TR-4a","2024-10-23","12:51:24",2024-10-23 12:51:24,2024-10-23 12:52:23,59,FALSE,""
"1-Oct-GWI-TR-5","2024-10-23","12:56:33",2024-10-23 12:56:33,2024-10-23 12:57:32,59,FALSE,""
"1-Oct-GWI-UP-1","2024-10-23","13:01:56",2024-10-23 13:01:56,2024-10-23 13:02:55,59,FALSE,""
"1-Oct-GWI-UP-2","2024-10-23","13:05:38",2024-10-23 13:05:38,2024-10-23 13:06:37,59,FALSE,""
"1-Oct-GWI-UP-3","2024-10-23","13:10:16",2024-10-23 13:10:16,2024-10-23 13:11:15,59,FALSE,""
"1-Oct-GWI-UP-4","2024-10-23","13:14:28",2024-10-23 13:14:28,2024-10-23 13:15:27,59,FALSE,""
"1-Oct-GWI-UP-5","2024-10-23","13:18:32",2024-10-23 13:18:32,2024-10-23 13:19:31,59,FALSE,""
"1-Oct-MSM-TR-1a","2024-10-17","13:13:08",2024-10-17 13:13:08,2024-10-17 13:14:07,59,FALSE,""
"1-Oct-MSM-TR-2","2024-10-17","13:17:19",2024-10-17 13:17:19,2024-10-17 13:18:19,60,FALSE,""
"1-Oct-MSM-TR-3","2024-10-17","13:21:27",2024-10-17 13:21:27,2024-10-17 13:22:26,59,FALSE,""
"1-Oct-MSM-TR-4","2024-10-17","13:25:25",2024-10-17 13:25:25,2024-10-17 13:26:24,59,FALSE,""
"1-Oct-MSM-TR-5","2024-10-17","13:29:20",2024-10-17 13:29:20,2024-10-17 13:30:19,59,FALSE,""
"1-Oct-MSM-UP-1","2024-10-17","13:36:10",2024-10-17 13:36:10,2024-10-17 13:37:09,59,FALSE,""
"1-Oct-MSM-UP-2","2024-10-17","13:40:26",2024-10-17 13:40:26,2024-10-17 13:41:25,59,FALSE,""
"1-Oct-MSM-UP-3","2024-10-17","13:44:08",2024-10-17 13:44:08,2024-10-17 13:45:07,59,FALSE,""
"1-Oct-MSM-UP-4","2024-10-17","13:48:03",2024-10-17 13:48:03,2024-10-17 13:49:02,59,FALSE,""
"1-Oct-MSM-UP-5","2024-10-17","13:51:58",2024-10-17 13:51:58,2024-10-17 13:52:57,59,FALSE,""
"1-Oct-SWH-SWAMP-1","2024-10-22","13:34:37",2024-10-22 13:34:37,2024-10-22 13:35:36,59,FALSE,""
"1-Oct-SWH-SWAMP-1a","2024-10-22","13:37:39",2024-10-22 13:37:39,2024-10-22 13:38:38,59,FALSE,""
"1-Oct-SWH-SWAMP-2","2024-10-22","13:41:41",2024-10-22 13:41:41,2024-10-22 13:42:40,59,FALSE,""
"1-Oct-SWH-SWAMP-3a","2024-10-22","13:46:49",2024-10-22 13:46:49,2024-10-22 13:47:48,59,FALSE,""
"1-Oct-SWH-SWAMP-4","2024-10-22","13:50:41",2024-10-22 13:50:41,2024-10-22 13:51:40,59,FALSE,""
"1-Oct-SWH-SWAMP-5","2024-10-22","13:55:36",2024-10-22 13:55:36,2024-10-22 13:56:35,59,FALSE,""
"1-Oct-SWH-SWAMP-5a","2024-10-22","13:58:34",2024-10-22 13:58:34,2024-10-22 13:59:33,59,FALSE,""
"1-Oct-SWH-TR-10","2024-10-24","10:27:18",2024-10-24 10:27:18,2024-10-24 10:29:17,119,FALSE,""
"1-Oct-SWH-TR-1a","2024-10-24","09:46:57",2024-10-24 09:46:57,2024-10-24 09:48:56,119,FALSE,""
"1-Oct-SWH-TR-2","2024-10-24","09:53:26",2024-10-24 09:53:26,2024-10-24 09:55:25,119,FALSE,""
"1-Oct-SWH-TR-2a","2024-10-24","09:55:48",2024-10-24 09:55:48,2024-10-24 09:57:47,119,FALSE,""
"1-Oct-SWH-TR-3","2024-10-24","09:22:11",2024-10-24 09:22:11,2024-10-24 09:24:10,119,FALSE,""
"1-Oct-SWH-TR-3a","2024-10-24","09:27:12",2024-10-24 09:27:12,2024-10-24 09:29:11,119,FALSE,""
"1-Oct-SWH-TR-4","2024-10-24","10:21:41",2024-10-24 10:21:41,2024-10-24 10:23:40,119,FALSE,""
"1-Oct-SWH-TR-5","2024-10-24","10:08:38",2024-10-24 10:08:38,2024-10-24 10:10:37,119,FALSE,""
"1-Oct-SWH-TR-6a","2024-10-24","09:37:46",2024-10-24 09:37:46,2024-10-24 09:39:45,119,FALSE,""
"1-Oct-SWH-TR-7","2024-10-24","10:01:30",2024-10-24 10:01:30,2024-10-24 10:03:29,119,FALSE,""
"1-Oct-SWH-TR-8","2024-10-24","09:12:25",2024-10-24 09:12:25,2024-10-24 09:14:24,119,FALSE,""
"1-Oct-SWH-TR-8a","2024-10-24","09:15:37",2024-10-24 09:15:37,2024-10-24 09:17:36,119,FALSE,""
"1-Oct-SWH-TR-9","2024-10-24","10:14:47",2024-10-24 10:14:47,2024-10-24 10:16:46,119,FALSE,""
"1-Oct-SWH-UP-1","2024-10-22","13:04:19",2024-10-22 13:04:19,2024-10-22 13:05:18,59,FALSE,""
"1-Oct-SWH-UP-2","2024-10-22","13:08:00",2024-10-22 13:08:00,2024-10-22 13:08:59,59,FALSE,""
"1-Oct-SWH-UP-3","2024-10-22","13:11:34",2024-10-22 13:11:34,2024-10-22 13:12:33,59,FALSE,""
"1-Oct-SWH-UP-4","2024-10-22","13:15:14",2024-10-22 13:15:14,2024-10-22 13:16:13,59,FALSE,""
"1-Oct-SWH-UP-4a","2024-10-22","13:19:29",2024-10-22 13:19:29,2024-10-22 13:20:28,59,FALSE,""
"1-Oct-SWH-UP-4b","2024-10-22","13:22:29",2024-10-22 13:22:29,2024-10-22 13:23:28,59,FALSE,""
"1-Oct-SWH-UP-5","2024-10-22","13:26:25",2024-10-22 13:26:25,2024-10-22 13:27:24,59,FALSE,""
"1-Sep-GCW-TR-1","2024-09-10","13:26:02",2024-09-10 13:26:02,2024-09-10 13:27:01,59,FALSE,""
"1-Sep-GCW-TR-2","2024-09-10","13:21:42",2024-09-10 13:21:42,2024-09-10 13:22:41,59,FALSE,""
"1-Sep-GCW-TR-3","2024-09-10","13:17:54",2024-09-10 13:17:54,2024-09-10 13:18:53,59,FALSE,""
"1-Sep-GCW-TR-4","2024-09-10","13:13:48",2024-09-10 13:13:48,2024-09-10 13:14:47,59,FALSE,""
"1-Sep-GCW-TR-5","2024-09-10","13:07:14",2024-09-10 13:07:14,2024-09-10 13:08:13,59,FALSE,""
"1-Sep-GCW-UP-1","2024-09-10","12:42:11",2024-09-10 12:42:11,2024-09-10 12:43:10,59,FALSE,""
"1-Sep-GCW-UP-2","2024-09-10","12:51:07",2024-09-10 12:51:07,2024-09-10 12:52:06,59,FALSE,""
"1-Sep-GCW-UP-3","2024-09-10","12:55:29",2024-09-10 12:55:29,2024-09-10 12:56:28,59,FALSE,""
"1-Sep-GCW-UP-4","2024-09-10","12:59:53",2024-09-10 12:59:53,2024-09-10 13:00:52,59,FALSE,""
"1-Sep-GCW-UP-5","2024-09-10","12:46:40",2024-09-10 12:46:40,2024-09-10 12:47:39,59,FALSE,""
"1-Sep-GWI-TR-1","2024-09-26","12:22:00",2024-09-26 12:22:00,2024-09-26 12:23:59,119,FALSE,""
"1-Sep-GWI-TR-2","2024-09-26","12:27:53",2024-09-26 12:27:53,2024-09-26 12:29:52,119,FALSE,""
"1-Sep-GWI-TR-3","2024-09-26","12:34:22",2024-09-26 12:34:22,2024-09-26 12:36:21,119,FALSE,""
"1-Sep-GWI-TR-4","2024-09-26","12:41:14",2024-09-26 12:41:14,2024-09-26 12:43:13,119,FALSE,""
"1-Sep-GWI-TR-5","2024-09-26","12:47:35",2024-09-26 12:47:35,2024-09-26 12:49:34,119,FALSE,""
"1-Sep-GWI-UP-1","2024-09-26","12:54:40",2024-09-26 12:54:40,2024-09-26 12:56:39,119,FALSE,""
"1-Sep-GWI-UP-2","2024-09-26","13:01:27",2024-09-26 13:01:27,2024-09-26 13:03:26,119,FALSE,""
"1-Sep-GWI-UP-3","2024-09-26","13:08:11",2024-09-26 13:08:11,2024-09-26 13:10:10,119,FALSE,""
"1-Sep-GWI-UP-4","2024-09-26","13:14:53",2024-09-26 13:14:53,2024-09-26 13:16:52,119,FALSE,""
"1-Sep-GWI-UP-5","2024-09-26","13:21:26",2024-09-26 13:21:26,2024-09-26 13:23:25,119,FALSE,""
"1-Sep-MSM-TR-1","2024-09-12","12:41:08",2024-09-12 12:41:08,2024-09-12 12:42:07,59,FALSE,""
"1-Sep-MSM-TR-2","2024-09-12","12:44:58",2024-09-12 12:44:58,2024-09-12 12:45:57,59,FALSE,""
"1-Sep-MSM-TR-3","2024-09-12","12:48:41",2024-09-12 12:48:41,2024-09-12 12:49:40,59,FALSE,""
"1-Sep-MSM-TR-4","2024-09-12","12:52:27",2024-09-12 12:52:27,2024-09-12 12:53:26,59,FALSE,""
"1-Sep-MSM-TR-5","2024-09-12","12:57:35",2024-09-12 12:57:35,2024-09-12 12:58:34,59,FALSE,""
"1-Sep-MSM-UP-1","2024-09-12","13:03:37",2024-09-12 13:03:37,2024-09-12 13:04:36,59,FALSE,""
"1-Sep-MSM-UP-2","2024-09-12","13:07:32",2024-09-12 13:07:32,2024-09-12 13:08:32,60,FALSE,""
"1-Sep-MSM-UP-3","2024-09-12","13:10:59",2024-09-12 13:10:59,2024-09-12 13:11:58,59,FALSE,""
"1-Sep-MSM-UP-4","2024-09-12","13:14:50",2024-09-12 13:14:50,2024-09-12 13:15:49,59,FALSE,""
"1-Sep-MSM-UP-5","2024-09-12","13:18:47",2024-09-12 13:18:47,2024-09-12 13:19:46,59,FALSE,""
"1-Sep-SWH-SWAMP-1","2024-09-25","11:03:08",2024-09-25 11:03:08,2024-09-25 11:04:07,59,FALSE,""
"1-Sep-SWH-SWAMP-1a","2024-09-25","11:07:00",2024-09-25 11:07:00,2024-09-25 11:07:59,59,FALSE,""
"1-Sep-SWH-SWAMP-2","2024-09-25","10:54:47",2024-09-25 10:54:47,2024-09-25 10:55:46,59,FALSE,""
"1-Sep-SWH-SWAMP-3","2024-09-25","10:43:42",2024-09-25 10:43:42,2024-09-25 10:44:41,59,FALSE,""
"1-Sep-SWH-SWAMP-4","2024-09-25","10:38:15",2024-09-25 10:38:15,2024-09-25 10:39:14,59,FALSE,""
"1-Sep-SWH-SWAMP-5","2024-09-25","10:48:48",2024-09-25 10:48:48,2024-09-25 10:49:47,59,FALSE,""
"1-Sep-SWH-TR-1","2024-09-25","11:31:08",2024-09-25 11:31:08,2024-09-25 11:32:07,59,FALSE,""
"1-Sep-SWH-TR-10","2024-09-25","13:09:47",2024-09-25 13:09:47,2024-09-25 13:11:46,119,FALSE,""
"1-Sep-SWH-TR-1a","2024-09-25","11:34:39",2024-09-25 11:34:39,2024-09-25 11:35:38,59,FALSE,""
"1-Sep-SWH-TR-2","2024-09-25","11:21:01",2024-09-25 11:21:01,2024-09-25 11:22:00,59,FALSE,""
"1-Sep-SWH-TR-2a","2024-09-25","11:26:03",2024-09-25 11:26:03,2024-09-25 11:27:02,59,FALSE,""
"1-Sep-SWH-TR-3","2024-09-25","11:41:20",2024-09-25 11:41:20,2024-09-25 11:42:19,59,FALSE,""
"1-Sep-SWH-TR-3a","2024-09-25","11:44:38",2024-09-25 11:44:38,2024-09-25 11:45:37,59,FALSE,""
"1-Sep-SWH-TR-4","2024-09-25","11:50:21",2024-09-25 11:50:21,2024-09-25 11:51:20,59,FALSE,""
"1-Sep-SWH-TR-4a","2024-09-25","11:53:35",2024-09-25 11:53:35,2024-09-25 11:54:34,59,FALSE,""
"1-Sep-SWH-TR-5","2024-09-25","11:59:49",2024-09-25 11:59:49,2024-09-25 12:00:48,59,FALSE,""
"1-Sep-SWH-TR-5a","2024-09-25","12:04:31",2024-09-25 12:04:31,2024-09-25 12:05:30,59,FALSE,""
"1-Sep-SWH-TR-6","2024-09-25","12:27:54",2024-09-25 12:27:54,2024-09-25 12:29:53,119,FALSE,""
"1-Sep-SWH-TR-6a","2024-09-25","12:36:40",2024-09-25 12:36:40,2024-09-25 12:38:39,119,FALSE,""
"1-Sep-SWH-TR-7","2024-09-25","12:11:17",2024-09-25 12:11:17,2024-09-25 12:13:16,119,FALSE,""
"1-Sep-SWH-TR-7a","2024-09-25","12:17:22",2024-09-25 12:17:22,2024-09-25 12:19:21,119,FALSE,""
"1-Sep-SWH-TR-8","2024-09-25","12:47:30",2024-09-25 12:47:30,2024-09-25 12:49:29,119,FALSE,""
"1-Sep-SWH-TR-8a","2024-09-25","12:53:31",2024-09-25 12:53:31,2024-09-25 12:55:30,119,FALSE,""
"1-Sep-SWH-TR-8b","2024-09-25","13:20:00",2024-09-25 13:20:00,2024-09-25 13:21:59,119,FALSE,""
"1-Sep-SWH-TR-9","2024-09-25","13:02:55",2024-09-25 13:02:55,2024-09-25 13:04:54,119,FALSE,""
"1-Sep-SWH-UP-1","2024-09-25","10:13:48",2024-09-25 10:13:48,2024-09-25 10:14:47,59,FALSE,""
"1-Sep-SWH-UP-2","2024-09-25","10:08:32",2024-09-25 10:08:32,2024-09-25 10:09:31,59,FALSE,""
"1-Sep-SWH-UP-3","2024-09-25","10:22:43",2024-09-25 10:22:43,2024-09-25 10:23:42,59,FALSE,""
"1-Sep-SWH-UP-4","2024-09-25","10:17:45",2024-09-25 10:17:45,2024-09-25 10:18:44,59,FALSE,""
"1-Sep-SWH-UP-5","2024-09-25","10:26:52",2024-09-25 10:26:52,2024-09-25 10:27:51,59,FALSE,""
"2-Apr-GCW-TR-1","2024-04-09","14:36:37",2024-04-09 14:36:37,2024-04-09 14:37:36,59,FALSE,""
"2-Apr-GCW-TR-2","2024-04-09","14:40:23",2024-04-09 14:40:23,2024-04-09 14:41:22,59,FALSE,""
"2-Apr-GCW-TR-3","2024-04-09","14:44:13",2024-04-09 14:44:13,2024-04-09 14:45:12,59,FALSE,""
"2-Apr-GCW-TR-4","2024-04-09","14:47:47",2024-04-09 14:47:47,2024-04-09 14:48:46,59,FALSE,""
"2-Apr-GCW-TR-5","2024-04-09","14:51:48",2024-04-09 14:51:48,2024-04-09 14:52:47,59,FALSE,""
"2-Apr-GCW-UP-1","2024-04-09","14:56:58",2024-04-09 14:56:58,2024-04-09 14:57:57,59,FALSE,""
"2-Apr-GCW-UP-2","2024-04-09","15:04:51",2024-04-09 15:04:51,2024-04-09 15:05:50,59,FALSE,""
"2-Apr-GCW-UP-3","2024-04-09","15:08:34",2024-04-09 15:08:34,2024-04-09 15:09:33,59,FALSE,""
"2-Apr-GCW-UP-4","2024-04-09","15:12:16",2024-04-09 15:12:16,2024-04-09 15:13:15,59,FALSE,""
"2-Apr-GCW-UP-5","2024-04-09","15:00:50",2024-04-09 15:00:50,2024-04-09 15:01:49,59,FALSE,""
"2-Apr-GWI-TR-1","2024-04-24","11:43:20",2024-04-24 11:43:20,2024-04-24 11:44:19,59,FALSE,""
"2-Apr-GWI-TR-2","2024-04-24","11:47:52",2024-04-24 11:47:52,2024-04-24 11:48:51,59,FALSE,""
"2-Apr-GWI-TR-3","2024-04-24","11:52:13",2024-04-24 11:52:13,2024-04-24 11:53:12,59,FALSE,""
"2-Apr-GWI-TR-4","2024-04-24","11:56:28",2024-04-24 11:56:28,2024-04-24 11:57:27,59,FALSE,""
"2-Apr-GWI-TR-4a","2024-04-24","11:59:59",2024-04-24 11:59:59,2024-04-24 12:00:58,59,FALSE,""
"2-Apr-GWI-TR-5","2024-04-24","12:04:30",2024-04-24 12:04:30,2024-04-24 12:05:30,60,FALSE,""
"2-Apr-GWI-UP-1","2024-04-24","12:11:32",2024-04-24 12:11:32,2024-04-24 12:12:31,59,FALSE,""
"2-Apr-GWI-UP-2","2024-04-24","12:15:57",2024-04-24 12:15:57,2024-04-24 12:16:56,59,FALSE,""
"2-Apr-GWI-UP-3","2024-04-24","12:20:24",2024-04-24 12:20:24,2024-04-24 12:21:23,59,FALSE,""
"2-Apr-GWI-UP-4","2024-04-24","12:24:44",2024-04-24 12:24:44,2024-04-24 12:25:43,59,FALSE,""
"2-Apr-GWI-UP-5","2024-04-24","12:29:54",2024-04-24 12:29:54,2024-04-24 12:30:53,59,FALSE,""
"2-Apr-MSM-TR-1","2024-04-11","13:04:11",2024-04-11 13:04:11,2024-04-11 13:05:10,59,FALSE,""
"2-Apr-MSM-TR-2","2024-04-11","12:42:40",2024-04-11 12:42:40,2024-04-11 12:43:39,59,FALSE,""
"2-Apr-MSM-TR-3","2024-04-11","12:48:03",2024-04-11 12:48:03,2024-04-11 12:49:02,59,FALSE,""
"2-Apr-MSM-TR-4","2024-04-11","12:52:23",2024-04-11 12:52:23,2024-04-11 12:53:21,58,FALSE,""
"2-Apr-MSM-TR-5","2024-04-11","12:56:24",2024-04-11 12:56:24,2024-04-11 12:57:23,59,FALSE,""
"2-Apr-MSM-UP-1","2024-04-11","13:24:16",2024-04-11 13:24:16,2024-04-11 13:25:14,58,FALSE,""
"2-Apr-MSM-UP-2","2024-04-11","13:16:59",2024-04-11 13:16:59,2024-04-11 13:17:58,59,FALSE,""
"2-Apr-MSM-UP-3","2024-04-11","13:20:33",2024-04-11 13:20:33,2024-04-11 13:21:32,59,FALSE,""
"2-Apr-MSM-UP-4","2024-04-11","13:12:54",2024-04-11 13:12:54,2024-04-11 13:13:53,59,FALSE,""
"2-Apr-MSM-UP-5","2024-04-11","13:09:07",2024-04-11 13:09:07,2024-04-11 13:10:06,59,FALSE,""
"2-Aug-GCW-TR-1","2024-08-13","11:40:20",2024-08-13 11:40:20,2024-08-13 11:41:19,59,FALSE,""
"2-Aug-GCW-TR-2","2024-08-13","11:46:04",2024-08-13 11:46:04,2024-08-13 11:47:03,59,FALSE,""
"2-Aug-GCW-TR-2-b","2024-08-13","11:49:25",2024-08-13 11:49:25,2024-08-13 11:50:24,59,FALSE,""
"2-Aug-GCW-TR-3","2024-08-13","11:59:07",2024-08-13 11:59:07,2024-08-13 12:00:06,59,FALSE,""
"2-Aug-GCW-TR-4","2024-08-13","11:54:01",2024-08-13 11:54:01,2024-08-13 11:55:00,59,FALSE,""
"2-Aug-GCW-TR-5","2024-08-13","12:03:52",2024-08-13 12:03:52,2024-08-13 12:04:51,59,FALSE,""
"2-Aug-GCW-UP-1","2024-08-13","12:30:22",2024-08-13 12:30:22,2024-08-13 12:31:21,59,FALSE,""
"2-Aug-GCW-UP-2","2024-08-13","12:14:21",2024-08-13 12:14:21,2024-08-13 12:15:20,59,FALSE,""
"2-Aug-GCW-UP-3","2024-08-13","12:20:30",2024-08-13 12:20:30,2024-08-13 12:21:29,59,FALSE,""
"2-Aug-GCW-UP-4","2024-08-13","12:25:56",2024-08-13 12:25:56,2024-08-13 12:26:55,59,FALSE,""
"2-Aug-GCW-UP-5","2024-08-13","12:09:59",2024-08-13 12:09:59,2024-08-13 12:10:58,59,FALSE,""
"2-Aug-GWI-TR-1","2024-08-22","11:08:40",2024-08-22 11:08:40,2024-08-22 11:09:39,59,FALSE,""
"2-Aug-GWI-TR-2","2024-08-22","11:12:37",2024-08-22 11:12:37,2024-08-22 11:13:36,59,FALSE,""
"2-Aug-GWI-TR-3","2024-08-22","11:16:21",2024-08-22 11:16:21,2024-08-22 11:17:19,58,FALSE,""
"2-Aug-GWI-TR-4","2024-08-22","11:20:24",2024-08-22 11:20:24,2024-08-22 11:21:23,59,FALSE,""
"2-Aug-GWI-TR-5","2024-08-22","11:04:47",2024-08-22 11:04:47,2024-08-22 11:05:46,59,FALSE,""
"2-Aug-GWI-UP-1","2024-08-22","11:36:57",2024-08-22 11:36:57,2024-08-22 11:37:56,59,FALSE,""
"2-Aug-GWI-UP-2","2024-08-22","11:40:32",2024-08-22 11:40:32,2024-08-22 11:41:31,59,FALSE,""
"2-Aug-GWI-UP-3","2024-08-22","11:44:12",2024-08-22 11:44:12,2024-08-22 11:45:11,59,FALSE,""
"2-Aug-GWI-UP-4","2024-08-22","11:48:14",2024-08-22 11:48:14,2024-08-22 11:49:13,59,FALSE,""
"2-Aug-GWI-UP-5","2024-08-22","11:52:28",2024-08-22 11:52:28,2024-08-22 11:53:27,59,FALSE,""
"2-Aug-MSM-TR-1","2024-08-15","12:59:07",2024-08-15 12:59:07,2024-08-15 13:00:06,59,FALSE,""
"2-Aug-MSM-TR-2","2024-08-15","13:02:47",2024-08-15 13:02:47,2024-08-15 13:03:46,59,FALSE,""
"2-Aug-MSM-TR-3","2024-08-15","13:06:38",2024-08-15 13:06:38,2024-08-15 13:07:37,59,FALSE,""
"2-Aug-MSM-TR-4","2024-08-15","13:10:50",2024-08-15 13:10:50,2024-08-15 13:11:49,59,FALSE,""
"2-Aug-MSM-TR-5","2024-08-15","13:14:46",2024-08-15 13:14:46,2024-08-15 13:15:45,59,FALSE,""
"2-Aug-MSM-UP-1","2024-08-15","13:22:40",2024-08-15 13:22:40,2024-08-15 13:23:39,59,FALSE,""
"2-Aug-MSM-UP-2","2024-08-15","13:27:10",2024-08-15 13:27:10,2024-08-15 13:28:09,59,FALSE,""
"2-Aug-MSM-UP-3","2024-08-15","13:30:41",2024-08-15 13:30:41,2024-08-15 13:31:40,59,FALSE,""
"2-Aug-MSM-UP-4","2024-08-15","13:34:28",2024-08-15 13:34:28,2024-08-15 13:35:26,58,FALSE,""
"2-Aug-MSM-UP-5","2024-08-15","13:38:48",2024-08-15 13:38:48,2024-08-15 13:39:47,59,FALSE,""
"2-Aug-SWH-SWAMP-1","2024-08-20","11:19:49",2024-08-20 11:19:49,2024-08-20 11:20:48,59,FALSE,""
"2-Aug-SWH-SWAMP-1a","2024-08-20","11:22:48",2024-08-20 11:22:48,2024-08-20 11:23:47,59,FALSE,""
"2-Aug-SWH-SWAMP-2","2024-08-20","11:14:55",2024-08-20 11:14:55,2024-08-20 11:15:54,59,FALSE,""
"2-Aug-SWH-SWAMP-3","2024-08-20","11:28:26",2024-08-20 11:28:26,2024-08-20 11:29:25,59,FALSE,""
"2-Aug-SWH-SWAMP-4","2024-08-20","11:38:32",2024-08-20 11:38:32,2024-08-20 11:39:31,59,FALSE,""
"2-Aug-SWH-SWAMP-5","2024-08-20","11:33:24",2024-08-20 11:33:24,2024-08-20 11:34:23,59,FALSE,""
"2-Aug-SWH-TR-1","2024-08-20","10:09:35",2024-08-20 10:09:35,2024-08-20 10:10:34,59,FALSE,""
"2-Aug-SWH-TR-10","2024-08-20","10:58:13",2024-08-20 10:58:13,2024-08-20 10:59:12,59,FALSE,""
"2-Aug-SWH-TR-10a","2024-08-20","11:01:12",2024-08-20 11:01:12,2024-08-20 11:02:11,59,FALSE,""
"2-Aug-SWH-TR-2a","2024-08-20","09:48:38",2024-08-20 09:48:38,2024-08-20 09:49:37,59,FALSE,""
"2-Aug-SWH-TR-2b","2024-08-20","09:55:02",2024-08-20 09:55:02,2024-08-20 09:56:01,59,FALSE,""
"2-Aug-SWH-TR-2c","2024-08-20","09:58:12",2024-08-20 09:58:12,2024-08-20 09:59:11,59,FALSE,""
"2-Aug-SWH-TR-3","2024-08-20","10:31:32",2024-08-20 10:31:32,2024-08-20 10:32:31,59,FALSE,""
"2-Aug-SWH-TR-3a","2024-08-20","10:34:33",2024-08-20 10:34:33,2024-08-20 10:35:32,59,FALSE,""
"2-Aug-SWH-TR-4","2024-08-20","10:53:27",2024-08-20 10:53:27,2024-08-20 10:54:26,59,FALSE,""
"2-Aug-SWH-TR-5","2024-08-20","10:39:16",2024-08-20 10:39:16,2024-08-20 10:40:16,60,FALSE,""
"2-Aug-SWH-TR-6","2024-08-20","10:14:10",2024-08-20 10:14:10,2024-08-20 10:15:09,59,FALSE,""
"2-Aug-SWH-TR-6a","2024-08-20","10:18:52",2024-08-20 10:18:52,2024-08-20 10:19:51,59,FALSE,""
"2-Aug-SWH-TR-7","2024-08-20","10:01:40",2024-08-20 10:01:40,2024-08-20 10:02:39,59,FALSE,""
"2-Aug-SWH-TR-7a","2024-08-20","10:04:47",2024-08-20 10:04:47,2024-08-20 10:05:46,59,FALSE,""
"2-Aug-SWH-TR-8","2024-08-20","10:23:37",2024-08-20 10:23:37,2024-08-20 10:24:36,59,FALSE,""
"2-Aug-SWH-TR-8a","2024-08-20","10:26:35",2024-08-20 10:26:35,2024-08-20 10:27:34,59,FALSE,""
"2-Aug-SWH-TR-9","2024-08-20","10:46:09",2024-08-20 10:46:09,2024-08-20 10:47:08,59,FALSE,""
"2-Aug-SWH-TR-9a","2024-08-20","10:49:08",2024-08-20 10:49:08,2024-08-20 10:50:07,59,FALSE,""
"2-Aug-SWH-UP-1","2024-08-20","11:43:38",2024-08-20 11:43:38,2024-08-20 11:44:37,59,FALSE,""
"2-Aug-SWH-UP-1a","2024-08-21","13:00:57",2024-08-21 13:00:57,2024-08-21 13:01:56,59,FALSE,""
"2-Aug-SWH-UP-2a","2024-08-21","13:05:54",2024-08-21 13:05:54,2024-08-21 13:06:53,59,FALSE,""
"2-Aug-SWH-UP-3a","2024-08-21","13:13:55",2024-08-21 13:13:55,2024-08-21 13:14:54,59,FALSE,""
"2-Aug-SWH-UP-4a","2024-08-21","13:18:25",2024-08-21 13:18:25,2024-08-21 13:19:24,59,FALSE,""
"2-Aug-SWH-UP-5a","2024-08-21","13:25:00",2024-08-21 13:25:00,2024-08-21 13:25:58,58,FALSE,""
"2-Aug-Test2","2024-08-13","16:40:01",2024-08-13 16:40:01,2024-08-13 16:41:00,59,FALSE,""
"2-Jul-GCW-TR-1","2024-07-16","10:39:49",2024-07-16 10:39:49,2024-07-16 10:40:48,59,FALSE,""
"2-Jul-GCW-TR-1a","2024-07-16","10:44:50",2024-07-16 10:44:50,2024-07-16 10:45:49,59,FALSE,""
"2-Jul-GCW-TR-1b","2024-07-16","10:52:25",2024-07-16 10:52:25,2024-07-16 10:53:24,59,FALSE,""
"2-Jul-GCW-TR-2","2024-07-16","10:57:11",2024-07-16 10:57:11,2024-07-16 10:58:10,59,FALSE,""
"2-Jul-GCW-TR-3","2024-07-16","11:01:04",2024-07-16 11:01:04,2024-07-16 11:02:03,59,FALSE,""
"2-Jul-GCW-TR-4","2024-07-16","11:04:57",2024-07-16 11:04:57,2024-07-16 11:05:56,59,FALSE,""
"2-Jul-GCW-TR-5","2024-07-16","11:09:32",2024-07-16 11:09:32,2024-07-16 11:10:31,59,FALSE,""
"2-Jul-GCW-UP-1","2024-07-16","11:14:41",2024-07-16 11:14:41,2024-07-16 11:15:40,59,FALSE,""
"2-Jul-GCW-UP-2","2024-07-16","11:22:01",2024-07-16 11:22:01,2024-07-16 11:23:00,59,FALSE,""
"2-Jul-GCW-UP-3","2024-07-16","11:25:25",2024-07-16 11:25:25,2024-07-16 11:26:24,59,FALSE,""
"2-Jul-GCW-UP-4","2024-07-16","11:28:56",2024-07-16 11:28:56,2024-07-16 11:29:55,59,FALSE,""
"2-Jul-GCW-UP-5","2024-07-16","11:18:24",2024-07-16 11:18:24,2024-07-16 11:19:23,59,FALSE,""
"2-Jul-GWI-TR-1","2024-07-25","10:28:13",2024-07-25 10:28:13,2024-07-25 10:29:12,59,FALSE,""
"2-Jul-GWI-TR-1a","2024-07-25","10:32:17",2024-07-25 10:32:17,2024-07-25 10:33:16,59,FALSE,""
"2-Jul-GWI-TR-2","2024-07-25","10:36:57",2024-07-25 10:36:57,2024-07-25 10:37:56,59,FALSE,""
"2-Jul-GWI-TR-3","2024-07-25","10:41:27",2024-07-25 10:41:27,2024-07-25 10:42:26,59,FALSE,""
"2-Jul-GWI-TR-4","2024-07-25","10:46:30",2024-07-25 10:46:30,2024-07-25 10:47:29,59,FALSE,""
"2-Jul-GWI-TR-5","2024-07-25","10:50:59",2024-07-25 10:50:59,2024-07-25 10:51:58,59,FALSE,""
"2-Jul-GWI-UP-1","2024-07-25","10:19:11",2024-07-25 10:19:11,2024-07-25 10:20:10,59,FALSE,""
"2-Jul-GWI-UP-2a","2024-07-25","10:01:08",2024-07-25 10:01:08,2024-07-25 10:02:07,59,FALSE,""
"2-Jul-GWI-UP-3","2024-07-25","10:05:01",2024-07-25 10:05:01,2024-07-25 10:06:00,59,FALSE,""
"2-Jul-GWI-UP-4","2024-07-25","10:09:27",2024-07-25 10:09:27,2024-07-25 10:10:26,59,FALSE,""
"2-Jul-GWI-UP-5","2024-07-25","10:14:45",2024-07-25 10:14:45,2024-07-25 10:15:44,59,FALSE,""
"2-Jul-MSM-TR-1","2024-07-18","13:57:54",2024-07-18 13:57:54,2024-07-18 13:58:53,59,FALSE,""
"2-Jul-MSM-TR-2","2024-07-18","13:53:55",2024-07-18 13:53:55,2024-07-18 13:54:54,59,FALSE,""
"2-Jul-MSM-TR-3","2024-07-18","13:49:15",2024-07-18 13:49:15,2024-07-18 13:50:14,59,FALSE,""
"2-Jul-MSM-TR-4","2024-07-18","13:44:59",2024-07-18 13:44:59,2024-07-18 13:45:58,59,FALSE,""
"2-Jul-MSM-TR-5","2024-07-18","13:40:12",2024-07-18 13:40:12,2024-07-18 13:41:11,59,FALSE,""
"2-Jul-MSM-UP-1","2024-07-18","14:40:19",2024-07-18 14:40:19,2024-07-18 14:41:18,59,FALSE,""
"2-Jul-MSM-UP-2","2024-07-18","14:36:22",2024-07-18 14:36:22,2024-07-18 14:37:21,59,FALSE,""
"2-Jul-MSM-UP-3","2024-07-18","14:31:58",2024-07-18 14:31:58,2024-07-18 14:32:57,59,FALSE,""
"2-Jul-MSM-UP-4","2024-07-18","14:27:32",2024-07-18 14:27:32,2024-07-18 14:28:32,60,FALSE,""
"2-Jul-MSM-UP-5a","2024-07-18","14:23:45",2024-07-18 14:23:45,2024-07-18 14:24:44,59,FALSE,""
"2-Jul-SWH-SWAMP-1","2024-07-23","14:57:13",2024-07-23 14:57:13,2024-07-23 14:58:12,59,FALSE,""
"2-Jul-SWH-SWAMP-1a","2024-07-23","15:00:31",2024-07-23 15:00:31,2024-07-23 15:01:30,59,FALSE,""
"2-Jul-SWH-SWAMP-2","2024-07-23","15:04:50",2024-07-23 15:04:50,2024-07-23 15:05:49,59,FALSE,""
"2-Jul-SWH-SWAMP-2a","2024-07-23","15:38:02",2024-07-23 15:38:02,2024-07-23 15:39:01,59,FALSE,""
"2-Jul-SWH-SWAMP-3","2024-07-23","15:54:53",2024-07-23 15:54:53,2024-07-23 15:55:52,59,FALSE,""
"2-Jul-SWH-SWAMP-4","2024-07-23","15:59:28",2024-07-23 15:59:28,2024-07-23 16:00:27,59,FALSE,""
"2-Jul-SWH-SWAMP-4a","2024-07-23","16:02:44",2024-07-23 16:02:44,2024-07-23 16:03:43,59,FALSE,""
"2-Jul-SWH-SWAMP-5","2024-07-23","16:06:52",2024-07-23 16:06:52,2024-07-23 16:07:51,59,FALSE,""
"2-Jul-SWH-TR-1","2024-07-24","13:40:37",2024-07-24 13:40:37,2024-07-24 13:41:36,59,FALSE,""
"2-Jul-SWH-TR-10","2024-07-24","14:27:40",2024-07-24 14:27:40,2024-07-24 14:29:39,119,FALSE,""
"2-Jul-SWH-TR-1a","2024-07-24","13:46:35",2024-07-24 13:46:35,2024-07-24 13:47:34,59,FALSE,""
"2-Jul-SWH-TR-1b","2024-07-24","13:58:07",2024-07-24 13:58:07,2024-07-24 13:59:06,59,FALSE,""
"2-Jul-SWH-TR-2","2024-07-24","13:10:16",2024-07-24 13:10:16,2024-07-24 13:11:15,59,FALSE,""
"2-Jul-SWH-TR-2a","2024-07-24","13:22:34",2024-07-24 13:22:34,2024-07-24 13:23:33,59,FALSE,""
"2-Jul-SWH-TR-2b","2024-07-24","13:27:03",2024-07-24 13:27:03,2024-07-24 13:28:02,59,FALSE,""
"2-Jul-SWH-TR-2c","2024-07-24","13:31:15",2024-07-24 13:31:15,2024-07-24 13:32:14,59,FALSE,""
"2-Jul-SWH-TR-3","2024-07-24","14:08:49",2024-07-24 14:08:49,2024-07-24 14:09:48,59,FALSE,""
"2-Jul-SWH-TR-4","2024-07-24","14:20:46",2024-07-24 14:20:46,2024-07-24 14:21:45,59,FALSE,""
"2-Jul-SWH-TR-5","2024-07-24","14:16:23",2024-07-24 14:16:23,2024-07-24 14:17:22,59,FALSE,""
"2-Jul-SWH-TR-8a","2024-07-24","15:23:14",2024-07-24 15:23:14,2024-07-24 15:25:13,119,FALSE,""
"2-Jul-SWH-TR-8b","2024-07-24","15:28:56",2024-07-24 15:28:56,2024-07-24 15:30:55,119,FALSE,""
"2-Jul-SWH-TR-9b","2024-07-24","14:48:22",2024-07-24 14:48:22,2024-07-24 14:50:21,119,FALSE,""
"2-Jul-SWH-TR-9d","2024-07-24","15:03:43",2024-07-24 15:03:43,2024-07-24 15:05:42,119,FALSE,""
"2-Jul-SWH-UP-1","2024-07-23","14:21:04",2024-07-23 14:21:04,2024-07-23 14:22:03,59,FALSE,""
"2-Jul-SWH-UP-2","2024-07-23","14:24:30",2024-07-23 14:24:30,2024-07-23 14:25:29,59,FALSE,""
"2-Jul-SWH-UP-3","2024-07-23","14:32:54",2024-07-23 14:32:54,2024-07-23 14:33:53,59,FALSE,""
"2-Jul-SWH-UP-4","2024-07-23","14:29:22",2024-07-23 14:29:22,2024-07-23 14:30:21,59,FALSE,""
"2-Jul-SWH-UP-5","2024-07-23","14:36:03",2024-07-23 14:36:03,2024-07-23 14:37:02,59,FALSE,""
"2-Jun-4","2024-06-18","13:50:04",2024-06-18 13:50:04,2024-06-18 13:51:03,59,FALSE,""
"2-Jun-GCW-TR-1","2024-06-19","10:27:57",2024-06-19 10:27:57,2024-06-19 10:28:56,59,FALSE,""
"2-Jun-GCW-TR-2","2024-06-19","10:31:58",2024-06-19 10:31:58,2024-06-19 10:32:57,59,FALSE,""
"2-Jun-GCW-TR-3","2024-06-19","10:35:17",2024-06-19 10:35:17,2024-06-19 10:36:16,59,FALSE,""
"2-Jun-GCW-TR-4","2024-06-19","10:39:26",2024-06-19 10:39:26,2024-06-19 10:40:25,59,FALSE,""
"2-Jun-GCW-TR-5","2024-06-19","10:43:08",2024-06-19 10:43:08,2024-06-19 10:44:07,59,FALSE,""
"2-Jun-GCW-UP-1","2024-06-19","10:48:10",2024-06-19 10:48:10,2024-06-19 10:49:09,59,FALSE,""
"2-Jun-GCW-UP-2","2024-06-19","10:55:27",2024-06-19 10:55:27,2024-06-19 10:56:26,59,FALSE,""
"2-Jun-GCW-UP-3","2024-06-19","10:58:54",2024-06-19 10:58:54,2024-06-19 10:59:53,59,FALSE,""
"2-Jun-GCW-UP-4","2024-06-19","11:02:37",2024-06-19 11:02:37,2024-06-19 11:03:36,59,FALSE,""
"2-Jun-GCW-UP-5","2024-06-19","10:51:59",2024-06-19 10:51:59,2024-06-19 10:52:58,59,FALSE,""
"2-Jun-GWI-TR-1","2024-06-27","12:01:26",2024-06-27 12:01:26,2024-06-27 12:02:25,59,FALSE,""
"2-Jun-GWI-TR-1-retake","2024-06-27","12:04:35",2024-06-27 12:04:35,2024-06-27 12:05:34,59,FALSE,""
"2-Jun-GWI-TR-2","2024-06-27","11:52:36",2024-06-27 11:52:36,2024-06-27 11:53:35,59,FALSE,""
"2-Jun-GWI-TR-2-Retake","2024-06-27","11:56:24",2024-06-27 11:56:24,2024-06-27 11:57:23,59,FALSE,""
"2-Jun-GWI-TR-3","2024-06-27","11:47:15",2024-06-27 11:47:15,2024-06-27 11:48:14,59,FALSE,""
"2-Jun-GWI-TR-4a","2024-06-27","11:35:48",2024-06-27 11:35:48,2024-06-27 11:36:47,59,FALSE,""
"2-Jun-GWI-TR-5","2024-06-27","12:10:08",2024-06-27 12:10:08,2024-06-27 12:11:07,59,FALSE,""
"2-Jun-GWI-UP-1","2024-06-27","13:27:11",2024-06-27 13:27:11,2024-06-27 13:28:10,59,FALSE,""
"2-Jun-GWI-UP-2","2024-06-27","13:33:24",2024-06-27 13:33:24,2024-06-27 13:34:23,59,FALSE,""
"2-Jun-GWI-UP-3","2024-06-27","12:50:24",2024-06-27 12:50:24,2024-06-27 12:51:23,59,FALSE,""
"2-Jun-GWI-UP-3-retake","2024-06-27","12:55:00",2024-06-27 12:55:00,2024-06-27 12:55:59,59,FALSE,""
"2-Jun-GWI-UP-4","2024-06-27","13:06:13",2024-06-27 13:06:13,2024-06-27 13:07:12,59,FALSE,""
"2-Jun-GWI-UP-5","2024-06-27","13:18:36",2024-06-27 13:18:36,2024-06-27 13:19:35,59,FALSE,""
"2-Jun-MSM-TR-1","2024-06-18","13:54:35",2024-06-18 13:54:35,2024-06-18 13:55:34,59,FALSE,""
"2-Jun-MSM-TR-2","2024-06-18","13:58:06",2024-06-18 13:58:06,2024-06-18 13:59:05,59,FALSE,""
"2-Jun-MSM-TR-3","2024-06-18","14:01:39",2024-06-18 14:01:39,2024-06-18 14:02:38,59,FALSE,""
"2-Jun-MSM-TR-4","2024-06-18","14:05:18",2024-06-18 14:05:18,2024-06-18 14:06:17,59,FALSE,""
"2-Jun-MSM-TR-5","2024-06-18","14:08:51",2024-06-18 14:08:51,2024-06-18 14:09:50,59,FALSE,""
"2-Jun-MSM-UP-1","2024-06-18","14:14:37",2024-06-18 14:14:37,2024-06-18 14:15:36,59,FALSE,""
"2-Jun-MSM-UP-2","2024-06-18","14:18:38",2024-06-18 14:18:38,2024-06-18 14:19:37,59,FALSE,""
"2-Jun-MSM-UP-3","2024-06-18","14:22:27",2024-06-18 14:22:27,2024-06-18 14:23:26,59,FALSE,""
"2-Jun-MSM-UP-4","2024-06-18","14:25:59",2024-06-18 14:25:59,2024-06-18 14:26:58,59,FALSE,""
"2-Jun-MSM-UP-5b","2024-06-18","14:32:55",2024-06-18 14:32:55,2024-06-18 14:33:54,59,FALSE,""
"2-Jun-SWH-SWAMP-1","2024-06-26","14:43:19",2024-06-26 14:43:19,2024-06-26 14:44:18,59,FALSE,""
"2-Jun-SWH-SWAMP-2","2024-06-26","14:49:50",2024-06-26 14:49:50,2024-06-26 14:50:49,59,FALSE,""
"2-Jun-SWH-SWAMP-3","2024-06-26","14:59:50",2024-06-26 14:59:50,2024-06-26 15:00:49,59,FALSE,""
"2-Jun-SWH-SWAMP-4","2024-06-26","15:11:26",2024-06-26 15:11:26,2024-06-26 15:12:25,59,FALSE,""
"2-Jun-SWH-SWAMP-5","2024-06-26","15:06:03",2024-06-26 15:06:03,2024-06-26 15:07:02,59,FALSE,""
"2-Jun-SWH-TR-1","2024-06-26","11:17:10",2024-06-26 11:17:10,2024-06-26 11:18:09,59,FALSE,""
"2-Jun-SWH-TR-10","2024-06-26","12:03:59",2024-06-26 12:03:59,2024-06-26 12:04:58,59,FALSE,""
"2-Jun-SWH-TR-1a","2024-06-26","11:21:19",2024-06-26 11:21:19,2024-06-26 11:22:18,59,FALSE,""
"2-Jun-SWH-TR-2","2024-06-26","10:51:16",2024-06-26 10:51:16,2024-06-26 10:52:15,59,FALSE,""
"2-Jun-SWH-TR-3","2024-06-26","11:40:42",2024-06-26 11:40:42,2024-06-26 11:41:41,59,FALSE,""
"2-Jun-SWH-TR-3a","2024-06-26","11:44:45",2024-06-26 11:44:45,2024-06-26 11:45:44,59,FALSE,""
"2-Jun-SWH-TR-4","2024-06-26","12:08:48",2024-06-26 12:08:48,2024-06-26 12:09:48,60,FALSE,""
"2-Jun-SWH-TR-5","2024-06-26","12:12:51",2024-06-26 12:12:51,2024-06-26 12:13:50,59,FALSE,""
"2-Jun-SWH-TR-6","2024-06-26","11:27:00",2024-06-26 11:27:00,2024-06-26 11:27:59,59,FALSE,""
"2-Jun-SWH-TR-6a","2024-06-26","11:30:52",2024-06-26 11:30:52,2024-06-26 11:31:51,59,FALSE,""
"2-Jun-SWH-TR-7","2024-06-26","10:58:28",2024-06-26 10:58:28,2024-06-26 10:59:27,59,FALSE,""
"2-Jun-SWH-TR-7a","2024-06-26","11:05:53",2024-06-26 11:05:53,2024-06-26 11:06:52,59,FALSE,""
"2-Jun-SWH-TR-7b","2024-06-26","11:09:03",2024-06-26 11:09:03,2024-06-26 11:10:02,59,FALSE,""
"2-Jun-SWH-TR-8","2024-06-26","11:52:47",2024-06-26 11:52:47,2024-06-26 11:53:46,59,FALSE,""
"2-Jun-SWH-TR-8a","2024-06-26","12:27:51",2024-06-26 12:27:51,2024-06-26 12:28:50,59,FALSE,""
"2-Jun-SWH-TR-8b","2024-06-26","12:31:15",2024-06-26 12:31:15,2024-06-26 12:32:14,59,FALSE,""
"2-Jun-SWH-TR-9","2024-06-26","12:18:34",2024-06-26 12:18:34,2024-06-26 12:19:33,59,FALSE,""
"2-Jun-SWH-TR-9a","2024-06-26","12:22:34",2024-06-26 12:22:34,2024-06-26 12:23:33,59,FALSE,""
"2-Jun-SWH-UP-1","2024-06-26","15:41:41",2024-06-26 15:41:41,2024-06-26 15:42:40,59,FALSE,""
"2-Jun-SWH-UP-2","2024-06-26","15:29:17",2024-06-26 15:29:17,2024-06-26 15:30:16,59,FALSE,""
"2-Jun-SWH-UP-3","2024-06-26","15:33:27",2024-06-26 15:33:27,2024-06-26 15:34:26,59,FALSE,""
"2-Jun-SWH-UP-4","2024-06-26","15:20:17",2024-06-26 15:20:17,2024-06-26 15:21:16,59,FALSE,""
"2-Jun-SWH-UP-5","2024-06-26","15:36:58",2024-06-26 15:36:58,2024-06-26 15:37:57,59,FALSE,""
"2-May-GCW-TR-1","2024-05-23","13:39:53",2024-05-23 13:39:53,2024-05-23 13:40:52,59,FALSE,""
"2-May-GCW-TR-3","2024-05-23","13:21:06",2024-05-23 13:21:06,2024-05-23 13:22:05,59,FALSE,""
"2-May-GCW-TR-4","2024-05-23","13:34:30",2024-05-23 13:34:30,2024-05-23 13:35:29,59,FALSE,""
"2-May-GCW-TR-5","2024-05-23","13:44:37",2024-05-23 13:44:37,2024-05-23 13:45:36,59,FALSE,""
"2-May-GCW-UP-1","2024-05-23","14:03:31",2024-05-23 14:03:31,2024-05-23 14:04:30,59,FALSE,""
"2-May-GCW-UP-2","2024-05-23","14:07:44",2024-05-23 14:07:44,2024-05-23 14:08:43,59,FALSE,""
"2-May-GCW-UP-3","2024-05-23","13:54:06",2024-05-23 13:54:06,2024-05-23 13:55:05,59,FALSE,""
"2-May-GCW-UP-4","2024-05-23","13:58:12",2024-05-23 13:58:12,2024-05-23 13:59:11,59,FALSE,""
"2-May-GCW-UP-5","2024-05-23","13:49:52",2024-05-23 13:49:52,2024-05-23 13:50:51,59,FALSE,""
"2-May-GWI-TR-1b","2024-05-16","13:08:40",2024-05-16 13:08:40,2024-05-16 13:09:39,59,FALSE,""
"2-May-GWI-TR-2b","2024-05-16","12:56:49",2024-05-16 12:56:49,2024-05-16 12:57:48,59,FALSE,""
"2-May-GWI-TR-3","2024-05-16","12:45:36",2024-05-16 12:45:36,2024-05-16 12:46:35,59,FALSE,""
"2-May-GWI-TR-3a","2024-05-16","12:48:35",2024-05-16 12:48:35,2024-05-16 12:49:34,59,FALSE,""
"2-May-GWI-TR-3b","2024-05-16","13:00:55",2024-05-16 13:00:55,2024-05-16 13:01:54,59,FALSE,""
"2-May-GWI-TR-4","2024-05-16","12:38:31",2024-05-16 12:38:31,2024-05-16 12:39:30,59,FALSE,""
"2-May-GWI-TR-4a","2024-05-16","12:41:29",2024-05-16 12:41:29,2024-05-16 12:42:28,59,FALSE,""
"2-May-GWI-TR-4b","2024-05-16","13:04:43",2024-05-16 13:04:43,2024-05-16 13:05:42,59,FALSE,""
"2-May-GWI-TR-5","2024-05-16","12:33:40",2024-05-16 12:33:40,2024-05-16 12:34:39,59,FALSE,""
"2-May-GWI-TR-5b","2024-05-16","13:12:48",2024-05-16 13:12:48,2024-05-16 13:13:47,59,FALSE,""
"2-May-GWI-UP-1","2024-05-16","13:17:22",2024-05-16 13:17:22,2024-05-16 13:18:21,59,FALSE,""
"2-May-GWI-UP-2","2024-05-16","13:20:44",2024-05-16 13:20:44,2024-05-16 13:21:43,59,FALSE,""
"2-May-GWI-UP-3","2024-05-16","13:24:08",2024-05-16 13:24:08,2024-05-16 13:25:07,59,FALSE,""
"2-May-GWI-UP-4","2024-05-16","13:27:47",2024-05-16 13:27:47,2024-05-16 13:28:46,59,FALSE,""
"2-May-GWI-UP-5","2024-05-16","13:31:23",2024-05-16 13:31:23,2024-05-16 13:32:22,59,FALSE,""
"2-May-MSM-TR-1","2024-05-21","12:58:05",2024-05-21 12:58:05,2024-05-21 12:59:04,59,FALSE,""
"2-May-MSM-TR-1a","2024-05-21","13:01:04",2024-05-21 13:01:04,2024-05-21 13:02:02,58,FALSE,""
"2-May-MSM-TR-2","2024-05-21","13:05:02",2024-05-21 13:05:02,2024-05-21 13:06:01,59,FALSE,""
"2-May-MSM-TR-3","2024-05-21","13:09:01",2024-05-21 13:09:01,2024-05-21 13:10:00,59,FALSE,""
"2-May-MSM-TR-4","2024-05-21","13:13:16",2024-05-21 13:13:16,2024-05-21 13:14:15,59,FALSE,""
"2-May-MSM-TR-5","2024-05-21","13:17:00",2024-05-21 13:17:00,2024-05-21 13:17:59,59,FALSE,""
"2-May-MSM-UP-1","2024-05-21","13:25:06",2024-05-21 13:25:06,2024-05-21 13:26:05,59,FALSE,""
"2-May-MSM-UP-2","2024-05-21","13:29:14",2024-05-21 13:29:14,2024-05-21 13:30:13,59,FALSE,""
"2-May-MSM-UP-3","2024-05-21","13:32:47",2024-05-21 13:32:47,2024-05-21 13:33:46,59,FALSE,""
"2-May-MSM-UP-4","2024-05-21","13:37:12",2024-05-21 13:37:12,2024-05-21 13:38:10,58,FALSE,""
"2-May-MSM-UP-5","2024-05-21","13:41:07",2024-05-21 13:41:07,2024-05-21 13:42:06,59,FALSE,""
"2-May-SWH-SWAMP-1","2024-05-15","11:25:16",2024-05-15 11:25:16,2024-05-15 11:26:15,59,FALSE,""
"2-May-SWH-SWAMP-1a","2024-05-15","11:28:14",2024-05-15 11:28:14,2024-05-15 11:29:13,59,FALSE,""
"2-May-SWH-SWAMP-2","2024-05-15","11:32:21",2024-05-15 11:32:21,2024-05-15 11:33:20,59,FALSE,""
"2-May-SWH-SWAMP-3","2024-05-15","11:36:44",2024-05-15 11:36:44,2024-05-15 11:37:43,59,FALSE,""
"2-May-SWH-SWAMP-4","2024-05-15","11:40:45",2024-05-15 11:40:45,2024-05-15 11:41:44,59,FALSE,""
"2-May-SWH-SWAMP-5","2024-05-15","11:46:37",2024-05-15 11:46:37,2024-05-15 11:47:37,60,FALSE,""
"2-May-SWH-TR-1","2024-05-15","10:22:11",2024-05-15 10:22:11,2024-05-15 10:23:10,59,FALSE,""
"2-May-SWH-TR-10","2024-05-15","11:08:15",2024-05-15 11:08:15,2024-05-15 11:09:14,59,FALSE,""
"2-May-SWH-TR-10a","2024-05-15","11:11:15",2024-05-15 11:11:15,2024-05-15 11:12:14,59,FALSE,""
"2-May-SWH-TR-2","2024-05-15","09:58:18",2024-05-15 09:58:18,2024-05-15 09:59:17,59,FALSE,""
"2-May-SWH-TR-2a","2024-05-15","10:01:18",2024-05-15 10:01:18,2024-05-15 10:02:17,59,FALSE,""
"2-May-SWH-TR-2b","2024-05-15","10:09:45",2024-05-15 10:09:45,2024-05-15 10:10:44,59,FALSE,""
"2-May-SWH-TR-3","2024-05-15","10:35:50",2024-05-15 10:35:50,2024-05-15 10:36:49,59,FALSE,""
"2-May-SWH-TR-4","2024-05-15","10:56:26",2024-05-15 10:56:26,2024-05-15 10:57:25,59,FALSE,""
"2-May-SWH-TR-4a","2024-05-15","10:59:24",2024-05-15 10:59:24,2024-05-15 11:00:23,59,FALSE,""
"2-May-SWH-TR-5","2024-05-15","10:41:02",2024-05-15 10:41:02,2024-05-15 10:42:01,59,FALSE,""
"2-May-SWH-TR-5a","2024-05-15","10:44:03",2024-05-15 10:44:03,2024-05-15 10:45:02,59,FALSE,""
"2-May-SWH-TR-6","2024-05-15","10:15:00",2024-05-15 10:15:00,2024-05-15 10:15:59,59,FALSE,""
"2-May-SWH-TR-6a","2024-05-15","10:18:02",2024-05-15 10:18:02,2024-05-15 10:19:01,59,FALSE,""
"2-May-SWH-TR-8","2024-05-15","10:27:34",2024-05-15 10:27:34,2024-05-15 10:28:33,59,FALSE,""
"2-May-SWH-TR-8a","2024-05-15","10:30:36",2024-05-15 10:30:36,2024-05-15 10:31:35,59,FALSE,""
"2-May-SWH-TR-9","2024-05-15","10:49:10",2024-05-15 10:49:10,2024-05-15 10:50:09,59,FALSE,""
"2-May-SWH-TR-9a","2024-05-15","10:52:10",2024-05-15 10:52:10,2024-05-15 10:53:09,59,FALSE,""
"2-May-SWH-UP-1","2024-05-15","11:51:46",2024-05-15 11:51:46,2024-05-15 11:52:45,59,FALSE,""
"2-May-SWH-UP-2","2024-05-15","11:55:28",2024-05-15 11:55:28,2024-05-15 11:56:27,59,FALSE,""
"2-May-SWH-UP-3","2024-05-15","11:59:04",2024-05-15 11:59:04,2024-05-15 12:00:03,59,FALSE,""
"2-May-SWH-UP-4","2024-05-15","12:02:52",2024-05-15 12:02:52,2024-05-15 12:03:51,59,FALSE,""
"2-May-SWH-UP-5","2024-05-15","12:06:15",2024-05-15 12:06:15,2024-05-15 12:07:14,59,FALSE,""
"2-Nov-GCW-TR-1","2024-11-19","10:19:54",2024-11-19 10:19:54,2024-11-19 10:20:53,59,FALSE,""
"2-Nov-GCW-TR-2","2024-11-19","10:24:23",2024-11-19 10:24:23,2024-11-19 10:25:22,59,FALSE,""
"2-Nov-GCW-TR-3","2024-11-19","10:31:41",2024-11-19 10:31:41,2024-11-19 10:32:40,59,FALSE,""
"2-Nov-GCW-TR-4","2024-11-19","10:28:04",2024-11-19 10:28:04,2024-11-19 10:29:03,59,FALSE,""
"2-Nov-GCW-TR-5","2024-11-19","10:36:30",2024-11-19 10:36:30,2024-11-19 10:37:30,60,FALSE,""
"2-Nov-GCW-UP-1","2024-11-19","10:43:27",2024-11-19 10:43:27,2024-11-19 10:44:26,59,FALSE,""
"2-Nov-GCW-UP-2","2024-11-19","10:51:46",2024-11-19 10:51:46,2024-11-19 10:52:45,59,FALSE,""
"2-Nov-GCW-UP-3","2024-11-19","10:56:15",2024-11-19 10:56:15,2024-11-19 10:57:14,59,FALSE,""
"2-Nov-GCW-UP-4","2024-11-19","11:00:48",2024-11-19 11:00:48,2024-11-19 11:01:47,59,FALSE,""
"2-Nov-GCW-UP-5","2024-11-19","10:47:20",2024-11-19 10:47:20,2024-11-19 10:48:19,59,FALSE,""
"2-Nov-GWI-TR-1","2024-11-14","11:05:26",2024-11-14 11:05:26,2024-11-14 11:07:25,119,FALSE,""
"2-Nov-GWI-TR-2","2024-11-14","11:14:13",2024-11-14 11:14:13,2024-11-14 11:16:12,119,FALSE,""
"2-Nov-GWI-TR-3","2024-11-14","11:21:17",2024-11-14 11:21:17,2024-11-14 11:23:16,119,FALSE,""
"2-Nov-GWI-TR-4","2024-11-14","11:29:11",2024-11-14 11:29:11,2024-11-14 11:31:10,119,FALSE,""
"2-Nov-GWI-TR-5","2024-11-14","10:58:08",2024-11-14 10:58:08,2024-11-14 11:00:07,119,FALSE,""
"2-Nov-GWI-UP-1","2024-11-14","11:52:22",2024-11-14 11:52:22,2024-11-14 11:53:21,59,FALSE,""
"2-Nov-GWI-UP-2","2024-11-14","11:58:59",2024-11-14 11:58:59,2024-11-14 11:59:58,59,FALSE,""
"2-Nov-GWI-UP-3","2024-11-14","12:03:07",2024-11-14 12:03:07,2024-11-14 12:04:06,59,FALSE,""
"2-Nov-GWI-UP-4","2024-11-14","12:10:14",2024-11-14 12:10:14,2024-11-14 12:11:13,59,FALSE,""
"2-Nov-GWI-UP-5","2024-11-14","12:14:14",2024-11-14 12:14:14,2024-11-14 12:15:14,60,FALSE,""
"2-Nov-MSM-TR-1","2024-11-21","13:59:51",2024-11-21 13:59:51,2024-11-21 14:00:50,59,FALSE,""
"2-Nov-MSM-TR-2","2024-11-21","13:34:55",2024-11-21 13:34:55,2024-11-21 13:35:54,59,FALSE,""
"2-Nov-MSM-TR-3","2024-11-21","13:39:34",2024-11-21 13:39:34,2024-11-21 13:40:33,59,FALSE,""
"2-Nov-MSM-TR-4","2024-11-21","13:46:03",2024-11-21 13:46:03,2024-11-21 13:47:02,59,FALSE,""
"2-Nov-MSM-TR-4a","2024-11-21","13:49:55",2024-11-21 13:49:55,2024-11-21 13:50:54,59,FALSE,""
"2-Nov-MSM-TR-5","2024-11-21","13:54:57",2024-11-21 13:54:57,2024-11-21 13:55:56,59,FALSE,""
"2-Nov-MSM-UP-1","2024-11-21","14:24:58",2024-11-21 14:24:58,2024-11-21 14:25:57,59,FALSE,""
"2-Nov-MSM-UP-2","2024-11-21","14:21:00",2024-11-21 14:21:00,2024-11-21 14:21:59,59,FALSE,""
"2-Nov-MSM-UP-3","2024-11-21","14:16:15",2024-11-21 14:16:15,2024-11-21 14:17:14,59,FALSE,""
"2-Nov-MSM-UP-4","2024-11-21","14:28:57",2024-11-21 14:28:57,2024-11-21 14:29:56,59,FALSE,""
"2-Nov-MSM-UP-5","2024-11-21","14:11:29",2024-11-21 14:11:29,2024-11-21 14:12:28,59,FALSE,""
"2-Nov-SWH-SWAMP-1","2024-11-13","10:04:37",2024-11-13 10:04:37,2024-11-13 10:06:36,119,FALSE,""
"2-Nov-SWH-SWAMP-2","2024-11-13","09:51:29",2024-11-13 09:51:29,2024-11-13 09:53:28,119,FALSE,""
"2-Nov-SWH-SWAMP-2a","2024-11-13","09:56:39",2024-11-13 09:56:39,2024-11-13 09:58:38,119,FALSE,""
"2-Nov-SWH-SWAMP-3a","2024-11-13","09:24:03",2024-11-13 09:24:03,2024-11-13 09:26:02,119,FALSE,""
"2-Nov-SWH-SWAMP-4","2024-11-13","09:30:19",2024-11-13 09:30:19,2024-11-13 09:32:18,119,FALSE,""
"2-Nov-SWH-SWAMP-5","2024-11-13","09:36:38",2024-11-13 09:36:38,2024-11-13 09:38:37,119,FALSE,""
"2-Nov-SWH-SWAMP-5a","2024-11-13","09:42:51",2024-11-13 09:42:51,2024-11-13 09:44:50,119,FALSE,""
"2-Nov-SWH-TR-1","2024-11-12","14:17:59",2024-11-12 14:17:59,2024-11-12 14:18:58,59,FALSE,""
"2-Nov-SWH-TR-10","2024-11-12","15:44:38",2024-11-12 15:44:38,2024-11-12 15:46:37,119,FALSE,""
"2-Nov-SWH-TR-2","2024-11-12","14:27:21",2024-11-12 14:27:21,2024-11-12 14:28:20,59,FALSE,""
"2-Nov-SWH-TR-3","2024-11-12","14:44:28",2024-11-12 14:44:28,2024-11-12 14:45:27,59,FALSE,""
"2-Nov-SWH-TR-3a","2024-11-12","14:47:53",2024-11-12 14:47:53,2024-11-12 14:48:52,59,FALSE,""
"2-Nov-SWH-TR-4","2024-11-12","15:07:18",2024-11-12 15:07:18,2024-11-12 15:08:17,59,FALSE,""
"2-Nov-SWH-TR-4a","2024-11-12","15:11:22",2024-11-12 15:11:22,2024-11-12 15:12:21,59,FALSE,""
"2-Nov-SWH-TR-5","2024-11-12","15:16:10",2024-11-12 15:16:10,2024-11-12 15:17:09,59,FALSE,""
"2-Nov-SWH-TR-5a","2024-11-12","15:19:25",2024-11-12 15:19:25,2024-11-12 15:20:24,59,FALSE,""
"2-Nov-SWH-TR-6","2024-11-12","16:16:19",2024-11-12 16:16:19,2024-11-12 16:18:18,119,FALSE,""
"2-Nov-SWH-TR-7","2024-11-12","15:59:35",2024-11-12 15:59:35,2024-11-12 16:01:34,119,FALSE,""
"2-Nov-SWH-TR-7a","2024-11-12","16:07:59",2024-11-12 16:07:59,2024-11-12 16:09:58,119,FALSE,""
"2-Nov-SWH-TR-8","2024-11-12","15:51:53",2024-11-12 15:51:53,2024-11-12 15:53:52,119,FALSE,""
"2-Nov-SWH-TR-9","2024-11-12","15:28:50",2024-11-12 15:28:50,2024-11-12 15:30:49,119,FALSE,""
"2-Nov-SWH-TR-9a","2024-11-12","15:36:19",2024-11-12 15:36:19,2024-11-12 15:38:18,119,FALSE,""
"2-Nov-SWH-UP-1","2024-11-13","10:12:25",2024-11-13 10:12:25,2024-11-13 10:14:24,119,FALSE,""
"2-Nov-SWH-UP-2","2024-11-13","10:18:10",2024-11-13 10:18:10,2024-11-13 10:20:09,119,FALSE,""
"2-Nov-SWH-UP-3","2024-11-13","10:23:43",2024-11-13 10:23:43,2024-11-13 10:25:42,119,FALSE,""
"2-Nov-SWH-UP-4","2024-11-13","10:29:27",2024-11-13 10:29:27,2024-11-13 10:31:26,119,FALSE,""
"2-Nov-SWH-UP-5","2024-11-13","10:34:57",2024-11-13 10:34:57,2024-11-13 10:36:56,119,FALSE,""
"2-Oct-GCW-TR-1","2024-10-02","11:16:17",2024-10-02 11:16:17,2024-10-02 11:17:16,59,FALSE,""
"2-Oct-GCW-TR-2","2024-10-02","11:20:56",2024-10-02 11:20:56,2024-10-02 11:21:55,59,FALSE,""
"2-Oct-GCW-TR-3","2024-10-02","11:25:13",2024-10-02 11:25:13,2024-10-02 11:26:12,59,FALSE,""
"2-Oct-GCW-TR-4","2024-10-02","11:31:16",2024-10-02 11:31:16,2024-10-02 11:32:15,59,FALSE,""
"2-Oct-GCW-TR-5","2024-10-02","11:35:13",2024-10-02 11:35:13,2024-10-02 11:36:12,59,FALSE,""
"2-Oct-GCW-UP-1","2024-10-02","11:40:54",2024-10-02 11:40:54,2024-10-02 11:41:53,59,FALSE,""
"2-Oct-GCW-UP-2","2024-10-02","11:48:58",2024-10-02 11:48:58,2024-10-02 11:49:57,59,FALSE,""
"2-Oct-GCW-UP-3","2024-10-02","11:52:41",2024-10-02 11:52:41,2024-10-02 11:53:40,59,FALSE,""
"2-Oct-GCW-UP-4","2024-10-02","11:56:56",2024-10-02 11:56:56,2024-10-02 11:57:55,59,FALSE,""
"2-Oct-GCW-UP-5","2024-10-02","11:44:48",2024-10-02 11:44:48,2024-10-02 11:45:47,59,FALSE,""
"2-Oct-GWI-TR-1","2024-10-23","12:29:48",2024-10-23 12:29:48,2024-10-23 12:30:47,59,FALSE,""
"2-Oct-GWI-TR-2","2024-10-23","12:33:55",2024-10-23 12:33:55,2024-10-23 12:34:54,59,FALSE,""
"2-Oct-GWI-TR-2a","2024-10-23","12:36:56",2024-10-23 12:36:56,2024-10-23 12:37:55,59,FALSE,""
"2-Oct-GWI-TR-3","2024-10-23","12:41:12",2024-10-23 12:41:12,2024-10-23 12:42:11,59,FALSE,""
"2-Oct-GWI-TR-3a","2024-10-23","12:44:11",2024-10-23 12:44:11,2024-10-23 12:45:10,59,FALSE,""
"2-Oct-GWI-TR-4","2024-10-23","12:49:50",2024-10-23 12:49:50,2024-10-23 12:50:49,59,FALSE,""
"2-Oct-GWI-TR-4a","2024-10-23","12:52:49",2024-10-23 12:52:49,2024-10-23 12:53:48,59,FALSE,""
"2-Oct-GWI-TR-5","2024-10-23","12:57:58",2024-10-23 12:57:58,2024-10-23 12:58:57,59,FALSE,""
"2-Oct-GWI-UP-1","2024-10-23","13:03:21",2024-10-23 13:03:21,2024-10-23 13:04:20,59,FALSE,""
"2-Oct-GWI-UP-2","2024-10-23","13:07:03",2024-10-23 13:07:03,2024-10-23 13:08:02,59,FALSE,""
"2-Oct-GWI-UP-3","2024-10-23","13:11:41",2024-10-23 13:11:41,2024-10-23 13:12:40,59,FALSE,""
"2-Oct-GWI-UP-4","2024-10-23","13:15:53",2024-10-23 13:15:53,2024-10-23 13:16:52,59,FALSE,""
"2-Oct-GWI-UP-5","2024-10-23","13:19:57",2024-10-23 13:19:57,2024-10-23 13:20:56,59,FALSE,""
"2-Oct-MSM-TR-1a","2024-10-17","13:14:33",2024-10-17 13:14:33,2024-10-17 13:15:32,59,FALSE,""
"2-Oct-MSM-TR-2","2024-10-17","13:18:46",2024-10-17 13:18:46,2024-10-17 13:19:45,59,FALSE,""
"2-Oct-MSM-TR-3","2024-10-17","13:22:53",2024-10-17 13:22:53,2024-10-17 13:23:52,59,FALSE,""
"2-Oct-MSM-TR-4","2024-10-17","13:26:50",2024-10-17 13:26:50,2024-10-17 13:27:49,59,FALSE,""
"2-Oct-MSM-TR-5","2024-10-17","13:30:45",2024-10-17 13:30:45,2024-10-17 13:31:44,59,FALSE,""
"2-Oct-MSM-UP-1","2024-10-17","13:37:35",2024-10-17 13:37:35,2024-10-17 13:38:34,59,FALSE,""
"2-Oct-MSM-UP-2","2024-10-17","13:41:51",2024-10-17 13:41:51,2024-10-17 13:42:50,59,FALSE,""
"2-Oct-MSM-UP-3","2024-10-17","13:45:33",2024-10-17 13:45:33,2024-10-17 13:46:32,59,FALSE,""
"2-Oct-MSM-UP-4","2024-10-17","13:49:28",2024-10-17 13:49:28,2024-10-17 13:50:27,59,FALSE,""
"2-Oct-MSM-UP-5","2024-10-17","13:53:23",2024-10-17 13:53:23,2024-10-17 13:54:22,59,FALSE,""
"2-Oct-SWH-SWAMP-1","2024-10-22","13:36:02",2024-10-22 13:36:02,2024-10-22 13:37:01,59,FALSE,""
"2-Oct-SWH-SWAMP-1a","2024-10-22","13:39:05",2024-10-22 13:39:05,2024-10-22 13:40:04,59,FALSE,""
"2-Oct-SWH-SWAMP-2","2024-10-22","13:43:07",2024-10-22 13:43:07,2024-10-22 13:44:06,59,FALSE,""
"2-Oct-SWH-SWAMP-3a","2024-10-22","13:48:15",2024-10-22 13:48:15,2024-10-22 13:49:14,59,FALSE,""
"2-Oct-SWH-SWAMP-4","2024-10-22","13:52:06",2024-10-22 13:52:06,2024-10-22 13:53:05,59,FALSE,""
"2-Oct-SWH-SWAMP-5","2024-10-22","13:57:02",2024-10-22 13:57:02,2024-10-22 13:58:01,59,FALSE,""
"2-Oct-SWH-SWAMP-5a","2024-10-22","13:59:59",2024-10-22 13:59:59,2024-10-22 14:00:58,59,FALSE,""
"2-Oct-SWH-TR-10","2024-10-24","10:29:44",2024-10-24 10:29:44,2024-10-24 10:31:43,119,FALSE,""
"2-Oct-SWH-TR-1a","2024-10-24","09:49:23",2024-10-24 09:49:23,2024-10-24 09:51:22,119,FALSE,""
"2-Oct-SWH-TR-2a","2024-10-24","09:58:14",2024-10-24 09:58:14,2024-10-24 10:00:13,119,FALSE,""
"2-Oct-SWH-TR-3","2024-10-24","09:24:37",2024-10-24 09:24:37,2024-10-24 09:26:36,119,FALSE,""
"2-Oct-SWH-TR-3a","2024-10-24","09:29:37",2024-10-24 09:29:37,2024-10-24 09:31:36,119,FALSE,""
"2-Oct-SWH-TR-4","2024-10-24","10:24:07",2024-10-24 10:24:07,2024-10-24 10:26:06,119,FALSE,""
"2-Oct-SWH-TR-5","2024-10-24","10:11:04",2024-10-24 10:11:04,2024-10-24 10:13:03,119,FALSE,""
"2-Oct-SWH-TR-6a","2024-10-24","09:40:12",2024-10-24 09:40:12,2024-10-24 09:42:11,119,FALSE,""
"2-Oct-SWH-TR-7","2024-10-24","10:03:56",2024-10-24 10:03:56,2024-10-24 10:05:55,119,FALSE,""
"2-Oct-SWH-TR-8a","2024-10-24","09:18:02",2024-10-24 09:18:02,2024-10-24 09:20:01,119,FALSE,""
"2-Oct-SWH-TR-9","2024-10-24","10:17:12",2024-10-24 10:17:12,2024-10-24 10:19:11,119,FALSE,""
"2-Oct-SWH-UP-1","2024-10-22","13:05:45",2024-10-22 13:05:45,2024-10-22 13:06:44,59,FALSE,""
"2-Oct-SWH-UP-2","2024-10-22","13:09:25",2024-10-22 13:09:25,2024-10-22 13:10:24,59,FALSE,""
"2-Oct-SWH-UP-3","2024-10-22","13:12:59",2024-10-22 13:12:59,2024-10-22 13:13:58,59,FALSE,""
"2-Oct-SWH-UP-4a","2024-10-22","13:20:55",2024-10-22 13:20:55,2024-10-22 13:21:54,59,FALSE,""
"2-Oct-SWH-UP-4b","2024-10-22","13:23:54",2024-10-22 13:23:54,2024-10-22 13:24:53,59,FALSE,""
"2-Oct-SWH-UP-5","2024-10-22","13:27:50",2024-10-22 13:27:50,2024-10-22 13:28:49,59,FALSE,""
"2-Sep-GCW-TR-1","2024-09-10","13:27:27",2024-09-10 13:27:27,2024-09-10 13:28:26,59,FALSE,""
"2-Sep-GCW-TR-2","2024-09-10","13:23:08",2024-09-10 13:23:08,2024-09-10 13:24:07,59,FALSE,""
"2-Sep-GCW-TR-3","2024-09-10","13:19:20",2024-09-10 13:19:20,2024-09-10 13:20:19,59,FALSE,""
"2-Sep-GCW-TR-4","2024-09-10","13:15:13",2024-09-10 13:15:13,2024-09-10 13:16:12,59,FALSE,""
"2-Sep-GCW-TR-5","2024-09-10","13:08:39",2024-09-10 13:08:39,2024-09-10 13:09:38,59,FALSE,""
"2-Sep-GCW-UP-1","2024-09-10","12:43:37",2024-09-10 12:43:37,2024-09-10 12:44:36,59,FALSE,""
"2-Sep-GCW-UP-2","2024-09-10","12:52:33",2024-09-10 12:52:33,2024-09-10 12:53:32,59,FALSE,""
"2-Sep-GCW-UP-3","2024-09-10","12:56:54",2024-09-10 12:56:54,2024-09-10 12:57:53,59,FALSE,""
"2-Sep-GCW-UP-4","2024-09-10","13:01:18",2024-09-10 13:01:18,2024-09-10 13:02:17,59,FALSE,""
"2-Sep-GCW-UP-5","2024-09-10","12:48:05",2024-09-10 12:48:05,2024-09-10 12:49:04,59,FALSE,""
"2-Sep-GWI-TR-1","2024-09-26","12:24:30",2024-09-26 12:24:30,2024-09-26 12:26:29,119,FALSE,""
"2-Sep-GWI-TR-2","2024-09-26","12:30:23",2024-09-26 12:30:23,2024-09-26 12:32:22,119,FALSE,""
"2-Sep-GWI-TR-3","2024-09-26","12:36:52",2024-09-26 12:36:52,2024-09-26 12:38:51,119,FALSE,""
"2-Sep-GWI-TR-4","2024-09-26","12:43:43",2024-09-26 12:43:43,2024-09-26 12:45:42,119,FALSE,""
"2-Sep-GWI-TR-5","2024-09-26","12:50:05",2024-09-26 12:50:05,2024-09-26 12:52:04,119,FALSE,""
"2-Sep-GWI-UP-1","2024-09-26","12:57:10",2024-09-26 12:57:10,2024-09-26 12:59:09,119,FALSE,""
"2-Sep-GWI-UP-2","2024-09-26","13:03:57",2024-09-26 13:03:57,2024-09-26 13:05:56,119,FALSE,""
"2-Sep-GWI-UP-3","2024-09-26","13:10:41",2024-09-26 13:10:41,2024-09-26 13:12:40,119,FALSE,""
"2-Sep-GWI-UP-4","2024-09-26","13:17:23",2024-09-26 13:17:23,2024-09-26 13:19:22,119,FALSE,""
"2-Sep-GWI-UP-5","2024-09-26","13:23:56",2024-09-26 13:23:56,2024-09-26 13:25:55,119,FALSE,""
"2-Sep-MSM-TR-1","2024-09-12","12:42:33",2024-09-12 12:42:33,2024-09-12 12:43:32,59,FALSE,""
"2-Sep-MSM-TR-2","2024-09-12","12:46:23",2024-09-12 12:46:23,2024-09-12 12:47:22,59,FALSE,""
"2-Sep-MSM-TR-3","2024-09-12","12:50:06",2024-09-12 12:50:06,2024-09-12 12:51:05,59,FALSE,""
"2-Sep-MSM-TR-4","2024-09-12","12:53:52",2024-09-12 12:53:52,2024-09-12 12:54:51,59,FALSE,""
"2-Sep-MSM-TR-5","2024-09-12","12:59:00",2024-09-12 12:59:00,2024-09-12 12:59:59,59,FALSE,""
"2-Sep-MSM-UP-1","2024-09-12","13:05:03",2024-09-12 13:05:03,2024-09-12 13:06:02,59,FALSE,""
"2-Sep-MSM-UP-2","2024-09-12","13:08:58",2024-09-12 13:08:58,2024-09-12 13:09:57,59,FALSE,""
"2-Sep-MSM-UP-3","2024-09-12","13:12:24",2024-09-12 13:12:24,2024-09-12 13:13:23,59,FALSE,""
"2-Sep-MSM-UP-4","2024-09-12","13:16:15",2024-09-12 13:16:15,2024-09-12 13:17:14,59,FALSE,""
"2-Sep-MSM-UP-5","2024-09-12","13:20:12",2024-09-12 13:20:12,2024-09-12 13:21:11,59,FALSE,""
"2-Sep-SWH-SWAMP-1","2024-09-25","11:04:33",2024-09-25 11:04:33,2024-09-25 11:05:32,59,FALSE,""
"2-Sep-SWH-SWAMP-1a","2024-09-25","11:08:25",2024-09-25 11:08:25,2024-09-25 11:09:24,59,FALSE,""
"2-Sep-SWH-SWAMP-2","2024-09-25","10:56:13",2024-09-25 10:56:13,2024-09-25 10:57:12,59,FALSE,""
"2-Sep-SWH-SWAMP-3","2024-09-25","10:45:08",2024-09-25 10:45:08,2024-09-25 10:46:07,59,FALSE,""
"2-Sep-SWH-SWAMP-4","2024-09-25","10:39:41",2024-09-25 10:39:41,2024-09-25 10:40:40,59,FALSE,""
"2-Sep-SWH-SWAMP-5","2024-09-25","10:50:14",2024-09-25 10:50:14,2024-09-25 10:51:13,59,FALSE,""
"2-Sep-SWH-TR-1","2024-09-25","11:32:44",2024-09-25 11:32:44,2024-09-25 11:33:43,59,FALSE,""
"2-Sep-SWH-TR-10","2024-09-25","13:12:18",2024-09-25 13:12:18,2024-09-25 13:14:17,119,FALSE,""
"2-Sep-SWH-TR-1a","2024-09-25","11:36:15",2024-09-25 11:36:15,2024-09-25 11:37:14,59,FALSE,""
"2-Sep-SWH-TR-2","2024-09-25","11:22:26",2024-09-25 11:22:26,2024-09-25 11:23:25,59,FALSE,""
"2-Sep-SWH-TR-2a","2024-09-25","11:27:38",2024-09-25 11:27:38,2024-09-25 11:28:37,59,FALSE,""
"2-Sep-SWH-TR-3","2024-09-25","11:42:50",2024-09-25 11:42:50,2024-09-25 11:43:49,59,FALSE,""
"2-Sep-SWH-TR-3a","2024-09-25","11:46:08",2024-09-25 11:46:08,2024-09-25 11:47:07,59,FALSE,""
"2-Sep-SWH-TR-4","2024-09-25","11:51:52",2024-09-25 11:51:52,2024-09-25 11:52:51,59,FALSE,""
"2-Sep-SWH-TR-4a","2024-09-25","11:55:06",2024-09-25 11:55:06,2024-09-25 11:56:05,59,FALSE,""
"2-Sep-SWH-TR-5","2024-09-25","12:01:19",2024-09-25 12:01:19,2024-09-25 12:02:18,59,FALSE,""
"2-Sep-SWH-TR-5a","2024-09-25","12:06:01",2024-09-25 12:06:01,2024-09-25 12:07:00,59,FALSE,""
"2-Sep-SWH-TR-6","2024-09-25","12:30:25",2024-09-25 12:30:25,2024-09-25 12:32:24,119,FALSE,""
"2-Sep-SWH-TR-6a","2024-09-25","12:39:11",2024-09-25 12:39:11,2024-09-25 12:41:10,119,FALSE,""
"2-Sep-SWH-TR-7","2024-09-25","12:13:48",2024-09-25 12:13:48,2024-09-25 12:15:47,119,FALSE,""
"2-Sep-SWH-TR-7a","2024-09-25","12:19:52",2024-09-25 12:19:52,2024-09-25 12:21:51,119,FALSE,""
"2-Sep-SWH-TR-8","2024-09-25","12:50:01",2024-09-25 12:50:01,2024-09-25 12:52:00,119,FALSE,""
"2-Sep-SWH-TR-8a","2024-09-25","12:56:01",2024-09-25 12:56:01,2024-09-25 12:58:00,119,FALSE,""
"2-Sep-SWH-TR-8b","2024-09-25","13:22:30",2024-09-25 13:22:30,2024-09-25 13:24:29,119,FALSE,""
"2-Sep-SWH-TR-9","2024-09-25","13:05:24",2024-09-25 13:05:24,2024-09-25 13:07:23,119,FALSE,""
"2-Sep-SWH-UP-1","2024-09-25","10:15:13",2024-09-25 10:15:13,2024-09-25 10:16:12,59,FALSE,""
"2-Sep-SWH-UP-2","2024-09-25","10:09:57",2024-09-25 10:09:57,2024-09-25 10:10:56,59,FALSE,""
"2-Sep-SWH-UP-3","2024-09-25","10:24:08",2024-09-25 10:24:08,2024-09-25 10:25:07,59,FALSE,""
"2-Sep-SWH-UP-4","2024-09-25","10:19:10",2024-09-25 10:19:10,2024-09-25 10:20:09,59,FALSE,""
"2-Sep-SWH-UP-5","2024-09-25","10:28:17",2024-09-25 10:28:17,2024-09-25 10:29:16,59,FALSE,""
