"","Project","Region","Site","Zone","Replicate","Depth_cm","Sample_ID","Year","Month","Day","Time","Time_Zone","H2S_mean_uM","H2S_sd_uM","H2S_cv","H2S_Conc_flag","H2S_cv_flag","H2S_QAQC_flag","Dilution","Analysis_rundate","Run_notes","Field_notes"
"1","COMPASS: Synoptic","CB","GCW","SW","A",0,"GCW_202309_SW_A",2023,9,12,NA,NA,0,0,0,"bdl","Within Range","Std curve r2 low; MC 10 out of range; MC 20 out of range",1,"202309","Plate 5 std curve used. 
MC's both bad on Plates 1 and 3, MC 10 bad on Plates 2 and 7.  
2/7 plates had a bad dup. 
2/6 plates had a bad spk. 
",""
"2","COMPASS: Synoptic","CB","GCW","SW","B",0,"GCW_202309_SW_B",2023,9,12,NA,NA,0,0,0,"bdl","Within Range","Std curve r2 low; MC 10 out of range; MC 20 out of range",1,"202309","Plate 5 std curve used. 
MC's both bad on Plates 1 and 3, MC 10 bad on Plates 2 and 7.  
2/7 plates had a bad dup. 
2/6 plates had a bad spk. 
",""
"3","COMPASS: Synoptic","CB","GCW","SW","C",0,"GCW_202309_SW_C",2023,9,12,NA,NA,0,0,0,"bdl","Within Range","Std curve r2 low; MC 10 out of range; MC 20 out of range",1,"202309","Plate 5 std curve used. 
MC's both bad on Plates 1 and 3, MC 10 bad on Plates 2 and 7.  
2/7 plates had a bad dup. 
2/6 plates had a bad spk. 
",""
"4","COMPASS: Synoptic","CB","GCW","TR","A",20,"GCW_202309_TR_LYSA_20CM",2023,9,12,NA,NA,0,0,0,"bdl","Within Range","Std curve r2 low; MC 10 out of range; MC 20 out of range",1,"202309","Plate 5 std curve used. 
MC's both bad on Plates 1 and 3, MC 10 bad on Plates 2 and 7.  
2/7 plates had a bad dup. 
2/6 plates had a bad spk. 
",""
"5","COMPASS: Synoptic","CB","GCW","TR","A",45,"GCW_202309_TR_LYSA_45CM",2023,9,12,NA,NA,0,0,0,"bdl","Within Range","Std curve r2 low; MC 10 out of range; MC 20 out of range",1,"202309","Plate 5 std curve used. 
MC's both bad on Plates 1 and 3, MC 10 bad on Plates 2 and 7.  
2/7 plates had a bad dup. 
2/6 plates had a bad spk. 
",""
"6","COMPASS: Synoptic","CB","GCW","TR","B",10,"GCW_202309_TR_LYSB_10CM",2023,9,12,NA,NA,0,0,0,"bdl","Within Range","Std curve r2 low; MC 10 out of range; MC 20 out of range",1,"202309","Plate 5 std curve used. 
MC's both bad on Plates 1 and 3, MC 10 bad on Plates 2 and 7.  
2/7 plates had a bad dup. 
2/6 plates had a bad spk. 
",""
"7","COMPASS: Synoptic","CB","GCW","TR","B",20,"GCW_202309_TR_LYSB_20CM",2023,9,12,NA,NA,0,0,0,"bdl","Within Range","Std curve r2 low; MC 10 out of range; MC 20 out of range",1,"202309","Plate 5 std curve used. 
MC's both bad on Plates 1 and 3, MC 10 bad on Plates 2 and 7.  
2/7 plates had a bad dup. 
2/6 plates had a bad spk. 
",""
"8","COMPASS: Synoptic","CB","GCW","TR","B",45,"GCW_202309_TR_LYSB_45CM",2023,9,12,NA,NA,0,0,0,"bdl","Within Range","Std curve r2 low; MC 10 out of range; MC 20 out of range",1,"202309","Plate 5 std curve used. 
MC's both bad on Plates 1 and 3, MC 10 bad on Plates 2 and 7.  
2/7 plates had a bad dup. 
2/6 plates had a bad spk. 
",""
"9","COMPASS: Synoptic","CB","GCW","TR","C",10,"GCW_202309_TR_LYSC_10CM",2023,9,12,NA,NA,0,0,0,"bdl","Within Range","Std curve r2 low; MC 10 out of range; MC 20 out of range",1,"202309","Plate 5 std curve used. 
MC's both bad on Plates 1 and 3, MC 10 bad on Plates 2 and 7.  
2/7 plates had a bad dup. 
2/6 plates had a bad spk. 
",""
"10","COMPASS: Synoptic","CB","GCW","TR","C",20,"GCW_202309_TR_LYSC_20CM",2023,9,12,NA,NA,0,0,0,"bdl","Within Range","Std curve r2 low; MC 10 out of range; MC 20 out of range",1,"202309","Plate 5 std curve used. 
MC's both bad on Plates 1 and 3, MC 10 bad on Plates 2 and 7.  
2/7 plates had a bad dup. 
2/6 plates had a bad spk. 
",""
"11","COMPASS: Synoptic","CB","GCW","TR","C",45,"GCW_202309_TR_LYSC_45CM",2023,9,12,NA,NA,0.554228774137022,0.12620819336215,22.7718587073842,"Within Range","High CV","Std curve r2 low; MC 10 out of range; MC 20 out of range",1,"202309","Plate 5 std curve used. 
MC's both bad on Plates 1 and 3, MC 10 bad on Plates 2 and 7.  
2/7 plates had a bad dup. 
2/6 plates had a bad spk. 
",""
"12","COMPASS: Synoptic","CB","GCW","UP","A",20,"GCW_202309_UP_LYSA_20CM",2023,9,12,NA,NA,0,0,0,"bdl","Within Range","Std curve r2 low; MC 10 out of range; MC 20 out of range",1,"202309","Plate 5 std curve used. 
MC's both bad on Plates 1 and 3, MC 10 bad on Plates 2 and 7.  
2/7 plates had a bad dup. 
2/6 plates had a bad spk. 
",""
"13","COMPASS: Synoptic","CB","GCW","WC","A",10,"GCW_202309_WC_LYSA_10CM",2023,9,12,NA,NA,1720.12597840271,149.259926984724,8.67726718035649,"Within Range","Within Range","Std curve r2 low; MC 10 out of range; MC 20 out of range",25,"202309","Plate 5 std curve used. 
MC's both bad on Plates 1 and 3, MC 10 bad on Plates 2 and 7.  
2/7 plates had a bad dup. 
2/6 plates had a bad spk. 
",""
"14","COMPASS: Synoptic","CB","GCW","WC","A",20,"GCW_202309_WC_LYSA_20CM",2023,9,12,NA,NA,2387.71072453372,131.466868085574,5.50597971248162,"Within Range","Within Range","Std curve r2 low; MC 10 out of range; MC 20 out of range",25,"202309","Plate 5 std curve used. 
MC's both bad on Plates 1 and 3, MC 10 bad on Plates 2 and 7.  
2/7 plates had a bad dup. 
2/6 plates had a bad spk. 
",""
"15","COMPASS: Synoptic","CB","GCW","WC","A",45,"GCW_202309_WC_LYSA_45CM",2023,9,12,NA,NA,2570.65819673746,198.777904545388,7.73256844483122,"adl","Within Range","Std curve r2 low; MC 10 out of range; MC 20 out of range",25,"202309","Plate 5 std curve used. 
MC's both bad on Plates 1 and 3, MC 10 bad on Plates 2 and 7.  
2/7 plates had a bad dup. 
2/6 plates had a bad spk. 
",""
"16","COMPASS: Synoptic","CB","GCW","WC","B",10,"GCW_202309_WC_LYSB_10CM",2023,9,12,NA,NA,2472.73915673681,189.068676134507,7.6461229490948,"adl","Within Range","Std curve r2 low; MC 10 out of range; MC 20 out of range",25,"202309","Plate 5 std curve used. 
MC's both bad on Plates 1 and 3, MC 10 bad on Plates 2 and 7.  
2/7 plates had a bad dup. 
2/6 plates had a bad spk. 
",""
"17","COMPASS: Synoptic","CB","GCW","WC","B",20,"GCW_202309_WC_LYSB_20CM",2023,9,12,NA,NA,2592.72096777558,208.096507558824,8.02618215169369,"adl","Within Range","Std curve r2 low; MC 10 out of range; MC 20 out of range",25,"202309","Plate 5 std curve used. 
MC's both bad on Plates 1 and 3, MC 10 bad on Plates 2 and 7.  
2/7 plates had a bad dup. 
2/6 plates had a bad spk. 
",""
"18","COMPASS: Synoptic","CB","GCW","WC","B",45,"GCW_202309_WC_LYSB_45CM",2023,9,12,NA,NA,2161.87719177273,96.3969249480664,4.4589454625321,"Within Range","Within Range","Std curve r2 low; MC 10 out of range; MC 20 out of range",25,"202309","Plate 5 std curve used. 
MC's both bad on Plates 1 and 3, MC 10 bad on Plates 2 and 7.  
2/7 plates had a bad dup. 
2/6 plates had a bad spk. 
",""
"19","COMPASS: Synoptic","CB","GCW","WC","C",10,"GCW_202309_WC_LYSC_10CM",2023,9,12,NA,NA,1818.29291470716,158.056785966643,8.69259208393818,"Within Range","Within Range","Std curve r2 low; MC 10 out of range; MC 20 out of range",25,"202309","Plate 5 std curve used. 
MC's both bad on Plates 1 and 3, MC 10 bad on Plates 2 and 7.  
2/7 plates had a bad dup. 
2/6 plates had a bad spk. 
",""
"20","COMPASS: Synoptic","CB","GCW","WC","C",20,"GCW_202309_WC_LYSC_20CM",2023,9,12,NA,NA,1519.82576493303,23.138168783061,1.52242245900343,"Within Range","Within Range","Std curve r2 low; MC 10 out of range; MC 20 out of range",25,"202309","Plate 5 std curve used. 
MC's both bad on Plates 1 and 3, MC 10 bad on Plates 2 and 7.  
2/7 plates had a bad dup. 
2/6 plates had a bad spk. 
",""
"21","COMPASS: Synoptic","CB","GCW","WC","C",45,"GCW_202309_WC_LYSC_45CM",2023,9,12,NA,NA,1810.36023298559,118.63955557292,6.55336730288557,"Within Range","Within Range","Std curve r2 low; MC 10 out of range; MC 20 out of range",25,"202309","Plate 5 std curve used. 
MC's both bad on Plates 1 and 3, MC 10 bad on Plates 2 and 7.  
2/7 plates had a bad dup. 
2/6 plates had a bad spk. 
",""
"22","COMPASS: Synoptic","CB","GWI","SW","A",0,"GWI_202309_SW_A",2023,9,21,NA,NA,0,0,0,"bdl","Within Range","Std curve r2 low",1,"202309","Plate 5 std curve used. 
MC's both bad on Plates 1 and 3, MC 10 bad on Plates 2 and 7.  
2/7 plates had a bad dup. 
2/6 plates had a bad spk. 
",""
"23","COMPASS: Synoptic","CB","GWI","SW","B",0,"GWI_202309_SW_B",2023,9,21,NA,NA,0,0,0,"bdl","Within Range","Std curve r2 low",1,"202309","Plate 5 std curve used. 
MC's both bad on Plates 1 and 3, MC 10 bad on Plates 2 and 7.  
2/7 plates had a bad dup. 
2/6 plates had a bad spk. 
",""
"24","COMPASS: Synoptic","CB","GWI","SW","C",0,"GWI_202309_SW_C",2023,9,21,NA,NA,0,0,0,"bdl","Within Range","Std curve r2 low",1,"202309","Plate 5 std curve used. 
MC's both bad on Plates 1 and 3, MC 10 bad on Plates 2 and 7.  
2/7 plates had a bad dup. 
2/6 plates had a bad spk. 
",""
"25","COMPASS: Synoptic","CB","GWI","TR","A",10,"GWI_202309_TR_LYSA_10CM",2023,9,21,NA,NA,0,0,0,"bdl","Within Range","Dup perc diff out of range; Spk recovery out of range",1,"202309","Plate 5 std curve used. 
MC's both bad on Plates 1 and 3, MC 10 bad on Plates 2 and 7.  
2/7 plates had a bad dup. 
2/6 plates had a bad spk. 
",""
"26","COMPASS: Synoptic","CB","GWI","TR","A",20,"GWI_202309_TR_LYSA_20CM",2023,9,21,NA,NA,0,0,0,"bdl","Within Range","Dup perc diff out of range; Spk recovery out of range",1,"202309","Plate 5 std curve used. 
MC's both bad on Plates 1 and 3, MC 10 bad on Plates 2 and 7.  
2/7 plates had a bad dup. 
2/6 plates had a bad spk. 
",""
"27","COMPASS: Synoptic","CB","GWI","TR","A",45,"GWI_202309_TR_LYSA_45CM",2023,9,21,NA,NA,0,0,0,"bdl","Within Range","Dup perc diff out of range; Spk recovery out of range",1,"202309","Plate 5 std curve used. 
MC's both bad on Plates 1 and 3, MC 10 bad on Plates 2 and 7.  
2/7 plates had a bad dup. 
2/6 plates had a bad spk. 
",""
"28","COMPASS: Synoptic","CB","GWI","TR","B",10,"GWI_202309_TR_LYSB_10CM",2023,9,21,NA,NA,0,0,0,"bdl","Within Range","Dup perc diff out of range; Spk recovery out of range",1,"202309","Plate 5 std curve used. 
MC's both bad on Plates 1 and 3, MC 10 bad on Plates 2 and 7.  
2/7 plates had a bad dup. 
2/6 plates had a bad spk. 
",""
"29","COMPASS: Synoptic","CB","GWI","TR","B",20,"GWI_202309_TR_LYSB_20CM",2023,9,21,NA,NA,90.659577279038,2.86381071698444,3.15886175838877,"Within Range","Within Range","Dup perc diff out of range; Spk recovery out of range",1,"202309","Plate 5 std curve used. 
MC's both bad on Plates 1 and 3, MC 10 bad on Plates 2 and 7.  
2/7 plates had a bad dup. 
2/6 plates had a bad spk. 
",""
"30","COMPASS: Synoptic","CB","GWI","TR","B",45,"GWI_202309_TR_LYSB_45CM",2023,9,21,NA,NA,15.0016253595492,0.963624940580095,6.42347024062098,"Within Range","Within Range","Dup perc diff out of range; Spk recovery out of range",1,"202309","Plate 5 std curve used. 
MC's both bad on Plates 1 and 3, MC 10 bad on Plates 2 and 7.  
2/7 plates had a bad dup. 
2/6 plates had a bad spk. 
",""
"31","COMPASS: Synoptic","CB","GWI","TR","C",10,"GWI_202309_TR_LYSC_10CM",2023,9,21,NA,NA,0,0,0,"bdl","Within Range","Dup perc diff out of range; Spk recovery out of range",1,"202309","Plate 5 std curve used. 
MC's both bad on Plates 1 and 3, MC 10 bad on Plates 2 and 7.  
2/7 plates had a bad dup. 
2/6 plates had a bad spk. 
",""
"32","COMPASS: Synoptic","CB","GWI","TR","C",20,"GWI_202309_TR_LYSC_20CM",2023,9,21,NA,NA,10.876630864332,0.252416386724302,2.32072219672414,"Within Range","Within Range","Dup perc diff out of range; Spk recovery out of range",1,"202309","Plate 5 std curve used. 
MC's both bad on Plates 1 and 3, MC 10 bad on Plates 2 and 7.  
2/7 plates had a bad dup. 
2/6 plates had a bad spk. 
",""
"33","COMPASS: Synoptic","CB","GWI","TR","C",45,"GWI_202309_TR_LYSC_45CM",2023,9,21,NA,NA,0,0,0,"bdl","Within Range","Dup perc diff out of range; Spk recovery out of range",1,"202309","Plate 5 std curve used. 
MC's both bad on Plates 1 and 3, MC 10 bad on Plates 2 and 7.  
2/7 plates had a bad dup. 
2/6 plates had a bad spk. 
",""
"34","COMPASS: Synoptic","CB","GWI","UP","A",20,"GWI_202309_UP_LYSA_20CM",2023,9,21,NA,NA,0,0,0,"bdl","Within Range","Std curve r2 low; Spk recovery out of range",1,"202309","Plate 5 std curve used. 
MC's both bad on Plates 1 and 3, MC 10 bad on Plates 2 and 7.  
2/7 plates had a bad dup. 
2/6 plates had a bad spk. 
",""
"35","COMPASS: Synoptic","CB","GWI","UP","A",45,"GWI_202309_UP_LYSA_45CM",2023,9,21,NA,NA,0,0,0,"bdl","Within Range","Dup perc diff out of range; Spk recovery out of range",1,"202309","Plate 5 std curve used. 
MC's both bad on Plates 1 and 3, MC 10 bad on Plates 2 and 7.  
2/7 plates had a bad dup. 
2/6 plates had a bad spk. 
",""
"36","COMPASS: Synoptic","CB","GWI","UP","B",10,"GWI_202309_UP_LYSB_10CM",2023,9,21,NA,NA,0,0,0,"bdl","Within Range","Dup perc diff out of range; Spk recovery out of range",1,"202309","Plate 5 std curve used. 
MC's both bad on Plates 1 and 3, MC 10 bad on Plates 2 and 7.  
2/7 plates had a bad dup. 
2/6 plates had a bad spk. 
",""
"37","COMPASS: Synoptic","CB","GWI","UP","B",20,"GWI_202309_UP_LYSB_20CM",2023,9,21,NA,NA,0,0,0,"bdl","Within Range","Dup perc diff out of range; Spk recovery out of range",1,"202309","Plate 5 std curve used. 
MC's both bad on Plates 1 and 3, MC 10 bad on Plates 2 and 7.  
2/7 plates had a bad dup. 
2/6 plates had a bad spk. 
",""
"38","COMPASS: Synoptic","CB","GWI","UP","C",10,"GWI_202309_UP_LYSC_10CM",2023,9,21,NA,NA,0,0,0,"bdl","Within Range","Dup perc diff out of range; Spk recovery out of range",1,"202309","Plate 5 std curve used. 
MC's both bad on Plates 1 and 3, MC 10 bad on Plates 2 and 7.  
2/7 plates had a bad dup. 
2/6 plates had a bad spk. 
",""
"39","COMPASS: Synoptic","CB","GWI","UP","C",20,"GWI_202309_UP_LYSC_20CM",2023,9,21,NA,NA,0,0,0,"bdl","Within Range","Dup perc diff out of range; Spk recovery out of range",1,"202309","Plate 5 std curve used. 
MC's both bad on Plates 1 and 3, MC 10 bad on Plates 2 and 7.  
2/7 plates had a bad dup. 
2/6 plates had a bad spk. 
",""
"40","COMPASS: Synoptic","CB","GWI","WC","A",10,"GWI_202309_WC_LYSA_10CM",2023,9,21,NA,NA,0,0,0,"bdl","Within Range","Dup perc diff out of range; Spk recovery out of range",1,"202309","Plate 5 std curve used. 
MC's both bad on Plates 1 and 3, MC 10 bad on Plates 2 and 7.  
2/7 plates had a bad dup. 
2/6 plates had a bad spk. 
",""
"41","COMPASS: Synoptic","CB","GWI","WC","A",20,"GWI_202309_WC_LYSA_20CM",2023,9,21,NA,NA,0,0,0,"bdl","Within Range","Dup perc diff out of range; Spk recovery out of range",1,"202309","Plate 5 std curve used. 
MC's both bad on Plates 1 and 3, MC 10 bad on Plates 2 and 7.  
2/7 plates had a bad dup. 
2/6 plates had a bad spk. 
",""
"42","COMPASS: Synoptic","CB","GWI","WC","A",45,"GWI_202309_WC_LYSA_45CM",2023,9,21,NA,NA,0,0,0,"bdl","Within Range","Dup perc diff out of range; Spk recovery out of range",1,"202309","Plate 5 std curve used. 
MC's both bad on Plates 1 and 3, MC 10 bad on Plates 2 and 7.  
2/7 plates had a bad dup. 
2/6 plates had a bad spk. 
",""
"43","COMPASS: Synoptic","CB","GWI","WC","B",10,"GWI_202309_WC_LYSB_10CM",2023,9,21,NA,NA,0,0,0,"bdl","Within Range","Dup perc diff out of range; Spk recovery out of range",1,"202309","Plate 5 std curve used. 
MC's both bad on Plates 1 and 3, MC 10 bad on Plates 2 and 7.  
2/7 plates had a bad dup. 
2/6 plates had a bad spk. 
",""
"44","COMPASS: Synoptic","CB","GWI","WC","B",20,"GWI_202309_WC_LYSB_20CM",2023,9,21,NA,NA,0,0,0,"bdl","Within Range","Dup perc diff out of range; Spk recovery out of range",1,"202309","Plate 5 std curve used. 
MC's both bad on Plates 1 and 3, MC 10 bad on Plates 2 and 7.  
2/7 plates had a bad dup. 
2/6 plates had a bad spk. 
",""
"45","COMPASS: Synoptic","CB","GWI","WC","B",45,"GWI_202309_WC_LYSB_45CM",2023,9,21,NA,NA,0,0,0,"bdl","Within Range","Dup perc diff out of range; Spk recovery out of range",1,"202309","Plate 5 std curve used. 
MC's both bad on Plates 1 and 3, MC 10 bad on Plates 2 and 7.  
2/7 plates had a bad dup. 
2/6 plates had a bad spk. 
",""
"46","COMPASS: Synoptic","CB","GWI","WC","C",10,"GWI_202309_WC_LYSC_10CM",2023,9,21,NA,NA,0,0,0,"bdl","Within Range","Dup perc diff out of range; Spk recovery out of range",1,"202309","Plate 5 std curve used. 
MC's both bad on Plates 1 and 3, MC 10 bad on Plates 2 and 7.  
2/7 plates had a bad dup. 
2/6 plates had a bad spk. 
",""
"47","COMPASS: Synoptic","CB","GWI","WC","C",20,"GWI_202309_WC_LYSC_20CM",2023,9,21,NA,NA,0,0,0,"bdl","Within Range","Dup perc diff out of range; Spk recovery out of range",1,"202309","Plate 5 std curve used. 
MC's both bad on Plates 1 and 3, MC 10 bad on Plates 2 and 7.  
2/7 plates had a bad dup. 
2/6 plates had a bad spk. 
",""
"48","COMPASS: Synoptic","CB","MSM","SW","A",0,"MSM_202309_SW_A",2023,9,14,NA,NA,0,0,0,"bdl","Within Range","Std curve r2 low; MC 10 out of range; MC 20 out of range",1,"202309","Plate 5 std curve used. 
MC's both bad on Plates 1 and 3, MC 10 bad on Plates 2 and 7.  
2/7 plates had a bad dup. 
2/6 plates had a bad spk. 
",""
"49","COMPASS: Synoptic","CB","MSM","SW","B",0,"MSM_202309_SW_B",2023,9,14,NA,NA,0,0,0,"bdl","Within Range","Std curve r2 low; MC 10 out of range; MC 20 out of range",1,"202309","Plate 5 std curve used. 
MC's both bad on Plates 1 and 3, MC 10 bad on Plates 2 and 7.  
2/7 plates had a bad dup. 
2/6 plates had a bad spk. 
",""
"50","COMPASS: Synoptic","CB","MSM","SW","C",0,"MSM_202309_SW_C",2023,9,14,NA,NA,0,0,0,"bdl","Within Range","Std curve r2 low; MC 10 out of range; MC 20 out of range",1,"202309","Plate 5 std curve used. 
MC's both bad on Plates 1 and 3, MC 10 bad on Plates 2 and 7.  
2/7 plates had a bad dup. 
2/6 plates had a bad spk. 
",""
"51","COMPASS: Synoptic","CB","MSM","TR","A",10,"MSM_202309_TR_LYSA_10CM",2023,9,14,NA,NA,0,0,0,"bdl","Within Range","Std curve r2 low; MC 10 out of range; Spk recovery out of range",1,"202309","Plate 5 std curve used. 
MC's both bad on Plates 1 and 3, MC 10 bad on Plates 2 and 7.  
2/7 plates had a bad dup. 
2/6 plates had a bad spk. 
",""
"52","COMPASS: Synoptic","CB","MSM","TR","A",20,"MSM_202309_TR_LYSA_20CM",2023,9,14,NA,NA,4.01486117517262,0.377844714005959,9.41115265311045,"Within Range","Within Range","Std curve r2 low; MC 10 out of range; Spk recovery out of range",1,"202309","Plate 5 std curve used. 
MC's both bad on Plates 1 and 3, MC 10 bad on Plates 2 and 7.  
2/7 plates had a bad dup. 
2/6 plates had a bad spk. 
",""
"53","COMPASS: Synoptic","CB","MSM","TR","A",45,"MSM_202309_TR_LYSA_45CM",2023,9,14,NA,NA,0,0,0,"bdl","Within Range","Std curve r2 low; MC 10 out of range; Spk recovery out of range",1,"202309","Plate 5 std curve used. 
MC's both bad on Plates 1 and 3, MC 10 bad on Plates 2 and 7.  
2/7 plates had a bad dup. 
2/6 plates had a bad spk. 
",""
"54","COMPASS: Synoptic","CB","MSM","TR","B",10,"MSM_202309_TR_LYSB_10CM",2023,9,14,NA,NA,0,0,0,"bdl","Within Range","Std curve r2 low; MC 10 out of range; Spk recovery out of range",1,"202309","Plate 5 std curve used. 
MC's both bad on Plates 1 and 3, MC 10 bad on Plates 2 and 7.  
2/7 plates had a bad dup. 
2/6 plates had a bad spk. 
",""
"55","COMPASS: Synoptic","CB","MSM","TR","B",20,"MSM_202309_TR_LYSB_20CM",2023,9,14,NA,NA,0,0,0,"bdl","Within Range","Std curve r2 low; MC 10 out of range; Spk recovery out of range",1,"202309","Plate 5 std curve used. 
MC's both bad on Plates 1 and 3, MC 10 bad on Plates 2 and 7.  
2/7 plates had a bad dup. 
2/6 plates had a bad spk. 
",""
"56","COMPASS: Synoptic","CB","MSM","TR","B",45,"MSM_202309_TR_LYSB_45CM",2023,9,14,NA,NA,0,0,0,"bdl","Within Range","Std curve r2 low; MC 10 out of range; Spk recovery out of range",1,"202309","Plate 5 std curve used. 
MC's both bad on Plates 1 and 3, MC 10 bad on Plates 2 and 7.  
2/7 plates had a bad dup. 
2/6 plates had a bad spk. 
",""
"57","COMPASS: Synoptic","CB","MSM","TR","C",10,"MSM_202309_TR_LYSC_10CM",2023,9,14,NA,NA,0.851704338695955,0.210346988936919,24.697184149488,"Within Range","High CV","Std curve r2 low; MC 10 out of range; Spk recovery out of range",1,"202309","Plate 5 std curve used. 
MC's both bad on Plates 1 and 3, MC 10 bad on Plates 2 and 7.  
2/7 plates had a bad dup. 
2/6 plates had a bad spk. 
",""
"58","COMPASS: Synoptic","CB","MSM","TR","C",20,"MSM_202309_TR_LYSC_20CM",2023,9,14,NA,NA,20.7924830162965,0.655347063160835,3.15184609095121,"Within Range","Within Range","Std curve r2 low; MC 10 out of range; Spk recovery out of range",1,"202309","Plate 5 std curve used. 
MC's both bad on Plates 1 and 3, MC 10 bad on Plates 2 and 7.  
2/7 plates had a bad dup. 
2/6 plates had a bad spk. 
",""
"59","COMPASS: Synoptic","CB","MSM","TR","C",45,"MSM_202309_TR_LYSC_45CM",2023,9,14,NA,NA,0,0,0,"bdl","Within Range","Std curve r2 low; MC 10 out of range; Spk recovery out of range",1,"202309","Plate 5 std curve used. 
MC's both bad on Plates 1 and 3, MC 10 bad on Plates 2 and 7.  
2/7 plates had a bad dup. 
2/6 plates had a bad spk. 
",""
"60","COMPASS: Synoptic","CB","MSM","UP","A",45,"MSM_202309_UP_LYSA_45CM",2023,9,14,NA,NA,0,0,0,"bdl","Within Range","Std curve r2 low; MC 10 out of range; MC 20 out of range",1,"202309","Plate 5 std curve used. 
MC's both bad on Plates 1 and 3, MC 10 bad on Plates 2 and 7.  
2/7 plates had a bad dup. 
2/6 plates had a bad spk. 
",""
"61","COMPASS: Synoptic","CB","MSM","UP","B",10,"MSM_202309_UP_LYSB_10CM",2023,9,14,NA,NA,0,0,0,"bdl","Within Range","Std curve r2 low; MC 10 out of range; Spk recovery out of range",1,"202309","Plate 5 std curve used. 
MC's both bad on Plates 1 and 3, MC 10 bad on Plates 2 and 7.  
2/7 plates had a bad dup. 
2/6 plates had a bad spk. 
",""
"62","COMPASS: Synoptic","CB","MSM","UP","B",45,"MSM_202309_UP_LYSB_45CM",2023,9,14,NA,NA,0,0,0,"bdl","Within Range","Std curve r2 low; MC 10 out of range; Spk recovery out of range",1,"202309","Plate 5 std curve used. 
MC's both bad on Plates 1 and 3, MC 10 bad on Plates 2 and 7.  
2/7 plates had a bad dup. 
2/6 plates had a bad spk. 
",""
"63","COMPASS: Synoptic","CB","MSM","UP","C",10,"MSM_202309_UP_LYSC_10CM",2023,9,14,NA,NA,0,0,0,"bdl","Within Range","Std curve r2 low; MC 10 out of range; Spk recovery out of range",1,"202309","Plate 5 std curve used. 
MC's both bad on Plates 1 and 3, MC 10 bad on Plates 2 and 7.  
2/7 plates had a bad dup. 
2/6 plates had a bad spk. 
",""
"64","COMPASS: Synoptic","CB","MSM","UP","C",20,"MSM_202309_UP_LYSC_20CM",2023,9,14,NA,NA,0,0,0,"bdl","Within Range","Std curve r2 low; MC 10 out of range; Spk recovery out of range",1,"202309","Plate 5 std curve used. 
MC's both bad on Plates 1 and 3, MC 10 bad on Plates 2 and 7.  
2/7 plates had a bad dup. 
2/6 plates had a bad spk. 
",""
"65","COMPASS: Synoptic","CB","MSM","UP","C",45,"MSM_202309_UP_LYSC_45CM",2023,9,14,NA,NA,0,0,0,"bdl","Within Range","Std curve r2 low; MC 10 out of range; Spk recovery out of range",1,"202309","Plate 5 std curve used. 
MC's both bad on Plates 1 and 3, MC 10 bad on Plates 2 and 7.  
2/7 plates had a bad dup. 
2/6 plates had a bad spk. 
",""
"66","COMPASS: Synoptic","CB","MSM","WC","A",10,"MSM_202309_WC_LYSA_10CM",2023,9,14,NA,NA,521.795245837805,8.41387955747667,1.61248681826665,"Within Range","Within Range","Std curve r2 low; MC 10 out of range; Spk recovery out of range",25,"202309","Plate 5 std curve used. 
MC's both bad on Plates 1 and 3, MC 10 bad on Plates 2 and 7.  
2/7 plates had a bad dup. 
2/6 plates had a bad spk. 
",""
"67","COMPASS: Synoptic","CB","MSM","WC","A",20,"MSM_202309_WC_LYSA_20CM",2023,9,14,NA,NA,1121.70430103165,87.7090614127533,7.81926763872488,"Within Range","Within Range","Std curve r2 low; MC 10 out of range; Spk recovery out of range",25,"202309","Plate 5 std curve used. 
MC's both bad on Plates 1 and 3, MC 10 bad on Plates 2 and 7.  
2/7 plates had a bad dup. 
2/6 plates had a bad spk. 
",""
"68","COMPASS: Synoptic","CB","MSM","WC","A",45,"MSM_202309_WC_LYSA_45CM",2023,9,14,NA,NA,0,0,0,"bdl","Within Range","Std curve r2 low; MC 10 out of range; Spk recovery out of range",1,"202309","Plate 5 std curve used. 
MC's both bad on Plates 1 and 3, MC 10 bad on Plates 2 and 7.  
2/7 plates had a bad dup. 
2/6 plates had a bad spk. 
",""
"69","COMPASS: Synoptic","CB","MSM","WC","B",10,"MSM_202309_WC_LYSB_10CM",2023,9,14,NA,NA,1883.24174630252,149.51168435366,7.93905958420924,"Within Range","Within Range","Std curve r2 low; MC 10 out of range; Spk recovery out of range",25,"202309","Plate 5 std curve used. 
MC's both bad on Plates 1 and 3, MC 10 bad on Plates 2 and 7.  
2/7 plates had a bad dup. 
2/6 plates had a bad spk. 
",""
"70","COMPASS: Synoptic","CB","MSM","WC","B",20,"MSM_202309_WC_LYSB_20CM",2023,9,14,NA,NA,1728.05866012428,113.587374025936,6.57312026767465,"Within Range","Within Range","Std curve r2 low; MC 10 out of range; Spk recovery out of range",25,"202309","Plate 5 std curve used. 
MC's both bad on Plates 1 and 3, MC 10 bad on Plates 2 and 7.  
2/7 plates had a bad dup. 
2/6 plates had a bad spk. 
",""
"71","COMPASS: Synoptic","CB","MSM","WC","B",45,"MSM_202309_WC_LYSB_45CM",2023,9,14,NA,NA,1.00044212097542,0.0594951129117868,5.94688204988607,"Within Range","Within Range","Std curve r2 low; MC 10 out of range; Spk recovery out of range",1,"202309","Plate 5 std curve used. 
MC's both bad on Plates 1 and 3, MC 10 bad on Plates 2 and 7.  
2/7 plates had a bad dup. 
2/6 plates had a bad spk. 
",""
"72","COMPASS: Synoptic","CB","MSM","WC","C",10,"MSM_202309_WC_LYSC_10CM",2023,9,14,NA,NA,2403.82398428066,159.68601724145,6.64299958256869,"Within Range","Within Range","Std curve r2 low; MC 10 out of range; Spk recovery out of range",25,"202309","Plate 5 std curve used. 
MC's both bad on Plates 1 and 3, MC 10 bad on Plates 2 and 7.  
2/7 plates had a bad dup. 
2/6 plates had a bad spk. 
",""
"73","COMPASS: Synoptic","CB","MSM","WC","C",20,"MSM_202309_WC_LYSC_20CM",2023,9,14,NA,NA,2026.52580989841,80.2127474762037,3.95814092692087,"Within Range","Within Range","Std curve r2 low; MC 10 out of range; Spk recovery out of range",25,"202309","Plate 5 std curve used. 
MC's both bad on Plates 1 and 3, MC 10 bad on Plates 2 and 7.  
2/7 plates had a bad dup. 
2/6 plates had a bad spk. 
",""
"74","COMPASS: Synoptic","CB","MSM","WC","C",45,"MSM_202309_WC_LYSC_45CM",2023,9,14,NA,NA,0,0,0,"bdl","Within Range","Std curve r2 low; MC 10 out of range; MC 20 out of range",1,"202309","Plate 5 std curve used. 
MC's both bad on Plates 1 and 3, MC 10 bad on Plates 2 and 7.  
2/7 plates had a bad dup. 
2/6 plates had a bad spk. 
",""
"75","COMPASS: Synoptic","CB","SWH","SW","A",0,"SWH_202309_SW_A",2023,9,20,NA,NA,0,0,0,"bdl","Within Range","Std curve r2 low; Spk recovery out of range",1,"202309","Plate 5 std curve used. 
MC's both bad on Plates 1 and 3, MC 10 bad on Plates 2 and 7.  
2/7 plates had a bad dup. 
2/6 plates had a bad spk. 
",""
"76","COMPASS: Synoptic","CB","SWH","SW","B",0,"SWH_202309_SW_B",2023,9,20,NA,NA,0,0,0,"bdl","Within Range","Std curve r2 low; Spk recovery out of range",1,"202309","Plate 5 std curve used. 
MC's both bad on Plates 1 and 3, MC 10 bad on Plates 2 and 7.  
2/7 plates had a bad dup. 
2/6 plates had a bad spk. 
",""
"77","COMPASS: Synoptic","CB","SWH","SW","C",0,"SWH_202309_SW_C",2023,9,20,NA,NA,0,0,0,"bdl","Within Range","Std curve r2 low; Spk recovery out of range",1,"202309","Plate 5 std curve used. 
MC's both bad on Plates 1 and 3, MC 10 bad on Plates 2 and 7.  
2/7 plates had a bad dup. 
2/6 plates had a bad spk. 
",""
"78","COMPASS: Synoptic","CB","SWH","TR","A",10,"SWH_202309_TR_LYSA_10CM",2023,9,20,NA,NA,29.4688536492654,1.05173494468459,3.56897135260914,"Within Range","Within Range","Std curve r2 low; Spk recovery out of range",1,"202309","Plate 5 std curve used. 
MC's both bad on Plates 1 and 3, MC 10 bad on Plates 2 and 7.  
2/7 plates had a bad dup. 
2/6 plates had a bad spk. 
",""
"79","COMPASS: Synoptic","CB","SWH","TR","A",20,"SWH_202309_TR_LYSA_20CM",2023,9,20,NA,NA,585.008803306578,91.5009401875596,15.6409509857594,"Within Range","High CV","Std curve r2 low; MC 10 out of range; Dup perc diff out of range",25,"202309","Plate 5 std curve used. 
MC's both bad on Plates 1 and 3, MC 10 bad on Plates 2 and 7.  
2/7 plates had a bad dup. 
2/6 plates had a bad spk. 
",""
"80","COMPASS: Synoptic","CB","SWH","TR","A",45,"SWH_202309_TR_LYSA_45CM",2023,9,20,NA,NA,759.775697484952,35.5417948590156,4.67793257624163,"Within Range","Within Range","Std curve r2 low; MC 10 out of range; Dup perc diff out of range",25,"202309","Plate 5 std curve used. 
MC's both bad on Plates 1 and 3, MC 10 bad on Plates 2 and 7.  
2/7 plates had a bad dup. 
2/6 plates had a bad spk. 
",""
"81","COMPASS: Synoptic","CB","SWH","TR","B",10,"SWH_202309_TR_LYSB_10CM",2023,9,20,NA,NA,0,0,0,"bdl","Within Range","Std curve r2 low; Spk recovery out of range",1,"202309","Plate 5 std curve used. 
MC's both bad on Plates 1 and 3, MC 10 bad on Plates 2 and 7.  
2/7 plates had a bad dup. 
2/6 plates had a bad spk. 
",""
"82","COMPASS: Synoptic","CB","SWH","TR","B",20,"SWH_202309_TR_LYSB_20CM",2023,9,20,NA,NA,230.26919257005,13.6320429199103,5.92004634565406,"Within Range","Within Range","Std curve r2 low; MC 10 out of range; Dup perc diff out of range",25,"202309","Plate 5 std curve used. 
MC's both bad on Plates 1 and 3, MC 10 bad on Plates 2 and 7.  
2/7 plates had a bad dup. 
2/6 plates had a bad spk. 
",""
"83","COMPASS: Synoptic","CB","SWH","TR","B",45,"SWH_202309_TR_LYSB_45CM",2023,9,20,NA,NA,602.857337180114,123.052988528097,20.4116265887518,"Within Range","High CV","Std curve r2 low; MC 10 out of range; Dup perc diff out of range",25,"202309","Plate 5 std curve used. 
MC's both bad on Plates 1 and 3, MC 10 bad on Plates 2 and 7.  
2/7 plates had a bad dup. 
2/6 plates had a bad spk. 
",""
"84","COMPASS: Synoptic","CB","SWH","TR","C",10,"SWH_202309_TR_LYSC_10CM",2023,9,20,NA,NA,0,0,0,"bdl","Within Range","Std curve r2 low; Spk recovery out of range",1,"202309","Plate 5 std curve used. 
MC's both bad on Plates 1 and 3, MC 10 bad on Plates 2 and 7.  
2/7 plates had a bad dup. 
2/6 plates had a bad spk. 
",""
"85","COMPASS: Synoptic","CB","SWH","TR","C",20,"SWH_202309_TR_LYSC_20CM",2023,9,20,NA,NA,12.8102220339651,1.64070651370796,12.8077913822086,"Within Range","High CV","Std curve r2 low; Spk recovery out of range",1,"202309","Plate 5 std curve used. 
MC's both bad on Plates 1 and 3, MC 10 bad on Plates 2 and 7.  
2/7 plates had a bad dup. 
2/6 plates had a bad spk. 
",""
"86","COMPASS: Synoptic","CB","SWH","TR","C",45,"SWH_202309_TR_LYSC_45CM",2023,9,20,NA,NA,274.89052725389,18.9312290043227,6.88682480020046,"Within Range","Within Range","Std curve r2 low; MC 10 out of range; Dup perc diff out of range",25,"202309","Plate 5 std curve used. 
MC's both bad on Plates 1 and 3, MC 10 bad on Plates 2 and 7.  
2/7 plates had a bad dup. 
2/6 plates had a bad spk. 
",""
"87","COMPASS: Synoptic","CB","SWH","UPCON","A",10,"SWH_202309_UPCON_LYSA_10CM",2023,9,20,NA,NA,0,0,0,"bdl","Within Range","Std curve r2 low; MC 10 out of range; MC 20 out of range",1,"202309","Plate 5 std curve used. 
MC's both bad on Plates 1 and 3, MC 10 bad on Plates 2 and 7.  
2/7 plates had a bad dup. 
2/6 plates had a bad spk. 
",""
"88","COMPASS: Synoptic","CB","SWH","UPCON","A",20,"SWH_202309_UPCON_LYSA_20CM",2023,9,20,NA,NA,0,0,0,"bdl","Within Range","Std curve r2 low; MC 10 out of range; MC 20 out of range",1,"202309","Plate 5 std curve used. 
MC's both bad on Plates 1 and 3, MC 10 bad on Plates 2 and 7.  
2/7 plates had a bad dup. 
2/6 plates had a bad spk. 
",""
"89","COMPASS: Synoptic","CB","SWH","UPCON","A",45,"SWH_202309_UPCON_LYSA_45CM",2023,9,20,NA,NA,10.6683979691408,0.126208193362151,1.18300979891469,"Within Range","Within Range","Std curve r2 low; MC 10 out of range; MC 20 out of range",1,"202309","Plate 5 std curve used. 
MC's both bad on Plates 1 and 3, MC 10 bad on Plates 2 and 7.  
2/7 plates had a bad dup. 
2/6 plates had a bad spk. 
",""
"90","COMPASS: Synoptic","CB","SWH","UPCON","B",10,"SWH_202309_UPCON_LYSB_10CM",2023,9,20,NA,NA,0,0,0,"bdl","Within Range","Std curve r2 low; MC 10 out of range; MC 20 out of range",1,"202309","Plate 5 std curve used. 
MC's both bad on Plates 1 and 3, MC 10 bad on Plates 2 and 7.  
2/7 plates had a bad dup. 
2/6 plates had a bad spk. 
",""
"91","COMPASS: Synoptic","CB","SWH","UPCON","B",20,"SWH_202309_UPCON_LYSB_20CM",2023,9,20,NA,NA,0,0,0,"bdl","Within Range","Std curve r2 low; MC 10 out of range; MC 20 out of range",1,"202309","Plate 5 std curve used. 
MC's both bad on Plates 1 and 3, MC 10 bad on Plates 2 and 7.  
2/7 plates had a bad dup. 
2/6 plates had a bad spk. 
",""
"92","COMPASS: Synoptic","CB","SWH","UPCON","B",45,"SWH_202309_UPCON_LYSB_45CM",2023,9,20,NA,NA,12.007038009656,1.68277591149535,14.0149128381377,"Within Range","High CV","Std curve r2 low; MC 10 out of range; MC 20 out of range",1,"202309","Plate 5 std curve used. 
MC's both bad on Plates 1 and 3, MC 10 bad on Plates 2 and 7.  
2/7 plates had a bad dup. 
2/6 plates had a bad spk. 
",""
"93","COMPASS: Synoptic","CB","SWH","UPCON","C",10,"SWH_202309_UPCON_LYSC_10CM",2023,9,20,NA,NA,0,0,0,"bdl","Within Range","Std curve r2 low; MC 10 out of range; MC 20 out of range",1,"202309","Plate 5 std curve used. 
MC's both bad on Plates 1 and 3, MC 10 bad on Plates 2 and 7.  
2/7 plates had a bad dup. 
2/6 plates had a bad spk. 
",""
"94","COMPASS: Synoptic","CB","SWH","UPCON","C",20,"SWH_202309_UPCON_LYSC_20CM",2023,9,20,NA,NA,0,0,0,"bdl","Within Range","Std curve r2 low; MC 10 out of range; MC 20 out of range",1,"202309","Plate 5 std curve used. 
MC's both bad on Plates 1 and 3, MC 10 bad on Plates 2 and 7.  
2/7 plates had a bad dup. 
2/6 plates had a bad spk. 
",""
"95","COMPASS: Synoptic","CB","SWH","UPCON","C",45,"SWH_202309_UPCON_LYSC_45CM",2023,9,20,NA,NA,16.6179092603194,0.967596149109827,5.82261061817368,"Within Range","Within Range","Std curve r2 low; MC 10 out of range; MC 20 out of range",1,"202309","Plate 5 std curve used. 
MC's both bad on Plates 1 and 3, MC 10 bad on Plates 2 and 7.  
2/7 plates had a bad dup. 
2/6 plates had a bad spk. 
",""
"96","COMPASS: Synoptic","CB","SWH","UP","A",10,"SWH_202309_UP_LYSA_10CM",2023,9,20,NA,NA,0,0,0,"bdl","Within Range","Std curve r2 low; MC 10 out of range; MC 20 out of range",1,"202309","Plate 5 std curve used. 
MC's both bad on Plates 1 and 3, MC 10 bad on Plates 2 and 7.  
2/7 plates had a bad dup. 
2/6 plates had a bad spk. 
",""
"97","COMPASS: Synoptic","CB","SWH","UP","A",20,"SWH_202309_UP_LYSA_20CM",2023,9,20,NA,NA,4.71888667796209,0.0420693977873837,0.891511084253285,"Within Range","Within Range","Std curve r2 low; MC 10 out of range; MC 20 out of range",1,"202309","Plate 5 std curve used. 
MC's both bad on Plates 1 and 3, MC 10 bad on Plates 2 and 7.  
2/7 plates had a bad dup. 
2/6 plates had a bad spk. 
",""
"98","COMPASS: Synoptic","CB","SWH","UP","A",45,"SWH_202309_UP_LYSA_45CM",2023,9,20,NA,NA,5.61131337163889,0.631040966810756,11.2458692825856,"Within Range","High CV","Std curve r2 low; MC 10 out of range; MC 20 out of range",1,"202309","Plate 5 std curve used. 
MC's both bad on Plates 1 and 3, MC 10 bad on Plates 2 and 7.  
2/7 plates had a bad dup. 
2/6 plates had a bad spk. 
",""
"99","COMPASS: Synoptic","CB","SWH","UP","B",10,"SWH_202309_UP_LYSB_10CM",2023,9,20,NA,NA,0,0,0,"bdl","Within Range","Std curve r2 low; MC 10 out of range; MC 20 out of range",1,"202309","Plate 5 std curve used. 
MC's both bad on Plates 1 and 3, MC 10 bad on Plates 2 and 7.  
2/7 plates had a bad dup. 
2/6 plates had a bad spk. 
",""
"100","COMPASS: Synoptic","CB","SWH","UP","B",20,"SWH_202309_UP_LYSB_20CM",2023,9,20,NA,NA,2.69605283896134,0.126208193362151,4.68122106281764,"Within Range","Within Range","Std curve r2 low; MC 10 out of range; MC 20 out of range",1,"202309","Plate 5 std curve used. 
MC's both bad on Plates 1 and 3, MC 10 bad on Plates 2 and 7.  
2/7 plates had a bad dup. 
2/6 plates had a bad spk. 
",""
"101","COMPASS: Synoptic","CB","SWH","UP","B",45,"SWH_202309_UP_LYSB_45CM",2023,9,20,NA,NA,0.702966556416489,0.420693977873836,59.8455181165954,"Within Range","High CV","Std curve r2 low; MC 10 out of range; MC 20 out of range",1,"202309","Plate 5 std curve used. 
MC's both bad on Plates 1 and 3, MC 10 bad on Plates 2 and 7.  
2/7 plates had a bad dup. 
2/6 plates had a bad spk. 
",""
"102","COMPASS: Synoptic","CB","SWH","UP","C",10,"SWH_202309_UP_LYSC_10CM",2023,9,20,NA,NA,0,0,0,"bdl","Within Range","Std curve r2 low; MC 10 out of range; MC 20 out of range",1,"202309","Plate 5 std curve used. 
MC's both bad on Plates 1 and 3, MC 10 bad on Plates 2 and 7.  
2/7 plates had a bad dup. 
2/6 plates had a bad spk. 
",""
"103","COMPASS: Synoptic","CB","SWH","UP","C",20,"SWH_202309_UP_LYSC_20CM",2023,9,20,NA,NA,0,0,0,"bdl","Within Range","Std curve r2 low; MC 10 out of range; MC 20 out of range",1,"202309","Plate 5 std curve used. 
MC's both bad on Plates 1 and 3, MC 10 bad on Plates 2 and 7.  
2/7 plates had a bad dup. 
2/6 plates had a bad spk. 
",""
"104","COMPASS: Synoptic","CB","SWH","UP","C",45,"SWH_202309_UP_LYSC_45CM",2023,9,20,NA,NA,43.4997844442951,2.30602730187372,5.30123845746125,"Within Range","Within Range","Std curve r2 low; MC 10 out of range; MC 20 out of range",1,"202309","Plate 5 std curve used. 
MC's both bad on Plates 1 and 3, MC 10 bad on Plates 2 and 7.  
2/7 plates had a bad dup. 
2/6 plates had a bad spk. 
",""
"105","COMPASS: Synoptic","CB","SWH","WC","A",10,"SWH_202309_WC_LYSA_10CM",2023,9,20,NA,NA,1.50615058072561,0.294485784511686,19.5522139871176,"Within Range","High CV","Std curve r2 low; Spk recovery out of range",1,"202309","Plate 5 std curve used. 
MC's both bad on Plates 1 and 3, MC 10 bad on Plates 2 and 7.  
2/7 plates had a bad dup. 
2/6 plates had a bad spk. 
",""
"106","COMPASS: Synoptic","CB","SWH","WC","A",20,"SWH_202309_WC_LYSA_20CM",2023,9,20,NA,NA,0,0,0,"bdl","Within Range","Std curve r2 low; Spk recovery out of range",1,"202309","Plate 5 std curve used. 
MC's both bad on Plates 1 and 3, MC 10 bad on Plates 2 and 7.  
2/7 plates had a bad dup. 
2/6 plates had a bad spk. 
",""
"107","COMPASS: Synoptic","CB","SWH","WC","A",45,"SWH_202309_WC_LYSA_45CM",2023,9,20,NA,NA,2.24983949212294,0.336555182299069,14.9590752352514,"Within Range","High CV","Std curve r2 low; Spk recovery out of range",1,"202309","Plate 5 std curve used. 
MC's both bad on Plates 1 and 3, MC 10 bad on Plates 2 and 7.  
2/7 plates had a bad dup. 
2/6 plates had a bad spk. 
",""
"108","COMPASS: Synoptic","CB","SWH","WC","B",10,"SWH_202309_WC_LYSB_10CM",2023,9,20,NA,NA,14.9619619509414,1.13872672138146,7.6108115039673,"Within Range","Within Range","Std curve r2 low; Spk recovery out of range",1,"202309","Plate 5 std curve used. 
MC's both bad on Plates 1 and 3, MC 10 bad on Plates 2 and 7.  
2/7 plates had a bad dup. 
2/6 plates had a bad spk. 
",""
"109","COMPASS: Synoptic","CB","SWH","WC","B",20,"SWH_202309_WC_LYSB_20CM",2023,9,20,NA,NA,0,0,0,"bdl","Within Range","Std curve r2 low; Spk recovery out of range",1,"202309","Plate 5 std curve used. 
MC's both bad on Plates 1 and 3, MC 10 bad on Plates 2 and 7.  
2/7 plates had a bad dup. 
2/6 plates had a bad spk. 
",""
"110","COMPASS: Synoptic","CB","SWH","WC","B",45,"SWH_202309_WC_LYSB_45CM",2023,9,20,NA,NA,0,0,0,"bdl","Within Range","Std curve r2 low; Spk recovery out of range",1,"202309","Plate 5 std curve used. 
MC's both bad on Plates 1 and 3, MC 10 bad on Plates 2 and 7.  
2/7 plates had a bad dup. 
2/6 plates had a bad spk. 
",""
"111","COMPASS: Synoptic","CB","SWH","WC","C",10,"SWH_202309_WC_LYSC_10CM",2023,9,20,NA,NA,86.5544144881247,3.2980905352593,3.81042440730945,"Within Range","Within Range","Std curve r2 low; Spk recovery out of range",1,"202309","Plate 5 std curve used. 
MC's both bad on Plates 1 and 3, MC 10 bad on Plates 2 and 7.  
2/7 plates had a bad dup. 
2/6 plates had a bad spk. 
",""
"112","COMPASS: Synoptic","CB","SWH","WC","C",20,"SWH_202309_WC_LYSC_20CM",2023,9,20,NA,NA,8.49682634786055,0.504832773448605,5.9414274551547,"Within Range","Within Range","Std curve r2 low; Spk recovery out of range",1,"202309","Plate 5 std curve used. 
MC's both bad on Plates 1 and 3, MC 10 bad on Plates 2 and 7.  
2/7 plates had a bad dup. 
2/6 plates had a bad spk. 
",""
"113","COMPASS: Synoptic","CB","SWH","WC","C",45,"SWH_202309_WC_LYSC_45CM",2023,9,20,NA,NA,12.5722415823179,0.883457353535056,7.0270472274219,"Within Range","Within Range","Std curve r2 low; Spk recovery out of range",1,"202309","Plate 5 std curve used. 
MC's both bad on Plates 1 and 3, MC 10 bad on Plates 2 and 7.  
2/7 plates had a bad dup. 
2/6 plates had a bad spk. 
",""
