Site,Site Code,Zone,Zone Code,Point ID,Location of Measure,Type,Field User Description,Northing,Easting,Elevation,GlobalLati,GlobalLong,GlobalElli,LocalLatit,LocalLongi,LocalEllip,H_Prec_Obs,V_Prec_Obs,Date_Obs,Time_Obs
Moneystump Swamp,MSM,Upland,UP,MSM_UP_Soil_Flux_Collar_1,Center,GHG Soil Flux Collar,Up-Collar1,4254321.436,392980.035,0.753,NA,NA,NA,38.4307538,76.2261277,-33.8870000,0.005,0.005,6/4/2025,NA
Moneystump Swamp,MSM,Upland,UP,MSM_UP_Soil_Flux_Collar_2,Center,GHG Soil Flux Collar,Up-Collar2,4254329.569,392987.176,0.695,NA,NA,NA,38.4308127,76.2260469,-30.2090000,0.005,0.005,6/4/2025,NA
Moneystump Swamp,MSM,Upland,UP,MSM_UP_Soil_Flux_Collar_3,Center,GHG Soil Flux Collar,Up-Collar3,4254329.795,392981.501,0.718,NA,NA,NA,38.4308315,76.2261099,-30.3110000,0.005,0.005,6/4/2025,NA
Moneystump Swamp,MSM,Upland,UP,MSM_UP_Soil_Flux_Collar_4,Center,GHG Soil Flux Collar,Up-Collar4,4254340.58,392975.544,0.696,NA,NA,NA,38.4309240,76.2261862,-32.7540000,0.005,0.005,6/4/2025,NA
Moneystump Swamp,MSM,Upland,UP,MSM_UP_Soil_Flux_Collar_5,Center,GHG Soil Flux Collar,Up-Collar5,4254333.895,392972.308,0.711,NA,NA,NA,38.4308565,76.2262190,-30.7860000,0.005,0.005,6/4/2025,NA
Moneystump Swamp,MSM,Upland,UP,MSM_UP_GasWells_A,Center of Cluster,GHG Soil Gas Well,Up-Gas-A,4254334.625,392972.094,0.733,NA,NA,NA,NA,NA,NA,0.005,0.005,6/4/2025,NA
Moneystump Swamp,MSM,Upland,UP,MSM_UP_GasWells_B,Center of Cluster,GHG Soil Gas Well,Up-Gas-B,4254330.4,392982.631,0.701,NA,NA,NA,NA,NA,NA,0.005,0.005,6/4/2025,NA
Moneystump Swamp,MSM,Upland,UP,MSM_UP_GasWells_C,Center of Cluster,GHG Soil Gas Well,Up-Gas-C,4254331.962,392981.421,0.714,NA,NA,NA,NA,NA,NA,0.005,0.005,6/4/2025,NA
Moneystump Swamp,MSM,Upland,UP,MSM_UP_LoggerBox,Pole Base ,Logger Box,Up-Logger Box,4254332.824,392973.463,0.735,NA,NA,NA,NA,NA,NA,0.005,0.005,6/4/2025,NA
Moneystump Swamp,MSM,Upland,UP,MSM_UP_Multiplexer,Pole Base ,Multiplexer Box,Up-Multi Box,4254330.336,392979.795,0.743,NA,NA,NA,NA,NA,NA,0.005,0.005,6/4/2025,NA
Moneystump Swamp,MSM,Upland,UP,MSM_UP_SamplingZone,Corner,Sampling Zone,Up-Sample1,4254321.901,392983.835,0.732,NA,NA,NA,NA,NA,NA,0.005,0.005,6/4/2025,NA
Moneystump Swamp,MSM,Upland,UP,MSM_UP_SamplingZone,Corner,Sampling Zone,Up-Sample2,4254319.077,392986.914,0.764,NA,NA,NA,NA,NA,NA,0.005,0.005,6/4/2025,NA
Moneystump Swamp,MSM,Upland,UP,MSM_UP_SamplingZone,Corner,Sampling Zone,Up-Sample3,4254313.969,392981.597,0.785,NA,NA,NA,NA,NA,NA,0.005,0.005,6/4/2025,NA
Moneystump Swamp,MSM,Upland,UP,MSM_UP_SamplingZone,Corner,Sampling Zone,Up-Sample4,4254316.688,392979.534,0.761,NA,NA,NA,NA,NA,NA,0.005,0.005,6/4/2025,NA
Moneystump Swamp,MSM,Upland,UP,MSM_UP_Lysimeters_A,Center of Cluster,Porewater Lysimeter,Up-sip-A,4254334.26,392972.565,0.749,NA,NA,NA,NA,NA,NA,0.005,0.005,6/4/2025,NA
Moneystump Swamp,MSM,Upland,UP,MSM_UP_Lysimeters_B,Center of Cluster,Porewater Lysimeter,Up-sip-B,4254330.145,392982.025,0.738,NA,NA,NA,NA,NA,NA,0.005,0.005,6/4/2025,NA
Moneystump Swamp,MSM,Upland,UP,MSM_UP_Lysimeters_C,Center of Cluster,Porewater Lysimeter,Up-sip-C,4254331.315,392981.578,0.723,NA,NA,NA,NA,NA,NA,0.005,0.005,6/4/2025,NA
Moneystump Swamp,MSM,Upland,UP,MSM_UP_Teros,Teros cluster,Teros12,Up-Teros1,4254330.395,392982.498,0.706,NA,NA,NA,38.43085854,76.22621947,-29.85,0.005,0.005,6/4/2025,NA
Moneystump Swamp,MSM,Upland,UP,MSM_UP_Teros,Teros cluster,Teros12,Up-Teros2,4254331.884,392980.633,0.729,NA,NA,NA,38.4308472,76.22612538,-28.269,0.005,0.005,6/4/2025,NA
Moneystump Swamp,MSM,Upland,UP,MSM_UP_Teros,Teros cluster,Teros12,Up-Teros3,4254333.28,392972.23,0.722,NA,NA,NA,38.43084914,76.22621823,-30.512,0.005,0.005,6/4/2025,NA
Moneystump Swamp,MSM,Upland,UP,MSM_UP_Teros,Teros cluster,Teros12,Up-Teros4,4254334.91,392972.472,0.754,NA,NA,NA,38.43083219,76.22610916,-32.279,0.005,0.005,6/4/2025,NA
Moneystump Swamp,MSM,Upland,UP,MSM_UP_Tree_Plot,Plot corner,Tree Plot,Up-Tree Plot1,4254316.595,392979.28,0.748,NA,NA,NA,38.43070529,76.22613627,-31.935,0.005,0.005,6/4/2025,NA
Moneystump Swamp,MSM,Upland,UP,MSM_UP_Tree_Plot,Plot corner,Tree Plot,Up-Tree Plot2,4254329.795,392991.754,0.661,NA,NA,NA,38.43081948,76.22599619,-32.728,0.005,0.005,6/4/2025,NA
Moneystump Swamp,MSM,Upland,UP,MSM_UP_Tree_Plot,Plot corner,Tree Plot,Up-Tree Plot3,4254344.657,392977.286,0.779,NA,NA,NA,38.43095397,76.22617125,-31.875,0.005,0.005,6/4/2025,NA
Moneystump Swamp,MSM,Upland,UP,MSM_UP_Tree_Plot,Plot corner,Tree Plot,Up-Tree Plot4,4254329.364,392964.096,0.746,NA,NA,NA,38.43081554,76.22631319,-31.254,0.005,0.005,6/4/2025,NA
Moneystump Swamp,MSM,Upland,UP,MSM_UP_VegPlot_1,Front corner ,Ground Vegetation Plot,Up-Veg1A,4254318.593,392979.833,0.755,NA,NA,NA,NA,NA,NA,0.005,0.005,6/4/2025,NA
Moneystump Swamp,MSM,Upland,UP,MSM_UP_VegPlot_1,Back corner,Ground Vegetation Plot,Up-Veg1B,4254321.087,392981.104,0.776,NA,NA,NA,NA,NA,NA,0.005,0.005,6/4/2025,NA
Moneystump Swamp,MSM,Upland,UP,MSM_UP_VegPlot_2,Front corner ,Ground Vegetation Plot,Up-Veg2A,4254325.622,392985.637,0.716,NA,NA,NA,NA,NA,NA,0.005,0.005,6/4/2025,NA
Moneystump Swamp,MSM,Upland,UP,MSM_UP_VegPlot_2,Back corner,Ground Vegetation Plot,Up-Veg2B,4254328.593,392986.826,0.68,NA,NA,NA,NA,NA,NA,0.005,0.005,6/4/2025,NA
Moneystump Swamp,MSM,Upland,UP,MSM_UP_VegPlot_3,Front corner ,Ground Vegetation Plot,Up-Veg3A,4254329.486,392985.03,0.714,NA,NA,NA,NA,NA,NA,0.005,0.005,6/4/2025,NA
Moneystump Swamp,MSM,Upland,UP,MSM_UP_VegPlot_3,Back corner,Ground Vegetation Plot,Up-Veg3B,4254331.894,392986.054,0.689,NA,NA,NA,NA,NA,NA,0.005,0.005,6/4/2025,NA
Moneystump Swamp,MSM,Upland,UP,MSM_UP_VegPlot_4,Front corner ,Ground Vegetation Plot,Up-Veg4A,4254336.501,392974.147,0.768,NA,NA,NA,NA,NA,NA,0.005,0.005,6/4/2025,NA
Moneystump Swamp,MSM,Upland,UP,MSM_UP_VegPlot_4,Back corner,Ground Vegetation Plot,Up-Veg4B,4254339.57,392975.027,0.747,NA,NA,NA,NA,NA,NA,0.005,0.005,6/4/2025,NA
Moneystump Swamp,MSM,Upland,UP,MSM_UP_VegPlot_5,Front corner ,Ground Vegetation Plot,Up-Veg5A,4254341.075,392976.32,0.683,NA,NA,NA,NA,NA,NA,0.005,0.005,6/4/2025,NA
Moneystump Swamp,MSM,Upland,UP,MSM_UP_VegPlot_5,Back corner,Ground Vegetation Plot,Up-Veg5B,4254343.502,392976.857,0.741,NA,NA,NA,NA,NA,NA,0.005,0.005,6/4/2025,NA
Moneystump Swamp,MSM,Upland,UP,MSM_UP_AQ600,Well Base,AquaTROLL 600,Up-Well base,4254333.424,392974.722,0.719,NA,NA,NA,38.43083963,76.22619143,-30.258,0.005,0.005,6/4/2025,NA
Moneystump Swamp,MSM,Upland,UP,MSM_UP_AQ600,Well Top,AquaTROLL 600,Up-Well top,4254333.413,392974.763,1.564,NA,NA,NA,38.43083963,76.22619143,-30.258,0.005,0.005,6/4/2025,NA
Moneystump Swamp,MSM,Transition,TR,MSM_TR_AQ600,Well Base,AquaTROLL 600,tr-well-base,4254284.944,392905.555,0.479,NA,NA,NA,38.430411,76.226984,NA,0.014,0.024,6/4/2025,NA
Moneystump Swamp,MSM,Transition,TR,MSM_TR_AQ600,Well Top,AquaTROLL 600,tr-well-top,4254284.793,392905.614,1.343,NA,NA,NA,38.430411,76.226984,NA,0.013,0.02,6/4/2025,NA
Moneystump Swamp,MSM,Transition,TR,MSM_TR_Peep,Well Base,GW Sampling Well,MSM_TR_Peep,NA,NA,NA,NA,NA,NA,38.430411,76.226971,-34.223,,,6/4/2025,NA
Moneystump Swamp,MSM,Transition,TR,MSM_TR_Macrophyte_Flux_Collar_1_A,Front corner ,GHG Macrophyte Flux Collar,tr-collar-macro1-a,4254287.861,392908.526,0.504,NA,NA,NA,38.430437,76.226947,-33.593,0.012,0.018,6/4/2025,NA
Moneystump Swamp,MSM,Transition,TR,MSM_TR_Macrophyte_Flux_Collar_1_B,Back corner,GHG Macrophyte Flux Collar,tr-collar-macro1-b,4254288.146,392908.202,0.488,NA,NA,NA,38.430443,76.226949,-33.410,0.012,0.018,6/4/2025,NA
Moneystump Swamp,MSM,Transition,TR,MSM_TR_Macrophyte_Flux_Collar_2_A,Front corner ,GHG Macrophyte Flux Collar,tr-collar-macro-2a,4254283.49,392918.37,0.517,NA,NA,NA,38.430398,76.226838,-34.428,0.029,0.054,6/4/2025,NA
Moneystump Swamp,MSM,Transition,TR,MSM_TR_Macrophyte_Flux_Collar_2_B,Back corner,GHG Macrophyte Flux Collar,tr-collar-macro-2b,4254283.4,392917.867,0.523,NA,NA,NA,38.430403,76.226836,-34.963,0.069,0.117,6/4/2025,NA
Moneystump Swamp,MSM,Transition,TR,MSM_TR_Macrophyte_Flux_Collar_3_A,Front corner ,GHG Macrophyte Flux Collar,tr-collar-macro-3a,4254276.194,392914.867,0.487,NA,NA,NA,38.430332,76.226871,-34.608,0.021,0.038,6/4/2025,NA
Moneystump Swamp,MSM,Transition,TR,MSM_TR_Macrophyte_Flux_Collar_3_B,Back corner,GHG Macrophyte Flux Collar,tr-collar-macro-3b,4254276.49,392915.033,0.491,NA,NA,NA,38.430338,76.226867,-33.837,0.022,0.039,6/4/2025,NA
Moneystump Swamp,MSM,Transition,TR,MSM_TR_Macrophyte_Flux_Collar_4_A,Front corner ,GHG Macrophyte Flux Collar,tr-collar-macro-4a,4254279.062,392908.666,0.502,NA,NA,NA,38.430361,76.226945,-34.768,0.019,0.031,6/4/2025,NA
Moneystump Swamp,MSM,Transition,TR,MSM_TR_Macrophyte_Flux_Collar_4_B,Back corner,GHG Macrophyte Flux Collar,tr-collar-macro-4b,4254279.358,392908.996,0.485,NA,NA,NA,38.430366,76.226947,-34.154,0.021,0.038,6/4/2025,NA
Moneystump Swamp,MSM,Transition,TR,MSM_TR_Macrophyte_Flux_Collar_5_A,Front corner ,GHG Macrophyte Flux Collar,tr-collar-macro-5a,4254284.208,392903.451,0.444,NA,NA,NA,38.430406,76.227009,-33.069,0.017,0.028,6/4/2025,NA
Moneystump Swamp,MSM,Transition,TR,MSM_TR_Macrophyte_Flux_Collar_5_B,Back corner,GHG Macrophyte Flux Collar,tr-collar-macro-5b,4254284.244,392902.972,0.485,NA,NA,NA,38.430403,76.227009,-34.830,0.016,0.029,6/4/2025,NA
Moneystump Swamp,MSM,Transition,TR,MSM_TR_Soil_Flux_Collar_1,Center,GHG Soil Flux Collar,tr-collar-soil-1,4254287.319,392908.477,0.453,NA,NA,NA,NA,NA,NA,NA,NA,6/4/2025,NA
Moneystump Swamp,MSM,Transition,TR,MSM_TR_Soil_Flux_Collar_2,Center,GHG Soil Flux Collar,tr-collar-soil-2,4254285.198,392903.012,0.472,NA,NA,NA,NA,NA,NA,NA,NA,6/4/2025,NA
Moneystump Swamp,MSM,Transition,TR,MSM_TR_Soil_Flux_Collar_3,Center,GHG Soil Flux Collar,tr-collar-soil-3,4254279.471,392908.146,0.422,NA,NA,NA,NA,NA,NA,NA,NA,6/4/2025,NA
Moneystump Swamp,MSM,Transition,TR,MSM_TR_Soil_Flux_Collar_4,Center,GHG Soil Flux Collar,tr-collar-soil-4,4254275.694,392914.62,0.462,NA,NA,NA,NA,NA,NA,NA,NA,6/4/2025,NA
Moneystump Swamp,MSM,Transition,TR,MSM_TR_Soil_Flux_Collar_5,Center,GHG Soil Flux Collar,tr-collar-soil-5,4254283.033,392917.533,0.507,NA,NA,NA,NA,NA,NA,NA,NA,6/4/2025,NA
Moneystump Swamp,MSM,Transition,TR,MSM_TR_LoggerBox,Pole Base ,Logger Box,tr-loggerbox,4254283.922,392906.837,0.509,NA,NA,NA,NA,NA,NA,0.019,0.03,6/4/2025,NA
Moneystump Swamp,MSM,Transition,TR,MSM_TR_Multiplexer,Pole Base ,Multiplexer Box,tr-multiplex,4254285.297,392908.978,0.486,NA,NA,NA,NA,NA,NA,0.013,0.022,6/4/2025,NA
Moneystump Swamp,MSM,Transition,TR,MSM_TR_Lysimeters_A,Center of Cluster,Porewater Lysimeter,tr-sip-a,4254286.715,392908.59,0.519,NA,NA,NA,NA,NA,NA,0.013,0.022,6/4/2025,NA
Moneystump Swamp,MSM,Transition,TR,MSM_TR_Lysimeters_B,Center of Cluster,Porewater Lysimeter,tr-sip-b,4254285.541,392906.035,0.562,NA,NA,NA,NA,NA,NA,0.015,0.026,6/4/2025,NA
Moneystump Swamp,MSM,Transition,TR,MSM_TR_Lysimeters_C,Center of Cluster,Porewater Lysimeter,tr-sip-c,4254282.087,392905.476,0.485,NA,NA,NA,NA,NA,NA,0.014,0.023,6/4/2025,NA
Moneystump Swamp,MSM,Transition,TR,MSM_TR_SamplingZone,Corner,Sampling Zone,tr-sampling-a,4254277.39,392921.536,0.428,NA,NA,NA,NA,NA,NA,0.022,0.036,6/4/2025,NA
Moneystump Swamp,MSM,Transition,TR,MSM_TR_SamplingZone,Corner,Sampling Zone,tr-sampling-b,4254273.297,392916.8,0.548,NA,NA,NA,NA,NA,NA,0.023,0.041,6/4/2025,NA
Moneystump Swamp,MSM,Transition,TR,MSM_TR_SamplingZone,Corner,Sampling Zone,tr-sampling-c,4254271.497,392920.648,0.523,NA,NA,NA,NA,NA,NA,0.027,0.053,6/4/2025,NA
Moneystump Swamp,MSM,Transition,TR,MSM_TR_SamplingZone,Corner,Sampling Zone,tr-sampling-d,4254274.621,392925.458,0.54,NA,NA,NA,NA,NA,NA,0.04,0.063,6/4/2025,NA
Moneystump Swamp,MSM,Transition,TR,MSM_TR_Teros,Teros cluster,Teros12,MSM_TR_TEROS_2&6,4254285.716,392907.624,0.501,NA,NA,NA,38.430414,76.226967,-33.636,0.005,0.005,6/4/2025,NA
Moneystump Swamp,MSM,Transition,TR,MSM_TR_Teros,Teros cluster,Teros12,MSM_TR_TEROS_4,4254285.898,392906.058,0.477,NA,NA,NA,38.430411,76.226962,-33.575,0.005,0.005,6/4/2025,NA
Moneystump Swamp,MSM,Transition,TR,MSM_TR_Teros,Teros cluster,Teros12,MSM_TR_TEROS_1&5,4254286.955,392907.839,0.49,NA,NA,NA,38.430415,76.226958,-33.694,0.005,0.005,6/4/2025,NA
Moneystump Swamp,MSM,Transition,TR,MSM_TR_Teros,Teros cluster,Teros12,MSM_TR_TEROS_3,4254285.438,392907.052,0.496,NA,NA,NA,38.430431,76.226951,-34.053,0.005,0.005,6/4/2025,NA
Moneystump Swamp,MSM,Transition,TR,MSM_TR_Tree_Plot,Plot corner,Tree Plot,MSM_TR_TP_1,NA,NA,NA,NA,NA,NA,38.430357,76.226782,-33.579,NA,NA,6/4/2025,NA
Moneystump Swamp,MSM,Transition,TR,MSM_TR_Tree_Plot,Plot corner,Tree Plot,MSM_TR_TP_2,NA,NA,NA,NA,NA,NA,38.430523,76.226976,-32.834,NA,NA,6/4/2025,NA
Moneystump Swamp,MSM,Transition,TR,MSM_TR_Tree_Plot,Plot corner,Tree Plot,MSM_TR_TP_3,NA,NA,NA,NA,NA,NA,38.430431,76.227097,-33.513,NA,NA,6/4/2025,NA
Moneystump Swamp,MSM,Transition,TR,MSM_TR_Tree_Plot,Plot corner,Tree Plot,MSM_TR_TP_4,NA,NA,NA,NA,NA,NA,38.430261,76.226897,-34.774,NA,NA,6/4/2025,NA
Moneystump Swamp,MSM,Transition,TR,MSM_TR_GasWells_A,Center of Cluster,GHG Soil Gas Well,tr-gas-a,4254286.548,392908.888,0.504,NA,NA,NA,NA,NA,NA,0.014,0.023,6/4/2025,NA
Moneystump Swamp,MSM,Transition,TR,MSM_TR_GasWells_B,Center of Cluster,GHG Soil Gas Well,tr-gas-b,4254286.199,392905.749,0.522,NA,NA,NA,NA,NA,NA,0.014,0.024,6/4/2025,NA
Moneystump Swamp,MSM,Transition,TR,MSM_TR_GasWells_C,Center of Cluster,GHG Soil Gas Well,tr-gas-c,4254282.339,392905.055,0.469,NA,NA,NA,NA,NA,NA,0.014,0.024,6/4/2025,NA
Moneystump Swamp,MSM,Wetland,WC,MSM_WC_Macrophyte_Flux_Collar_1_A,Front corner ,GHG Macrophyte Flux Collar,wc-collar-1a,4254140.461,392865.178,0.334,NA,NA,NA,38.42910748,76.22741959,-34.609,0.01,0.015,6/4/2025,NA
Moneystump Swamp,MSM,Wetland,WC,MSM_WC_Macrophyte_Flux_Collar_1_B,Back corner,GHG Macrophyte Flux Collar,wc-collar-1b,4254140.429,392864.712,0.325,NA,NA,NA,38.42910748,76.22741959,-34.609,0.01,0.014,6/4/2025,NA
Moneystump Swamp,MSM,Wetland,WC,MSM_WC_Macrophyte_Flux_Collar_2_A,Front corner ,GHG Macrophyte Flux Collar,wc-collar-2a,4254141.671,392863.397,0.335,NA,NA,NA,38.42911804,76.22743985,-34.63,0.01,0.015,6/4/2025,NA
Moneystump Swamp,MSM,Wetland,WC,MSM_WC_Macrophyte_Flux_Collar_2_B,Back corner,GHG Macrophyte Flux Collar,wc-collar-2b,4254141.611,392862.958,0.326,NA,NA,NA,38.42911804,76.22743985,-34.63,0.011,0.015,6/4/2025,NA
Moneystump Swamp,MSM,Wetland,WC,MSM_WC_Macrophyte_Flux_Collar_3_A,Front corner ,GHG Macrophyte Flux Collar,wc-collar-3a,4254142.813,392861.718,0.333,NA,NA,NA,38.42912837,76.22745906,-34.591,0.01,0.015,6/4/2025,NA
Moneystump Swamp,MSM,Wetland,WC,MSM_WC_Macrophyte_Flux_Collar_3_B,Back corner,GHG Macrophyte Flux Collar,wc-collar-3b,4254142.743,392861.278,0.314,NA,NA,NA,38.42912837,76.22745906,-34.591,0.01,0.015,6/4/2025,NA
Moneystump Swamp,MSM,Wetland,WC,MSM_WC_Macrophyte_Flux_Collar_4_A,Front corner ,GHG Macrophyte Flux Collar,wc-collar-4a,4254145.787,392857.786,0.287,NA,NA,NA,38.42912837,76.22745906,-34.591,0.01,0.015,6/4/2025,NA
Moneystump Swamp,MSM,Wetland,WC,MSM_WC_Macrophyte_Flux_Collar_4_B,Back corner,GHG Macrophyte Flux Collar,wc-collar-4b,4254145.721,392857.337,0.274,NA,NA,NA,38.42912837,76.22745906,-34.591,0.01,0.015,6/4/2025,NA
Moneystump Swamp,MSM,Wetland,WC,MSM_WC_Macrophyte_Flux_Collar_5_A,Front corner ,GHG Macrophyte Flux Collar,wc-collar-5a,4254147.214,392855.973,0.321,NA,NA,NA,38.42916717,76.22752586,-34.562,0.01,0.014,6/4/2025,NA
Moneystump Swamp,MSM,Wetland,WC,MSM_WC_Macrophyte_Flux_Collar_5_B,Back corner,GHG Macrophyte Flux Collar,wc-collar-5b,4254147.195,392855.515,0.328,NA,NA,NA,38.42916717,76.22752586,-34.562,0.01,0.015,6/4/2025,NA
Moneystump Swamp,MSM,Wetland,WC,MSM_WC_GasWells_A,Center of Cluster,GHG Soil Gas Well,wc-gas-a,4254140.589,392863.518,0.322,NA,NA,NA,38.42910956,76.22743545,-34.614,0.01,0.014,6/4/2025,NA
Moneystump Swamp,MSM,Wetland,WC,MSM_WC_GasWells_B,Center of Cluster,GHG Soil Gas Well,wc-gas-b,4254141.994,392861.758,0.355,NA,NA,NA,38.42912092,76.22745562,-34.575,0.01,0.015,6/4/2025,NA
Moneystump Swamp,MSM,Wetland,WC,MSM_WC_GasWells_C,Center of Cluster,GHG Soil Gas Well,wc-gas-c,4254145.794,392856.294,0.344,NA,NA,NA,38.42915509,76.22751979,-34.621,0.01,0.014,6/4/2025,NA
Moneystump Swamp,MSM,Wetland,WC,MSM_WC_LoggerBox,Pole Base ,Logger Box,wc-logger-pole,4254144.4,392859.337,0.357,NA,NA,NA,NA,NA,NA,0.01,0.015,6/4/2025,NA
Moneystump Swamp,MSM,Wetland,WC,MSM_WC_PARsensor,Pole Base ,PAR Sensor,wc-par-pole,4254143.876,392860.207,0.328,NA,NA,NA,NA,NA,NA,0.01,0.015,6/4/2025,NA
Moneystump Swamp,MSM,Wetland,WC,MSM_WC_SamplingZone,Corner,Sampling Zone,wc-sampling-a,4254135.016,392874.995,0.301,NA,NA,NA,NA,NA,NA,0.01,0.015,6/4/2025,NA
Moneystump Swamp,MSM,Wetland,WC,MSM_WC_SamplingZone,Corner,Sampling Zone,wc-sampling-b,4254133.43,392877.879,0.267,NA,NA,NA,NA,NA,NA,0.01,0.015,6/4/2025,NA
Moneystump Swamp,MSM,Wetland,WC,MSM_WC_SamplingZone,Corner,Sampling Zone,wc-sampling-c,4254123.951,392867.137,0.291,NA,NA,NA,NA,NA,NA,0.01,0.015,6/4/2025,NA
Moneystump Swamp,MSM,Wetland,WC,MSM_WC_SamplingZone,Corner,Sampling Zone,wc-sampling-d,4254122.246,392869.766,0.277,NA,NA,NA,NA,NA,NA,0.01,0.015,6/4/2025,NA
Moneystump Swamp,MSM,Wetland,WC,MSM_WC_Lysimeters_A,Center of Cluster,Porewater Lysimeter,wc-sip-a,4254141.086,392863.746,0.307,NA,NA,NA,38.42911313,76.22743394,-34.614,0.01,0.015,6/4/2025,NA
Moneystump Swamp,MSM,Wetland,WC,MSM_WC_Lysimeters_B,Center of Cluster,Porewater Lysimeter,wc-sip-b,4254142.311,392862.138,0.34,NA,NA,NA,38.42912255,76.22745096,-34.571,0.01,0.015,6/4/2025,NA
Moneystump Swamp,MSM,Wetland,WC,MSM_WC_Lysimeters_C,Center of Cluster,Porewater Lysimeter,wc-sip-c,4254146.181,392856.503,0.326,NA,NA,NA,38.42915714,76.22751654,-34.497,0.01,0.015,6/4/2025,NA
Moneystump Swamp,MSM,Wetland,WC,MSM_WC_Teros,Teros cluster,Teros12,WC-Teros-1,4254142.687,392859.526,0.313,NA,NA,NA,38.4291277,76.22748317,-34.595,0.007,0.01,6/4/2025,NA
Moneystump Swamp,MSM,Wetland,WC,MSM_WC_Teros,Teros cluster,Teros12,WC-Teros-2,4254144.119,392857.697,0.292,NA,NA,NA,38.42913927,76.2275023,-34.628,0.008,0.011,6/4/2025,NA
Moneystump Swamp,MSM,Wetland,WC,MSM_WC_VegPlot_1,Front corner ,Ground Vegetation Plot,wc-veg1-a,4254129.749,392868.951,0.281,NA,NA,NA,NA,NA,NA,0.01,0.014,6/4/2025,NA
Moneystump Swamp,MSM,Wetland,WC,MSM_WC_VegPlot_1,Back corner,Ground Vegetation Plot,wc-veg1-b,4254129.479,392867.646,0.302,NA,NA,NA,NA,NA,NA,0.01,0.014,6/4/2025,NA
Moneystump Swamp,MSM,Wetland,WC,MSM_WC_VegPlot_2,Front corner ,Ground Vegetation Plot,wc-veg2-a,4254132.279,392864.863,0.288,NA,NA,NA,NA,NA,NA,0.01,0.014,6/4/2025,NA
Moneystump Swamp,MSM,Wetland,WC,MSM_WC_VegPlot_2,Back corner,Ground Vegetation Plot,wc-veg2-b,4254132.114,392863.581,0.291,NA,NA,NA,NA,NA,NA,0.01,0.015,6/4/2025,NA
Moneystump Swamp,MSM,Wetland,WC,MSM_WC_VegPlot_3,Front corner ,Ground Vegetation Plot,wc-veg3-a,4254134.408,392861.874,0.304,NA,NA,NA,NA,NA,NA,0.01,0.015,6/4/2025,NA
Moneystump Swamp,MSM,Wetland,WC,MSM_WC_VegPlot_3,Back corner,Ground Vegetation Plot,wc-veg3-b,4254134.368,392860.586,0.286,NA,NA,NA,NA,NA,NA,0.01,0.015,6/4/2025,NA
Moneystump Swamp,MSM,Wetland,WC,MSM_WC_VegPlot_4,Front corner ,Ground Vegetation Plot,wc-veg4-a,4254137.026,392858.475,0.287,NA,NA,NA,NA,NA,NA,0.01,0.014,6/4/2025,NA
Moneystump Swamp,MSM,Wetland,WC,MSM_WC_VegPlot_4,Back corner,Ground Vegetation Plot,wc-veg4-b,4254136.839,392857.154,0.288,NA,NA,NA,NA,NA,NA,0.01,0.014,6/4/2025,NA
Moneystump Swamp,MSM,Wetland,WC,MSM_WC_VegPlot_5,Front corner ,Ground Vegetation Plot,wc-veg5-a,4254138.972,392855.577,0.242,NA,NA,NA,NA,NA,NA,0.01,0.014,6/4/2025,NA
Moneystump Swamp,MSM,Wetland,WC,MSM_WC_VegPlot_5,Back corner,Ground Vegetation Plot,wc-veg5-b,4254138.579,392854.332,0.26,NA,NA,NA,NA,NA,NA,0.01,0.014,6/4/2025,NA
Moneystump Swamp,MSM,Wetland,WC,MSM_WC_PARsensor,Pole Base ,PAR Sensor,wc-weather-pole,4254145.067,392858.459,0.289,NA,NA,NA,NA,NA,NA,0.01,0.015,6/4/2025,NA
Moneystump Swamp,MSM,Wetland,WC,MSM_WC_AQ600,Well Base,AquaTROLL 600,wc-well-base,4254143.719,392861.397,0.324,NA,NA,NA,38.42913674,76.22746098,-34.577,0.01,0.015,6/4/2025,NA
Moneystump Swamp,MSM,Wetland,WC,MSM_WC_AQ600,Well Top,AquaTROLL 600,wc-well-top,4254143.691,392861.307,1.256,NA,NA,NA,38.42913674,76.22746098,-34.577,0.01,0.015,6/4/2025,NA
Sweet Hall,SWH,Wetland,WC,SWH_WC_AQ600,Well Base,AquaTROLL 600,wcwellbase,4159417.16,332462.05,0.183755,NA,NA,NA,37.5666,-76.8970,-34.2257,0.014307,0.015777,2/18/2025,11:21:14 AM
Sweet Hall,SWH,Transition,TR,SWH_TR_AQ600,Well Base,AquaTROLL 600,trwellbottom,4159664.63,332511.74,0.468570,NA,NA,NA,37.5688,-76.8965,-33.9374,0.020840,0.031770,2/18/2025,1:18:25 PM
Sweet Hall,SWH,Swamp,SWAMP,SWH_SWAMP_AQ600,Well Base,AquaTROLL 600,swampawellbottom,4159858.33,332587.08,0.714962,NA,NA,NA,37.5706,-76.8957,-33.6890,0.016841,0.034841,2/18/2025,1:01:30 PM
Sweet Hall,SWH,Upland,UP,SWH_UP_AQ600,Well Base,AquaTROLL 600,upwellbase,4159892.16,332620.67,1.074645,NA,NA,NA,37.5709,-76.8953,-33.3294,0.035604,0.074296,2/18/2025,11:48:36 AM
Sweet Hall,SWH,Wetland,WC,SWH_WC_LoggerBox,Pole Base ,Logger Box,wcloggerbox,4159416.38,332462.09,0.177,NA,NA,NA,37.5666,-76.8970,-34.2321,0.012,0.016,2/18/2025,11:21:57 AM
Sweet Hall,SWH,Wetland,WC,SWH_WC_Teros,Teros cluster,Teros12,wcteros,4159415.51,332463.25,0.182,NA,NA,NA,37.5665,-76.8970,-34.2279,0.024,0.020,2/18/2025,11:22:22 AM
Sweet Hall,SWH,Wetland,WC,SWH_WC_Teros,Teros cluster,Teros12,wcteros-2,4159417.59,332462.97,0.229,NA,NA,NA,37.5666,-76.8970,-34.1800,0.030,0.024,2/18/2025,11:23:06 AM
Sweet Hall,SWH,Wetland,WC,SWH_WC_Macrophyte_Flux_Collar_1,Front corner ,GHG Macrophyte Flux Collar,wcflux1,4159423.95,332461.08,0.245,NA,NA,NA,37.5666,-76.8970,-34.1645,0.013,0.017,2/18/2025,11:23:35 AM
Sweet Hall,SWH,Wetland,WC,SWH_WC_Macrophyte_Flux_Collar_2,Front corner ,GHG Macrophyte Flux Collar,wcflux2,4159422.16,332460.99,0.249,NA,NA,NA,37.5666,-76.8970,-34.1608,0.012,0.016,2/18/2025,11:23:44 AM
Sweet Hall,SWH,Wetland,WC,SWH_WC_Macrophyte_Flux_Collar_3,Front corner ,GHG Macrophyte Flux Collar,wcflux3,4159419.83,332461.14,0.275,NA,NA,NA,37.5666,-76.8970,-34.1339,0.012,0.016,2/18/2025,11:23:56 AM
Sweet Hall,SWH,Wetland,WC,SWH_WC_Macrophyte_Flux_Collar_4,Front corner ,GHG Macrophyte Flux Collar,wcflux4,4159414.13,332462.43,0.254,NA,NA,NA,37.5665,-76.8970,-34.1553,0.010,0.016,2/18/2025,11:24:11 AM
Sweet Hall,SWH,Wetland,WC,SWH_WC_Macrophyte_Flux_Collar_5,Front corner ,GHG Macrophyte Flux Collar,wcflux5,4159411.93,332463.19,0.271,NA,NA,NA,37.5665,-76.8970,-34.1386,0.010,0.016,2/18/2025,11:24:22 AM
Sweet Hall,SWH,Wetland,WC,SWH_WC_Lysimeters_A,Center of Cluster,Porewater Lysimeter,wcsipa,4159422.86,332461.47,0.171,NA,NA,NA,37.5666,-76.8970,-34.2387,0.012,0.015,2/18/2025,11:24:49 AM
Sweet Hall,SWH,Wetland,WC,SWH_WC_Lysimeters_B,Center of Cluster,Porewater Lysimeter,wcsipb,4159420.95,332461.41,0.176,NA,NA,NA,37.5666,-76.8970,-34.2333,0.012,0.014,2/18/2025,11:25:02 AM
Sweet Hall,SWH,Wetland,WC,SWH_WC_Lysimeters_C,Center of Cluster,Porewater Lysimeter,wcsipc,4159413.06,332463.39,0.178,NA,NA,NA,37.5665,-76.8970,-34.2314,0.012,0.015,2/18/2025,11:25:23 AM
Sweet Hall,SWH,Wetland,WC,SWH_WC_GasWells_A,Center of Cluster,GHG Soil Gas Well,wcgaswella,4159423.01,332461.69,0.172,NA,NA,NA,37.5666,-76.8970,-34.2370,0.015,0.022,2/18/2025,11:25:48 AM
Sweet Hall,SWH,Wetland,WC,SWH_WC_GasWells_B,Center of Cluster,GHG Soil Gas Well,wcgaswellb,4159420.47,332461.56,0.168,NA,NA,NA,37.5666,-76.8970,-34.2413,0.012,0.015,2/18/2025,11:26:02 AM
Sweet Hall,SWH,Wetland,WC,SWH_WC_GasWells_C,Center of Cluster,GHG Soil Gas Well,wcgaswellc,4159412.99,332463.70,0.189,NA,NA,NA,37.5665,-76.8970,-34.2209,0.011,0.013,2/18/2025,11:26:25 AM
Sweet Hall,SWH,Wetland,WC,SWH_WC_VegPlot_1,Front corner ,Ground Vegetation Plot,wcveg1a,4159424.78,332460.21,0.151,NA,NA,NA,37.5666,-76.8971,-34.2582,0.011,0.014,2/18/2025,11:27:10 AM
Sweet Hall,SWH,Wetland,WC,SWH_WC_VegPlot_1,Back corner,Ground Vegetation Plot,wcveg1b,4159422.89,332460.11,0.173,NA,NA,NA,37.5666,-76.8971,-34.2360,0.011,0.014,2/18/2025,11:27:22 AM
Sweet Hall,SWH,Wetland,WC,SWH_WC_VegPlot_2,Front corner ,Ground Vegetation Plot,wcveg2a,4159422.19,332460.17,0.160,NA,NA,NA,37.5666,-76.8971,-34.2492,0.011,0.014,2/18/2025,11:27:36 AM
Sweet Hall,SWH,Wetland,WC,SWH_WC_VegPlot_2,Back corner,Ground Vegetation Plot,wcveg2b,4159420.18,332460.23,0.160,NA,NA,NA,37.5666,-76.8971,-34.2489,0.011,0.014,2/18/2025,11:27:49 AM
Sweet Hall,SWH,Wetland,WC,SWH_WC_VegPlot_3,Front corner ,Ground Vegetation Plot,wcveg3a,4159419.41,332460.38,0.157,NA,NA,NA,37.5666,-76.8971,-34.2527,0.011,0.014,2/18/2025,11:28:04 AM
Sweet Hall,SWH,Wetland,WC,SWH_WC_VegPlot_3,Back corner,Ground Vegetation Plot,wcveg3b,4159417.52,332460.63,0.175,NA,NA,NA,37.5666,-76.8971,-34.2340,0.011,0.014,2/18/2025,11:28:17 AM
Sweet Hall,SWH,Wetland,WC,SWH_WC_VegPlot_4,Front corner ,Ground Vegetation Plot,wcveg4a,4159415.61,332461.16,0.176,NA,NA,NA,37.5665,-76.8970,-34.2338,0.011,0.014,2/18/2025,11:28:34 AM
Sweet Hall,SWH,Wetland,WC,SWH_WC_VegPlot_4,Back corner,Ground Vegetation Plot,wcveg4b,4159413.62,332461.65,0.182,NA,NA,NA,37.5665,-76.8970,-34.2274,0.010,0.014,2/18/2025,11:28:48 AM
Sweet Hall,SWH,Wetland,WC,SWH_WC_VegPlot_5,Front corner ,Ground Vegetation Plot,wcveg5a,4159412.76,332461.88,0.192,NA,NA,NA,37.5665,-76.8970,-34.2173,0.012,0.014,2/18/2025,11:28:59 AM
Sweet Hall,SWH,Wetland,WC,SWH_WC_VegPlot_5,Back corner,Ground Vegetation Plot,wcveg5b,4159410.87,332462.51,0.174,NA,NA,NA,37.5665,-76.8970,-34.2352,0.012,0.014,2/18/2025,11:29:12 AM
Sweet Hall,SWH,Wetland,WC,SWH_WC_WeatherStation,Pole Base ,Weather Station,wcweather,4159417.64,332461.73,0.181,NA,NA,NA,37.5666,-76.8970,-34.2282,0.012,0.018,2/18/2025,11:30:07 AM
Sweet Hall,SWH,Wetland,WC,SWH_WC_SamplingZone,Front corner ,Sampling Zone,wcsample1,4159416.23,332448.85,0.158,NA,NA,NA,37.5666,-76.8972,-34.2512,0.011,0.016,2/18/2025,11:30:35 AM
Sweet Hall,SWH,Wetland,WC,SWH_WC_SamplingZone,Back corner,Sampling Zone,wcsample2,4159416.13,332446.81,0.139,NA,NA,NA,37.5665,-76.8972,-34.2702,0.010,0.016,2/18/2025,11:30:53 AM
Sweet Hall,SWH,Upland,UP,SWH_UP_LoggerBox,Pole Base ,Logger Box,upbox,4159891.93,332618.83,0.981,NA,NA,NA,37.5709,-76.8954,-33.4231,0.033,0.072,2/18/2025,11:58:00 AM
Sweet Hall,SWH,Upland,UP,SWH_UP_Lysimeters_B,Center of Cluster,Porewater Lysimeter,upsipb,4159891.35,332619.46,4.126,NA,NA,NA,37.5709,-76.8954,-30.2780,0.196,0.129,2/18/2025,12:06:01 PM
Sweet Hall,SWH,Upland,UP,SWH_UP_GasWells_B,Center of Cluster,GHG Soil Gas Well,upgasb,4159892.02,332620.07,1.007,NA,NA,NA,37.5709,-76.8954,-33.3972,0.029,0.058,2/18/2025,12:08:09 PM
Sweet Hall,SWH,Upland,UP,SWH_UP_Soil_Flux_Collar_3,Center of Collar ,GHG Soil Flux Collar,upflux3,4159890.33,332620.01,0.977,NA,NA,NA,37.5709,-76.8954,-33.4273,0.031,0.090,2/18/2025,12:10:48 PM
Sweet Hall,SWH,Upland,UP,SWH_UP_Soil_Flux_Collar_5,Center of Collar ,GHG Soil Flux Collar,upflux5,4159885.30,332619.52,0.951,NA,NA,NA,37.5708,-76.8954,-33.4535,0.027,0.076,2/18/2025,12:18:41 PM
Sweet Hall,SWH,Upland,UP,SWH_UP_Soil_Flux_Collar_4,Center of Collar ,GHG Soil Flux Collar,upflux4,4159890.03,332615.05,0.800,NA,NA,NA,37.5708,-76.8954,-33.6039,0.031,0.065,2/18/2025,12:20:21 PM
Sweet Hall,SWH,Upland,UP,SWH_UP_GasWells_C,Center of Cluster,GHG Soil Gas Well,upgasc,4159890.64,332616.74,0.957,NA,NA,NA,37.5709,-76.8954,-33.4466,0.028,0.072,2/18/2025,12:22:36 PM
Sweet Hall,SWH,Upland,UP,SWH_UP_Lysimeters_C,Center of Cluster,Porewater Lysimeter,upsipperc,4159889.97,332616.06,0.945,NA,NA,NA,37.5708,-76.8954,-33.4586,0.032,0.093,2/18/2025,12:24:51 PM
Sweet Hall,SWH,Upland,UP,SWH_UP_Soil_Flux_Collar_1,Center of Collar ,GHG Soil Flux Collar,upflux1,4159894.51,332614.02,1.124,NA,NA,NA,37.5709,-76.8954,-33.2795,0.029,0.060,2/18/2025,12:26:14 PM
Sweet Hall,SWH,Upland,UP,SWH_UP_Soil_Flux_Collar_2,Center of Collar ,GHG Soil Flux Collar,upflux2,4159894.60,332620.00,1.156,NA,NA,NA,37.5709,-76.8954,-33.2478,0.026,0.058,2/18/2025,12:27:36 PM
Sweet Hall,SWH,Upland,UP,SWH_UP_GasWells_A,Center of Cluster,GHG Soil Gas Well,upgasa,4159895.33,332618.94,1.032,NA,NA,NA,37.5709,-76.8954,-33.3717,0.019,0.042,2/18/2025,12:28:46 PM
Sweet Hall,SWH,Upland,UP,SWH_UP_Lysimeters_A,Center of Cluster,Porewater Lysimeter,upsippera,4159895.31,332619.75,1.106,NA,NA,NA,37.5709,-76.8954,-33.2977,0.028,0.058,2/18/2025,12:29:31 PM
Sweet Hall,SWH,Upland,UP,SWH_UP_Teros,Teros cluster,Teros12,upteros15,4159895.01,332619.45,1.037,NA,NA,NA,37.5709,-76.8954,-33.3673,0.025,0.060,2/18/2025,12:30:48 PM
Sweet Hall,SWH,Upland,UP,SWH_UP_Teros,Teros cluster,Teros12,upteros26,4159891.50,332620.73,1.050,NA,NA,NA,37.5709,-76.8953,-33.3544,0.023,0.057,2/18/2025,12:31:18 PM
Sweet Hall,SWH,Upland,UP,SWH_UP_VegPlot_2,Front corner ,Ground Vegetation Plot,upveg2a,4159892.67,332611.21,1.160,NA,NA,NA,37.5709,-76.8955,-33.2439,0.024,0.060,2/18/2025,12:32:33 PM
Sweet Hall,SWH,Upland,UP,SWH_UP_VegPlot_2,Back corner,Ground Vegetation Plot,upveg2b,4159893.00,332614.11,1.020,NA,NA,NA,37.5709,-76.8954,-33.3840,0.025,0.071,2/18/2025,12:33:25 PM
Sweet Hall,SWH,Upland,UP,SWH_UP_VegPlot_3,Front corner ,Ground Vegetation Plot,upveg3a,4159898.18,332618.70,1.113,NA,NA,NA,37.5709,-76.8954,-33.2913,0.024,0.059,2/18/2025,12:34:50 PM
Sweet Hall,SWH,Upland,UP,SWH_UP_VegPlot_3,Back corner,Ground Vegetation Plot,upveg3b,4159898.93,332621.73,3.126,NA,NA,NA,37.5709,-76.8953,-31.2779,0.038,0.089,2/18/2025,12:36:51 PM
Sweet Hall,SWH,Upland,UP,SWH_UP_VegPlot_5,Front corner ,Ground Vegetation Plot,upveg5a,4159894.19,332624.37,10.869,NA,NA,NA,37.5709,-76.8953,-23.5356,0.552,3.028,2/18/2025,12:38:18 PM
Sweet Hall,SWH,Upland,UP,SWH_UP_VegPlot_5,Back corner,Ground Vegetation Plot,upveg5b,4159892.74,332625.84,1.900,NA,NA,NA,37.5709,-76.8953,-32.5041,0.029,0.058,2/18/2025,12:39:06 PM
Sweet Hall,SWH,Upland,UP,SWH_UP_VegPlot_4,Front corner ,Ground Vegetation Plot,upveg4a,4159888.67,332621.15,0.956,NA,NA,NA,37.5708,-76.8953,-33.4486,0.031,0.082,2/18/2025,12:40:25 PM
Sweet Hall,SWH,Upland,UP,SWH_UP_VegPlot_4,Back corner,Ground Vegetation Plot,upveg4b,4159888.98,332624.01,0.973,NA,NA,NA,37.5708,-76.8953,-33.4308,0.022,0.055,2/18/2025,12:41:20 PM
Sweet Hall,SWH,Upland,UP,SWH_UP_VegPlot_1,Front corner ,Ground Vegetation Plot,upveg1a,4159887.42,332617.18,0.921,NA,NA,NA,37.5708,-76.8954,-33.4831,0.054,0.155,2/18/2025,12:43:13 PM
Sweet Hall,SWH,Upland,UP,SWH_UP_VegPlot_1,Back corner,Ground Vegetation Plot,upveg1b,4159887.58,332619.96,0.877,NA,NA,NA,37.5708,-76.8954,-33.5276,0.031,0.070,2/18/2025,12:44:09 PM
Sweet Hall,SWH,Upland,UP,SWH_UP_SamplingZone,Front corner ,Sampling Zone,upsample,4159900.19,332612.00,1.241,NA,NA,NA,37.5709,-76.8954,-33.1623,0.021,0.040,2/18/2025,12:45:39 PM
Sweet Hall,SWH,Upland,UP,SWH_UP_SamplingZone,Back corner,Sampling Zone,upsample2,4159904.78,332615.85,1.450,NA,NA,NA,37.5710,-76.8954,-32.9542,0.076,0.177,2/18/2025,12:46:18 PM
Sweet Hall,SWH,Swamp,SWAMP,SWH_SWAMP_Soil_Flux_4,Center of Collar ,GHG Soil Flux Collar,swampflux4,4159882.71,332590.16,0.901,NA,NA,NA,37.5708,-76.8957,-33.5028,0.031,0.061,2/18/2025,12:49:58 PM
Sweet Hall,SWH,Swamp,SWAMP,SWH_SWAMP_Soil_Flux_3,Center of Collar ,GHG Soil Flux Collar,swampflux3,4159874.03,332586.73,0.866,NA,NA,NA,37.5707,-76.8957,-33.5377,0.023,0.057,2/18/2025,12:51:01 PM
Sweet Hall,SWH,Swamp,SWAMP,SWH_SWAMP_Lysimeters_C,Center of Cluster,Porewater Lysimeter,swampcsipper,4159866.29,332600.75,0.770,NA,NA,NA,37.5706,-76.8956,-33.6339,0.028,0.055,2/18/2025,12:52:13 PM
Sweet Hall,SWH,Swamp,SWAMP,SWH_SWAMP_GasWells_C,Center of Cluster,GHG Soil Gas Well,swampcgas,4159866.89,332600.51,0.620,NA,NA,NA,37.5706,-76.8956,-33.7841,0.023,0.039,2/18/2025,12:52:37 PM
Sweet Hall,SWH,Swamp,SWAMP,SWH_SWAMP_Teros,Teros cluster,Teros12,swampcteros4,4159866.96,332601.11,0.734,NA,NA,NA,37.5706,-76.8956,-33.6702,0.026,0.033,2/18/2025,12:53:02 PM
Sweet Hall,SWH,Swamp,SWAMP,SWH_SWAMP_MultiplexerBox,Pole Base ,Multiplexer Box,swampcbox,4159865.50,332601.26,0.730,NA,NA,NA,37.5706,-76.8956,-33.6738,0.019,0.033,2/18/2025,12:53:34 PM
Sweet Hall,SWH,Swamp,SWAMP,SWH_SWAMP_Teros,Teros cluster,Teros12,swampcteroc2,4159867.06,332602.31,0.689,NA,NA,NA,37.5706,-76.8955,-33.7155,0.022,0.036,2/18/2025,12:54:13 PM
Sweet Hall,SWH,Swamp,SWAMP,SWH_SWAMP_Soil_Flux_5,Center of Collar ,GHG Soil Flux Collar,swampflux5,4159865.82,332604.92,0.814,NA,NA,NA,37.5706,-76.8955,-33.5900,0.023,0.046,2/18/2025,12:54:47 PM
Sweet Hall,SWH,Swamp,SWAMP,SWH_SWAMP_Soil_Flux_2,Center of Collar ,GHG Soil Flux Collar,swampflux2,4159861.32,332583.37,0.800,NA,NA,NA,37.5706,-76.8958,-33.6042,0.024,0.043,2/18/2025,12:57:35 PM
Sweet Hall,SWH,Swamp,SWAMP,SWH_SWAMP_Lysimeters_B,Center of Cluster,Porewater Lysimeter,swampbsipper,4159861.47,332582.72,0.811,NA,NA,NA,37.5706,-76.8958,-33.5924,0.032,0.066,2/18/2025,12:58:05 PM
Sweet Hall,SWH,Swamp,SWAMP,SWH_SWAMP_GasWells_B,Center of Cluster,GHG Soil Gas Well,swampbgas,4159861.31,332582.05,0.708,NA,NA,NA,37.5706,-76.8958,-33.6956,0.023,0.057,2/18/2025,12:58:34 PM
Sweet Hall,SWH,Swamp,SWAMP,SWH_SWAMP_Teros,Teros cluster,Teros12,swamptaros15,4159860.07,332587.01,0.680,NA,NA,NA,37.5706,-76.8957,-33.7243,0.015,0.034,2/18/2025,12:59:37 PM
Sweet Hall,SWH,Swamp,SWAMP,SWH_SWAMP_Teros,Teros cluster,Teros12,swamptaros13,4159859.11,332587.89,0.723,NA,NA,NA,37.5706,-76.8957,-33.6810,0.021,0.048,2/18/2025,1:00:13 PM
Sweet Hall,SWH,Swamp,SWAMP,SWH_SWAMP_LoggerBox,Pole Base ,Logger Box,swampabox,4159858.48,332586.31,0.724,NA,NA,NA,37.5706,-76.8957,-33.6804,0.015,0.028,2/18/2025,1:01:04 PM
Sweet Hall,SWH,Swamp,SWAMP,SWH_SWAMP_Lysimeters_A,Center of Cluster,Porewater Lysimeter,swampsipa,4159858.38,332587.65,0.670,NA,NA,NA,37.5706,-76.8957,-33.7339,0.017,0.034,2/18/2025,1:02:26 PM
Sweet Hall,SWH,Swamp,SWAMP,SWH_SWAMP_GasWells_A,Center of Cluster,GHG Soil Gas Well,swampgasa,4159857.05,332588.10,0.658,NA,NA,NA,37.5705,-76.8957,-33.7457,0.018,0.027,2/18/2025,1:02:48 PM
Sweet Hall,SWH,Swamp,SWAMP,SWH_SWAMP_Soil_Flux_1,Center of Collar ,GHG Soil Flux Collar,swampflux1,4159858.60,332588.33,0.663,NA,NA,NA,37.5706,-76.8957,-33.7409,0.024,0.037,2/18/2025,1:03:10 PM
Sweet Hall,SWH,Swamp,SWAMP,SWH_TR_LoggerBox,Pole Base ,Logger Box,trbox,4159664.36,332510.50,0.448,NA,NA,NA,37.5688,-76.8965,-33.9579,0.024,0.042,2/18/2025,1:17:36 PM
Sweet Hall,SWH,Transition,TR,SWH_TR_GasWells_A,Center of Cluster,GHG Soil Gas Well,tragas,4159664.73,332512.36,0.551,NA,NA,NA,37.5688,-76.8965,-33.8555,0.019,0.033,2/18/2025,1:19:46 PM
Sweet Hall,SWH,Transition,TR,SWH_TR_Lysimeters_A,Center of Cluster,Porewater Lysimeter,trasipper,4159665.10,332512.41,0.560,NA,NA,NA,37.5688,-76.8965,-33.8458,0.017,0.029,2/18/2025,1:20:08 PM
Sweet Hall,SWH,Transition,TR,SWH_TR_Teros,Teros cluster,Teros12,trteros1,4159663.53,332512.08,0.611,NA,NA,NA,37.5688,-76.8965,-33.7955,0.035,0.029,2/18/2025,1:21:24 PM
Sweet Hall,SWH,Transition,TR,SWH_TR_Soil_Flux_6,Center of Collar ,GHG Soil Flux Collar,trflux6,4159666.07,332511.84,0.392,NA,NA,NA,37.5688,-76.8965,-34.0138,0.017,0.031,2/18/2025,1:22:23 PM
Sweet Hall,SWH,Transition,TR,SWH_TR_Soil_Flux_1,Center of Collar ,GHG Soil Flux Collar,trflux1,4159664.85,332512.89,0.549,NA,NA,NA,37.5688,-76.8965,-33.8568,0.021,0.035,2/18/2025,1:22:49 PM
Sweet Hall,SWH,Transition,TR,SWH_TR_Lysimeters_B,Center of Cluster,Porewater Lysimeter,trbsipper,4159665.03,332513.96,0.558,NA,NA,NA,37.5688,-76.8965,-33.8475,0.016,0.028,2/18/2025,1:23:18 PM
Sweet Hall,SWH,Transition,TR,SWH_TR_GasWells_B,Center of Cluster,GHG Soil Gas Well,trbgas,4159664.65,332513.75,0.518,NA,NA,NA,37.5688,-76.8965,-33.8878,0.020,0.027,2/18/2025,1:23:47 PM
Sweet Hall,SWH,Transition,TR,SWH_TR_Soil_Flux_2,Center of Collar ,GHG Soil Flux Collar,trflux2,4159663.03,332518.54,0.509,NA,NA,NA,37.5688,-76.8965,-33.8976,0.018,0.031,2/18/2025,1:24:16 PM
Sweet Hall,SWH,Transition,TR,SWH_TR_Soil_Flux_7,Center of Collar ,GHG Soil Flux Collar,trflux7,4159663.56,332519.13,0.410,NA,NA,NA,37.5688,-76.8964,-33.9958,0.017,0.025,2/18/2025,1:24:33 PM
Sweet Hall,SWH,Transition,TR,SWH_TR_VegPlot_1,Front corner ,Ground Vegetation Plot,trveg1a,4159663.81,332519.19,0.437,NA,NA,NA,37.5688,-76.8964,-33.9691,0.017,0.025,2/18/2025,1:24:54 PM
Sweet Hall,SWH,Transition,TR,SWH_TR_VegPlot_1,Back corner,Ground Vegetation Plot,trveg1b,4159662.38,332520.71,0.440,NA,NA,NA,37.5688,-76.8964,-33.9662,0.018,0.029,2/18/2025,1:25:19 PM
Sweet Hall,SWH,Transition,TR,SWH_TR_Soil_Flux_8,Center of Collar ,GHG Soil Flux Collar,trvflux8,4159657.95,332510.26,0.396,NA,NA,NA,37.5687,-76.8965,-34.0101,0.015,0.021,2/18/2025,1:26:28 PM
Sweet Hall,SWH,Transition,TR,SWH_TR_Soil_Flux_3,Center of Collar ,GHG Soil Flux Collar,trvflux3,4159657.34,332512.93,0.480,NA,NA,NA,37.5687,-76.8965,-33.9264,0.014,0.023,2/18/2025,1:26:58 PM
Sweet Hall,SWH,Transition,TR,SWH_TR_VegPlot_2,Front corner ,Ground Vegetation Plot,trveg2a,4159656.77,332511.66,0.431,NA,NA,NA,37.5687,-76.8965,-33.9752,0.015,0.023,2/18/2025,1:27:30 PM
Sweet Hall,SWH,Transition,TR,SWH_TR_VegPlot_2,Back corner,Ground Vegetation Plot,trveg2b,4159656.28,332513.64,0.514,NA,NA,NA,37.5687,-76.8965,-33.8917,0.016,0.026,2/18/2025,1:27:52 PM
Sweet Hall,SWH,Transition,TR,SWH_TR_MultiplexerBox,Pole Base ,Multiplexer Box,trbox2,4159650.10,332505.68,0.344,NA,NA,NA,37.5687,-76.8966,-34.0619,0.015,0.022,2/18/2025,1:28:33 PM
Sweet Hall,SWH,Transition,TR,SWH_TR_Teros,Teros cluster,Teros12,trteros26,4159648.98,332505.55,0.551,NA,NA,NA,37.5687,-76.8966,-33.8550,0.015,0.020,2/18/2025,1:29:06 PM
Sweet Hall,SWH,Transition,TR,SWH_TR_Teros,Teros cluster,Teros12,trteros15,4159649.81,332507.45,0.554,NA,NA,NA,37.5687,-76.8966,-33.8521,0.015,0.026,2/18/2025,1:29:52 PM
Sweet Hall,SWH,Transition,TR,SWH_TR_GasWells_C,Center of Cluster,GHG Soil Gas Well,trcgas,4159646.61,332504.43,0.524,NA,NA,NA,37.5686,-76.8966,-33.8825,0.017,0.029,2/18/2025,1:30:29 PM
Sweet Hall,SWH,Transition,TR,SWH_TR_Lysimeters_C,Center of Cluster,Porewater Lysimeter,trcsipper,4159646.20,332503.62,0.548,NA,NA,NA,37.5686,-76.8966,-33.8577,0.019,0.024,2/18/2025,1:30:48 PM
Sweet Hall,SWH,Transition,TR,SWH_TR_Soil_Flux_4,Center of Collar ,GHG Soil Flux Collar,trflux4,4159645.76,332503.24,0.498,NA,NA,NA,37.5686,-76.8966,-33.9085,0.015,0.022,2/18/2025,1:31:14 PM
Sweet Hall,SWH,Transition,TR,SWH_TR_Soil_Flux_5,Center of Collar ,GHG Soil Flux Collar,trflux5,4159645.31,332507.92,0.565,NA,NA,NA,37.5686,-76.8966,-33.8408,0.016,0.026,2/18/2025,1:31:36 PM
Sweet Hall,SWH,Transition,TR,SWH_TR_Soil_Flux_9,Center of Collar ,GHG Soil Flux Collar,trflux9,4159644.86,332506.40,0.336,NA,NA,NA,37.5686,-76.8966,-34.0698,0.014,0.020,2/18/2025,1:32:46 PM
Sweet Hall,SWH,Transition,TR,SWH_TR_Soil_Flux_10,Center of Collar ,GHG Soil Flux Collar,trflux10,4159644.85,332503.21,0.353,NA,NA,NA,37.5686,-76.8966,-34.0536,0.020,0.033,2/18/2025,1:33:12 PM
Sweet Hall,SWH,Transition,TR,SWH_TR_VegPlot_3,Front corner ,Ground Vegetation Plot,trveg3a,4159644.66,332506.01,0.522,NA,NA,NA,37.5686,-76.8966,-33.8844,0.016,0.023,2/18/2025,1:35:30 PM
Sweet Hall,SWH,Transition,TR,SWH_TR_VegPlot_3,Back corner,Ground Vegetation Plot,trveg3b,4159643.92,332507.89,0.545,NA,NA,NA,37.5686,-76.8966,-33.8610,0.019,0.034,2/18/2025,1:35:59 PM
Sweet Hall,SWH,Transition,TR,SWH_TR_VegPlot_4,Front corner ,Ground Vegetation Plot,trveg4a,4159632.89,332507.18,0.373,NA,NA,NA,37.5685,-76.8966,-34.0333,0.014,0.020,2/18/2025,1:37:08 PM
Sweet Hall,SWH,Transition,TR,SWH_TR_VegPlot_4,Back corner,Ground Vegetation Plot,trveg4b,4159634.92,332507.32,0.447,NA,NA,NA,37.5685,-76.8966,-33.9591,0.016,0.026,2/18/2025,1:37:37 PM
Sweet Hall,SWH,Transition,TR,SWH_TR_VegPlot_5,Front corner ,Ground Vegetation Plot,trveg5a,4159656.30,332501.72,0.372,NA,NA,NA,37.5687,-76.8966,-34.0338,0.017,0.028,2/18/2025,1:39:02 PM
Sweet Hall,SWH,Transition,TR,SWH_TR_VegPlot_5,Back corner,Ground Vegetation Plot,trveg5b,4159657.23,332500.05,0.369,NA,NA,NA,37.5687,-76.8967,-34.0367,0.019,0.028,2/18/2025,1:39:19 PM
Sweet Hall,SWH,Transition,TR,SWH_TR_SamplingZone,Front corner ,Sampling Zone,trvsample1,4159655.70,332504.92,0.429,NA,NA,NA,37.5687,-76.8966,-33.9772,0.015,0.023,2/18/2025,1:41:40 PM
Sweet Hall,SWH,Transition,TR,SWH_TR_SamplingZone,Back corner,Sampling Zone,trvsample2,4159656.58,332503.18,0.380,NA,NA,NA,37.5687,-76.8966,-34.0258,0.018,0.029,2/18/2025,1:42:07 PM
Goodwin Islands,GWI,Wetland,WC,GWI_WC_AQ600,Well Base,AquaTROLL 600,wetland well base,4120082.626,374888.8397,0.556758,0.649592,-1.333608,-35.512576,37.218857,-76.410135,-35.512538,0.009082,0.014222,11/14/2024,10:17:28 AM
Goodwin Islands,GWI,Transition,TR,GWI_TR_AQ600,Well Base,AquaTROLL 600,TR-well base,4120126.39,374967.4411,0.671997,0.649599,-1.333593,-35.398375,37.219261,-76.409257,-35.398337,0.014057,0.023104,11/14/2024,11:15:57 AM
Goodwin Islands,GWI,Upland,UP,GWI_UP_AQ600,Well Base,AquaTROLL 600,upland well base,4120125.477,375027.7496,1.060355,0.649599,-1.333581,-35.011647,37.219261,-76.408577,-35.011609,0.028691,0.050698,11/14/2024,10:34:12 AM
Goodwin Islands,GWI,Wetland,WC,GWI_WC_VegPlot_1,Front corner ,Ground Vegetation Plot,wetland veg 1-1,4120082.267,374899.0714,0.502329,0.649592,-1.333606,-35.567287,37.218855,-76.41002,-35.567249,0.011774,0.014768,11/14/2024,10:05:47 AM
Goodwin Islands,GWI,Wetland,WC,GWI_WC_VegPlot_1,Back corner,Ground Vegetation Plot,wetland veg 1-2,4120081.058,374898.5318,0.506417,0.649591,-1.333607,-35.563213,37.218844,-76.410025,-35.563175,0.012355,0.015415,11/14/2024,10:05:59 AM
Goodwin Islands,GWI,Wetland,WC,GWI_WC_VegPlot_2,Front corner ,Ground Vegetation Plot,wetland veg 2-1,4120081.093,374896.3901,0.493136,0.649591,-1.333607,-35.576436,37.218844,-76.41005,-35.576398,0.00973,0.014783,11/14/2024,10:06:18 AM
Goodwin Islands,GWI,Wetland,WC,GWI_WC_VegPlot_2,Back corner,Ground Vegetation Plot,wetland veg 2-2,4120079.828,374895.9655,0.493382,0.649591,-1.333607,-35.57621,37.218832,-76.410054,-35.576172,0.009972,0.014647,11/14/2024,10:06:28 AM
Goodwin Islands,GWI,Wetland,WC,GWI_WC_VegPlot_3,Front corner ,Ground Vegetation Plot,wetland veg 3-1,4120079.282,374892.9081,0.547797,0.649591,-1.333608,-35.521726,37.218827,-76.410088,-35.521688,0.011937,0.015122,11/14/2024,10:07:03 AM
Goodwin Islands,GWI,Wetland,WC,GWI_WC_VegPlot_3,Back corner,Ground Vegetation Plot,wetland veg 3-2,4120078.093,374892.4931,0.514727,0.649591,-1.333608,-35.554814,37.218816,-76.410093,-35.554776,0.010071,0.01465,11/14/2024,10:07:13 AM
Goodwin Islands,GWI,Wetland,WC,GWI_WC_VegPlot_4,Front corner ,Ground Vegetation Plot,wetland veg 4-1,4120077.8,374889.7196,0.489293,0.649591,-1.333608,-35.580181,37.218813,-76.410124,-35.580143,0.009434,0.014448,11/14/2024,10:07:34 AM
Goodwin Islands,GWI,Wetland,WC,GWI_WC_VegPlot_4,Back corner,Ground Vegetation Plot,wetland veg 4-2,4120076.651,374889.2046,0.492467,0.649591,-1.333608,-35.577021,37.218803,-76.41013,-35.576983,0.01238,0.014534,11/14/2024,10:07:46 AM
Goodwin Islands,GWI,Wetland,WC,GWI_WC_VegPlot_5,Front corner ,Ground Vegetation Plot,wetland veg 5-1,4120076.226,374886.5346,0.484877,0.649591,-1.333609,-35.58455,37.218799,-76.41016,-35.584512,0.011229,0.013768,11/14/2024,10:08:08 AM
Goodwin Islands,GWI,Wetland,WC,GWI_WC_VegPlot_5,Back corner,Ground Vegetation Plot,wetland veg 5-2,4120075.115,374885.937,0.486155,0.64959,-1.333609,-35.583283,37.218788,-76.410166,-35.583245,0.012161,0.01423,11/14/2024,10:08:22 AM
Goodwin Islands,GWI,Wetland,WC,GWI_WC_Macrophyte_Flux_Collar_1,Front corner ,GHG Macrophyte Flux Collar,wetland collar 1-1,4120084.518,374893.3863,0.515141,0.649592,-1.333608,-35.554268,37.218874,-76.410084,-35.55423,0.008941,0.013786,11/14/2024,10:09:32 AM
Goodwin Islands,GWI,Wetland,WC,GWI_WC_Macrophyte_Flux_Collar_1,Back corner,GHG Macrophyte Flux Collar,wetland collar 1-2,4120084.095,374893.2014,0.507993,0.649592,-1.333608,-35.561422,37.21887,-76.410086,-35.561383,0.012088,0.014278,11/14/2024,10:09:41 AM
Goodwin Islands,GWI,Wetland,WC,GWI_WC_Macrophyte_Flux_Collar_2,Front corner ,GHG Macrophyte Flux Collar,wetland collar 2-1,4120083.76,374891.6343,0.504232,0.649592,-1.333608,-35.565149,37.218867,-76.410104,-35.565111,0.009137,0.014386,11/14/2024,10:10:03 AM
Goodwin Islands,GWI,Wetland,WC,GWI_WC_Macrophyte_Flux_Collar_2,Back corner,GHG Macrophyte Flux Collar,wetland collar 2-2,4120083.337,374891.4553,0.501648,0.649592,-1.333608,-35.567738,37.218863,-76.410106,-35.5677,0.011897,0.013996,11/14/2024,10:10:19 AM
Goodwin Islands,GWI,Wetland,WC,GWI_WC_Macrophyte_Flux_Collar_3,Front corner ,GHG Macrophyte Flux Collar,wetland collar 3-1,4120082.969,374889.8588,0.524387,0.649592,-1.333608,-35.544966,37.21886,-76.410123,-35.544927,0.009413,0.013974,11/14/2024,10:10:38 AM
Goodwin Islands,GWI,Wetland,WC,GWI_WC_Macrophyte_Flux_Collar_3,Back corner,GHG Macrophyte Flux Collar,wetland collar 3-2,4120082.549,374889.6711,0.52241,0.649592,-1.333608,-35.546948,37.218856,-76.410126,-35.54691,0.011953,0.01414,11/14/2024,10:10:48 AM
Goodwin Islands,GWI,Wetland,WC,GWI_WC_Macrophyte_Flux_Collar_4,Front corner ,GHG Macrophyte Flux Collar,wetland collar 4-1,4120081.093,374885.474,0.48673,0.649591,-1.333609,-35.582551,37.218842,-76.410173,-35.582513,0.009123,0.013655,11/14/2024,10:11:20 AM
Goodwin Islands,GWI,Wetland,WC,GWI_WC_Macrophyte_Flux_Collar_4,Back corner,GHG Macrophyte Flux Collar,wetland collar 4-2,4120080.671,374885.3019,0.481941,0.649591,-1.333609,-35.587346,37.218838,-76.410174,-35.587307,0.011608,0.014216,11/14/2024,10:11:31 AM
Goodwin Islands,GWI,Wetland,WC,GWI_WC_Macrophyte_Flux_Collar_5,Front corner ,GHG Macrophyte Flux Collar,wetland collar 5-1,4120080.353,374883.5875,0.550901,0.649591,-1.333609,-35.518348,37.218835,-76.410194,-35.518309,0.011318,0.014336,11/14/2024,10:11:57 AM
Goodwin Islands,GWI,Wetland,WC,GWI_WC_Macrophyte_Flux_Collar_5,Back corner,GHG Macrophyte Flux Collar,wetland collar 5-2,4120079.913,374883.4391,0.51369,0.649591,-1.333609,-35.555565,37.218831,-76.410195,-35.555527,0.011921,0.014126,11/14/2024,10:12:15 AM
Goodwin Islands,GWI,Wetland,WC,GWI_WC_Lysimeters_A,Center of Cluster,Porewater Lysimeter,wetland sippers a,4120083.551,374892.5042,0.514578,0.649592,-1.333608,-35.554831,37.218865,-76.410094,-35.554793,0.01133,0.013907,11/14/2024,10:13:35 AM
Goodwin Islands,GWI,Wetland,WC,GWI_WC_Lysimeters_B,Center of Cluster,Porewater Lysimeter,wetland sippers b,4120082.807,374890.6346,0.513587,0.649592,-1.333608,-35.555791,37.218858,-76.410115,-35.555752,0.009273,0.014138,11/14/2024,10:13:53 AM
Goodwin Islands,GWI,Wetland,WC,GWI_WC_Lysimeters_C,Center of Cluster,Porewater Lysimeter,wetland sippers c,4120080.218,374884.63,0.500105,0.649591,-1.333609,-35.569174,37.218834,-76.410182,-35.569136,0.009921,0.015055,11/14/2024,10:14:18 AM
Goodwin Islands,GWI,Wetland,WC,GWI_WC_GasWells_A,Center of Cluster,GHG Soil Gas Well,wetland gas a,4120083.229,374892.6444,0.504453,0.649592,-1.333608,-35.564968,37.218862,-76.410092,-35.56493,0.01143,0.013229,11/14/2024,10:14:51 AM
Goodwin Islands,GWI,Wetland,WC,GWI_WC_GasWells_B,Center of Cluster,GHG Soil Gas Well,wetland gas b,4120082.453,374890.9411,0.50853,0.649592,-1.333608,-35.560864,37.218855,-76.410111,-35.560826,0.011343,0.0131,11/14/2024,10:15:05 AM
Goodwin Islands,GWI,Wetland,WC,GWI_WC_GasWells_C,Center of Cluster,GHG Soil Gas Well,wetland gas c,4120079.792,374884.94,0.498675,0.649591,-1.333609,-35.570623,37.21883,-76.410178,-35.570585,0.012526,0.014424,11/14/2024,10:15:27 AM
Goodwin Islands,GWI,Wetland,WC,GWI_WC_Teros,Teros cluster,Teros12,wetland terose a,4120080.796,374888.1481,0.491579,0.649591,-1.333609,-35.57778,37.21884,-76.410142,-35.577742,0.011652,0.014185,11/14/2024,10:16:01 AM
Goodwin Islands,GWI,Wetland,WC,GWI_WC_Teros,Teros cluster,Teros12,wetland terose b,4120080.078,374886.3126,0.503936,0.649591,-1.333609,-35.565391,37.218833,-76.410163,-35.565353,0.011994,0.014946,11/14/2024,10:16:13 AM
Goodwin Islands,GWI,Wetland,WC,GWI_WC_PARsensor,Pole Base ,PAR Sensor,wetland par,4120081.987,374887.9021,0.517269,0.649591,-1.333609,-35.552055,37.218851,-76.410145,-35.552017,0.013954,0.015116,11/14/2024,10:18:05 AM
Goodwin Islands,GWI,Wetland,WC,GWI_WC_LoggerBox,Pole Base ,Logger Box,wetland box,4120081.613,374886.9334,0.48308,0.649591,-1.333609,-35.586227,37.218847,-76.410156,-35.586189,0.011842,0.014739,11/14/2024,10:18:24 AM
Goodwin Islands,GWI,Wetland,WC,GWI_WC_WeatherStation,Pole Base ,Weather Station,wetland weather,4120081.156,374885.9908,0.479167,0.649591,-1.333609,-35.590126,37.218843,-76.410167,-35.590088,0.011708,0.020857,11/14/2024,10:18:48 AM
Goodwin Islands,GWI,Wetland,WC,GWI_WC_SamplingZone,Corner,Sampling Zone,wetland sampling 1,4120082.016,374903.6611,0.518646,0.649592,-1.333606,-35.551098,37.218853,-76.409968,-35.55106,0.01172,0.015275,11/14/2024,10:19:32 AM
Goodwin Islands,GWI,Wetland,WC,GWI_WC_SamplingZone,Corner,Sampling Zone,wetland sampling 2,4120086.947,374901.4743,0.523379,0.649592,-1.333606,-35.546188,37.218897,-76.409993,-35.54615,0.012559,0.015141,11/14/2024,10:19:51 AM
Goodwin Islands,GWI,Wetland,WC,GWI_WC_SamplingZone,Corner,Sampling Zone,wetland sampling 3,4120088.465,374905.0809,0.531426,0.649593,-1.333605,-35.5382,37.218911,-76.409953,-35.538162,0.012232,0.015584,11/14/2024,10:20:10 AM
Goodwin Islands,GWI,Wetland,WC,GWI_WC_SamplingZone,Corner,Sampling Zone,wetland sampling 4,4120083.361,374907.2754,0.534158,0.649592,-1.333605,-35.535651,37.218866,-76.409927,-35.535612,0.012685,0.018719,11/14/2024,10:20:28 AM
Goodwin Islands,GWI,Upland,UP,GWI_UP_Soil_Flux_Collar_1,Center of Collar ,GHG Soil Flux Collar,upland collar 1,4120131.446,375018.6815,0.977437,0.6496,-1.333583,-35.094179,37.219314,-76.40868,-35.09414,0.035584,0.058641,11/14/2024,10:27:06 AM
Goodwin Islands,GWI,Upland,UP,GWI_UP_Soil_Flux_Collar_2,Center of Collar ,GHG Soil Flux Collar,upland collar 2,4120129.968,375023.2891,0.990249,0.649599,-1.333582,-35.081526,37.219301,-76.408628,-35.081488,0.032701,0.045724,11/14/2024,10:28:01 AM
Goodwin Islands,GWI,Upland,UP,GWI_UP_Soil_Flux_Collar_3,Center of Collar ,GHG Soil Flux Collar,upland collar 3,4120129.69,375030.8019,1.005937,0.649599,-1.333581,-35.066044,37.2193,-76.408543,-35.066006,0.024075,0.043895,11/14/2024,10:29:03 AM
Goodwin Islands,GWI,Upland,UP,GWI_UP_Soil_Flux_Collar_4,Center of Collar ,GHG Soil Flux Collar,upland collar 4,4120118.07,375035.4848,1.107622,0.649598,-1.33358,-34.964766,37.219196,-76.408488,-34.964728,0.032322,0.053401,11/14/2024,10:30:11 AM
Goodwin Islands,GWI,Upland,UP,GWI_UP_Soil_Flux_Collar_5,Center of Collar ,GHG Soil Flux Collar,upland collar 5,4120121.042,375022.9541,0.962506,0.649598,-1.333582,-35.109476,37.219221,-76.40863,-35.109438,0.029084,0.056988,11/14/2024,10:31:10 AM
Goodwin Islands,GWI,Upland,UP,GWI_UP_Lysimeters_A,Center of Cluster,Porewater Lysimeter,upland a sippers,4120125.35,375027.2142,1.009415,0.649599,-1.333581,-35.062575,37.21926,-76.408583,-35.062537,0.026831,0.049026,11/14/2024,10:32:22 AM
Goodwin Islands,GWI,Upland,UP,GWI_UP_GasWells_A,Center of Cluster,GHG Soil Gas Well,upland a gas,4120125.234,375026.7068,1.014612,0.649599,-1.333581,-35.057368,37.219259,-76.408589,-35.05733,0.028692,0.044319,11/14/2024,10:32:50 AM
Goodwin Islands,GWI,Upland,UP,GWI_UP_LoggerBox,Pole Base ,Logger Box,upland logger box,4120125.918,375026.5159,0.989903,0.649599,-1.333581,-35.082056,37.219265,-76.408591,-35.082018,0.024144,0.043004,11/14/2024,10:34:43 AM
Goodwin Islands,GWI,Upland,UP,GWI_UP_MultiplexerBox,Pole Base ,Multiplexer Box,upland multi box,4120122.405,375022.2266,1.036494,0.649598,-1.333582,-35.035435,37.219233,-76.408639,-35.035397,0.026291,0.044897,11/14/2024,10:36:09 AM
Goodwin Islands,GWI,Upland,UP,GWI_UP_Lysimeters_B,Center of Cluster,Porewater Lysimeter,upland b sip,4120128.274,375027.7607,1.012043,0.649599,-1.333581,-35.059891,37.219286,-76.408577,-35.059853,0.022981,0.048818,11/14/2024,10:37:06 AM
Goodwin Islands,GWI,Upland,UP,GWI_UP_GasWells_B,Center of Cluster,GHG Soil Gas Well,upland b gas,4120126.891,375028.1996,1.039502,0.649599,-1.333581,-35.032478,37.219274,-76.408572,-35.03244,0.026539,0.05038,11/14/2024,10:37:45 AM
Goodwin Islands,GWI,Upland,UP,GWI_UP_Teros,Teros cluster,Teros12,"upland teros 1,5",4120127.708,375027.9845,1.043586,0.649599,-1.333581,-35.028368,37.219281,-76.408575,-35.02833,0.027837,0.054327,11/14/2024,10:38:16 AM
Goodwin Islands,GWI,Upland,UP,GWI_UP_Teros,Teros cluster,Teros12,upland teros 3,4120128.109,375025.9469,1.052205,0.649599,-1.333582,-35.019686,37.219285,-76.408598,-35.019648,0.032546,0.052031,11/14/2024,10:38:46 AM
Goodwin Islands,GWI,Upland,UP,GWI_UP_Lysimeters_C,Center of Cluster,Porewater Lysimeter,upland c sip,4120120.862,375023.4863,1.001157,0.649598,-1.333582,-35.070843,37.219219,-76.408624,-35.070805,0.025353,0.050961,11/14/2024,10:39:20 AM
Goodwin Islands,GWI,Upland,UP,GWI_UP_GasWells_C,Center of Cluster,GHG Soil Gas Well,upland c gas,4120120.409,375023.0837,0.984216,0.649598,-1.333582,-35.087785,37.219215,-76.408629,-35.087746,0.028977,0.047382,11/14/2024,10:39:56 AM
Goodwin Islands,GWI,Upland,UP,GWI_UP_Teros,Teros cluster,Teros12,"upland teros 2,6",4120120.529,375021.6304,0.985557,0.649598,-1.333582,-35.086402,37.219216,-76.408645,-35.086363,0.046661,0.078071,11/14/2024,10:40:52 AM
Goodwin Islands,GWI,Upland,UP,GWI_UP_Teros,Teros cluster,Teros12,upland teros 4,4120121.782,375023.877,1.126868,0.649598,-1.333582,-34.94512,37.219227,-76.40862,-34.945082,0.025576,0.052767,11/14/2024,10:41:35 AM
Goodwin Islands,GWI,Upland,UP,GWI_UP_VegPlot_3,Front corner ,Ground Vegetation Plot,upland v3-1,4120118.85,375025.1362,1.070092,0.649598,-1.333582,-35.002,37.219201,-76.408605,-35.001962,0.032206,0.053702,11/14/2024,10:42:34 AM
Goodwin Islands,GWI,Upland,UP,GWI_UP_VegPlot_3,Back corner,Ground Vegetation Plot,upland v3-2,4120121.251,375026.5383,1.112774,0.649598,-1.333581,-34.959298,37.219223,-76.40859,-34.95926,0.023595,0.043474,11/14/2024,10:45:14 AM
Goodwin Islands,GWI,Upland,UP,GWI_UP_VegPlot_1,Front corner ,Ground Vegetation Plot,upland v1-1,4120117.104,375033.8092,1.021502,0.649597,-1.33358,-35.050864,37.219187,-76.408507,-35.050826,0.025149,0.040574,11/14/2024,10:45:45 AM
Goodwin Islands,GWI,Upland,UP,GWI_UP_VegPlot_1,Back corner,Ground Vegetation Plot,upland v1-2,4120119.505,375035.5389,1.173529,0.649598,-1.33358,-34.898825,37.219208,-76.408488,-34.898787,0.04089,0.055533,11/14/2024,10:46:19 AM
Goodwin Islands,GWI,Upland,UP,GWI_UP_VegPlot_1,Back corner,Ground Vegetation Plot,upland v1-2a,4120119.49,375035.5255,1.112838,0.649598,-1.33358,-34.959516,37.219208,-76.408488,-34.959478,0.028618,0.042383,11/14/2024,10:46:45 AM
Goodwin Islands,GWI,Upland,UP,GWI_UP_VegPlot_3,Front corner ,Ground Vegetation Plot,upland v3-1a,4120128.988,375028.4849,1.046591,0.649599,-1.333581,-35.025346,37.219293,-76.408569,-35.025307,0.027345,0.043602,11/14/2024,10:47:45 AM
Goodwin Islands,GWI,Upland,UP,GWI_UP_VegPlot_3,Back corner,Ground Vegetation Plot,upland v3-2a,4120131.034,375030.4802,0.967585,0.6496,-1.333581,-35.104355,37.219312,-76.408547,-35.104317,0.028323,0.043836,11/14/2024,10:50:20 AM
Goodwin Islands,GWI,Upland,UP,GWI_UP_VegPlot_4,Front corner ,Ground Vegetation Plot,upland v4-1,4120133.004,375034.6007,1.059329,0.6496,-1.33358,-35.012673,37.21933,-76.408501,-35.012635,0.021186,0.034001,11/14/2024,10:51:18 AM
Goodwin Islands,GWI,Upland,UP,GWI_UP_VegPlot_4,Back corner,Ground Vegetation Plot,upland v4-2,4120134.934,375036.6137,1.088291,0.6496,-1.33358,-34.983718,37.219348,-76.408479,-34.98368,0.025684,0.044431,11/14/2024,10:52:00 AM
Goodwin Islands,GWI,Upland,UP,GWI_UP_TreePlot_Corner,Front corner ,Tree Plot,upland plot corner-1,4120135.129,375035.526,0.996229,0.6496,-1.33358,-35.075747,37.219349,-76.408491,-35.075709,0.020456,0.033263,11/14/2024,10:52:29 AM
Goodwin Islands,GWI,Upland,UP,GWI_UP_SF_Tree_5,Tree base,Sap Flow Tree,upland sf-5,4120134.479,375033.7755,1.126655,0.6496,-1.33358,-34.94529,37.219343,-76.40851,-34.945252,0.020068,0.041333,11/14/2024,10:53:09 AM
Goodwin Islands,GWI,Upland,UP,GWI_UP_SF_Tree_4,Tree base,Sap Flow Tree,upland sf-4,4120133.939,375030.7072,1.063391,0.6496,-1.333581,-35.008485,37.219338,-76.408545,-35.008447,0.024946,0.032017,11/14/2024,10:53:43 AM
Goodwin Islands,GWI,Upland,UP,GWI_UP_SF_Tree_6,Tree base,Sap Flow Tree,upland sf-6,4120127.609,375032.1646,1.252582,0.649599,-1.33358,-34.819486,37.219281,-76.408527,-34.819448,0.033065,0.040784,11/14/2024,10:54:16 AM
Goodwin Islands,GWI,Upland,UP,GWI_UP_SF_Tree_7,Tree base,Sap Flow Tree,upland sf-7,4120122.754,375029.1814,1.178979,0.649598,-1.333581,-34.893127,37.219237,-76.40856,-34.893089,0.024794,0.03388,11/14/2024,10:54:38 AM
Goodwin Islands,GWI,Upland,UP,GWI_UP_SF_Tree_8,Tree base,Sap Flow Tree,upland sf-8,4120116.077,375030.3488,1.168178,0.649597,-1.333581,-34.904121,37.219177,-76.408546,-34.904082,0.032727,0.050519,11/14/2024,10:55:03 AM
Goodwin Islands,GWI,Upland,UP,GWI_UP_TreePlot_Corner,Front corner ,Tree Plot,upland plot corner-2,4120115.498,375038.0765,1.095812,0.649597,-1.333579,-34.976707,37.219173,-76.408459,-34.976669,0.033115,0.058281,11/14/2024,10:56:07 AM
Goodwin Islands,GWI,Upland,UP,GWI_UP_SF_Tree_1,Tree base,Sap Flow Tree,upland sf-1,4120117.241,375021.637,1.020645,0.649597,-1.333582,-35.051393,37.219186,-76.408644,-35.051355,0.058937,0.106107,11/14/2024,10:59:04 AM
Goodwin Islands,GWI,Upland,UP,GWI_UP_VegPlot_2,Front corner ,Ground Vegetation Plot,upland veg2-2,4120117.514,375022.2031,0.966041,0.649597,-1.333582,-35.106006,37.219189,-76.408638,-35.105968,0.027701,0.049803,11/14/2024,10:59:29 AM
Goodwin Islands,GWI,Upland,UP,GWI_UP_VegPlot_2,Front corner ,Ground Vegetation Plot,upland veg2-1,4120115.481,375020.0892,0.970129,0.649597,-1.333583,-35.101911,37.21917,-76.408661,-35.101872,0.02679,0.047207,11/14/2024,11:00:14 AM
Goodwin Islands,GWI,Upland,UP,GWI_UP_SF_Tree_3,Tree base,Sap Flow Tree,upland sf-3,4120126.009,375023.3984,1.021564,0.649599,-1.333582,-35.050309,37.219265,-76.408626,-35.050271,0.03446,0.050869,11/14/2024,11:02:06 AM
Goodwin Islands,GWI,Upland,UP,GWI_UP_TreePlot_Corner,Front corner ,Tree Plot,upland plot corner-3,4120132.56,375015.853,0.862423,0.6496,-1.333584,-35.209091,37.219324,-76.408712,-35.209053,0.025414,0.052252,11/14/2024,11:05:32 AM
Goodwin Islands,GWI,Upland,UP,GWI_UP_TreePlot_Corner,Front corner ,Tree Plot,upland plot corner-4,4120112.701,375018.2939,0.963673,0.649597,-1.333583,-35.108387,37.219145,-76.408681,-35.108349,0.030752,0.061957,11/14/2024,11:06:15 AM
Goodwin Islands,GWI,Upland,UP,GWI_UP_SamplingZone,Corner,Sampling Zone,upland sampling zone-1,4120111.46,375023.7925,1.011594,0.649596,-1.333582,-35.060642,37.219134,-76.408619,-35.060603,0.024974,0.051251,11/14/2024,11:06:56 AM
Goodwin Islands,GWI,Upland,UP,GWI_UP_SamplingZone,Corner,Sampling Zone,upland sampling zone-2,4120108.329,375023.7115,0.926956,0.649596,-1.333582,-35.145354,37.219106,-76.408619,-35.145316,0.031267,0.059939,11/14/2024,11:07:49 AM
Goodwin Islands,GWI,Upland,UP,GWI_UP_SamplingZone,Corner,Sampling Zone,upland sampling zone-3,4120108.715,375029.9551,0.985786,0.649596,-1.333581,-35.086681,37.219111,-76.408549,-35.086643,0.031726,0.058385,11/14/2024,11:09:20 AM
Goodwin Islands,GWI,Upland,UP,GWI_UP_SamplingZone,Corner,Sampling Zone,upland sampling zone-4,4120111.936,375030.3489,0.994052,0.649597,-1.333581,-35.078347,37.21914,-76.408545,-35.078309,0.026126,0.055935,11/14/2024,11:10:05 AM
Goodwin Islands,GWI,Transition,TR,GWI_TR_LoggerBox,Pole Base ,Logger Box,TR-loggerbox,4120127.929,374965.6622,0.57532,0.649599,-1.333593,-35.494968,37.219275,-76.409277,-35.49493,0.012517,0.020522,11/14/2024,11:15:12 AM
Goodwin Islands,GWI,Transition,TR,GWI_TR_MultiplexerBox,Pole Base ,Multiplexer Box,TR-multiplex box,4120125.225,374965.6663,0.666226,0.649598,-1.333593,-35.404127,37.219251,-76.409276,-35.404089,0.013719,0.022226,11/14/2024,11:15:32 AM
Goodwin Islands,GWI,Transition,TR,GWI_TR_Soil_Flux_Collar_1,Center of Collar ,GHG Soil Flux Collar,TR-soil-flux-1,4120126.926,374967.8001,0.676447,0.649599,-1.333593,-35.393922,37.219266,-76.409253,-35.393884,0.017244,0.028641,11/14/2024,11:16:35 AM
Goodwin Islands,GWI,Transition,TR,GWI_TR_Macrophyte_Flux_Collar_1,Front corner ,GHG Macrophyte Flux Collar,TR-macro-flux-1-1,4120125.873,374968.3663,0.671595,0.649599,-1.333593,-35.398814,37.219257,-76.409246,-35.398776,0.016705,0.03133,11/14/2024,11:17:00 AM
Goodwin Islands,GWI,Transition,TR,GWI_TR_Macrophyte_Flux_Collar_1,Back corner,GHG Macrophyte Flux Collar,TR-macro-flux-1-2,4120125.489,374968.1446,0.679221,0.649599,-1.333593,-35.391192,37.219253,-76.409248,-35.391153,0.017169,0.028314,11/14/2024,11:17:14 AM
Goodwin Islands,GWI,Transition,TR,GWI_TR_Macrophyte_Flux_Collar_2,Back corner,GHG Macrophyte Flux Collar,TR-macro-flux-2-2,4120124.06,374972.7931,0.736445,0.649598,-1.333592,-35.334126,37.219241,-76.409196,-35.334088,0.017076,0.03145,11/14/2024,11:17:51 AM
Goodwin Islands,GWI,Transition,TR,GWI_TR_Macrophyte_Flux_Collar_2,Front corner ,GHG Macrophyte Flux Collar,TR-macro-flux-2-1,4120123.806,374972.4004,0.750531,0.649598,-1.333592,-35.320036,37.219239,-76.4092,-35.319998,0.016131,0.026226,11/14/2024,11:18:03 AM
Goodwin Islands,GWI,Transition,TR,GWI_TR_Soil_Flux_Collar_2,Center of Collar ,GHG Soil Flux Collar,TR-soil-flux-2,4120122.618,374971.9933,0.655599,0.649598,-1.333592,-35.414987,37.219228,-76.409205,-35.414948,0.018644,0.026884,11/14/2024,11:18:22 AM
Goodwin Islands,GWI,Transition,TR,GWI_TR_Macrophyte_Flux_Collar_4,Front corner ,GHG Macrophyte Flux Collar,TR-macro-flux-4-1,4120109.288,374968.0732,0.663688,0.649596,-1.333593,-35.407115,37.219107,-76.409247,-35.407077,0.014793,0.023222,11/14/2024,11:19:12 AM
Goodwin Islands,GWI,Transition,TR,GWI_TR_Macrophyte_Flux_Collar_4,Back corner,GHG Macrophyte Flux Collar,TR-macro-flux-4-2,4120108.914,374967.7579,0.626998,0.649596,-1.333593,-35.443806,37.219104,-76.40925,-35.443767,0.018969,0.033622,11/14/2024,11:19:23 AM
Goodwin Islands,GWI,Transition,TR,GWI_TR_Soil_Flux_Collar_4,Center of Collar ,GHG Soil Flux Collar,TR-soil-flux-4,4120110.415,374966.4685,0.604412,0.649596,-1.333593,-35.466321,37.219117,-76.409265,-35.466283,0.017401,0.02823,11/14/2024,11:19:44 AM
Goodwin Islands,GWI,Transition,TR,GWI_TR_Macrophyte_Flux_Collar_3,Front corner ,GHG Macrophyte Flux Collar,TR-macro-flux-3-1,4120116.8,374973.5694,0.727382,0.649597,-1.333592,-35.343386,37.219176,-76.409186,-35.343347,0.020402,0.024776,11/14/2024,11:20:25 AM
Goodwin Islands,GWI,Transition,TR,GWI_TR_Macrophyte_Flux_Collar_3,Back corner,GHG Macrophyte Flux Collar,TR-macro-flux-3-2,4120116.447,374973.2899,0.684143,0.649597,-1.333592,-35.386626,37.219173,-76.409189,-35.386588,0.017487,0.030616,11/14/2024,11:20:35 AM
Goodwin Islands,GWI,Transition,TR,GWI_TR_Soil_Flux_Collar_3,Center of Collar ,GHG Soil Flux Collar,TR-soil-flux-3outside,4120115.415,374972.3737,0.749271,0.649597,-1.333592,-35.321499,37.219163,-76.409199,-35.32146,0.018982,0.027217,11/14/2024,11:21:06 AM
Goodwin Islands,GWI,Transition,TR,GWI_TR_Soil_Flux_Collar_5,Center of Collar ,GHG Soil Flux Collar,TR-soil-flux-5,4120121.469,374963.6201,0.626539,0.649598,-1.333594,-35.443851,37.219217,-76.409299,-35.443812,0.01594,0.026169,11/14/2024,11:22:18 AM
Goodwin Islands,GWI,Transition,TR,GWI_TR_Macrophyte_Flux_Collar_5,Front corner ,GHG Macrophyte Flux Collar,TR-macro-flux-5-1,4120121.709,374964.1735,0.709083,0.649598,-1.333594,-35.361316,37.219219,-76.409293,-35.361277,0.014285,0.021177,11/14/2024,11:22:39 AM
Goodwin Islands,GWI,Transition,TR,GWI_TR_Macrophyte_Flux_Collar_5,Back corner,GHG Macrophyte Flux Collar,TR-macro-flux-5-2,4120121.766,374964.6136,0.714505,0.649598,-1.333594,-35.355904,37.219219,-76.409288,-35.355866,0.018288,0.021492,11/14/2024,11:22:51 AM
GCReW,GCW,Wetland,WC,GCW_WC_AQ600,Well Base,AquaTROLL 600,GCW_WC_AQ,134217.768,439048.973,0.313,NA,NA,NA,38.87492266,76.54999229,-33.072,0.011,0.024,12/15/2023,NA
GCReW,GCW,Wetland,WC,GCW_WC_Lysimeters_A,Center of Cluster,Porewater Lysimeter,GCW_WC_PW_A,134219.912,439048.293,0.315,NA,NA,NA,38.874942,76.55,-33.07,0.012,0.029,12/15/2023,NA
GCReW,GCW,Wetland,WC,GCW_WC_Lysimeters_B,Center of Cluster,Porewater Lysimeter,GCW_WC_PW_B,134222.12,439044.31,0.33,NA,NA,NA,38.87496207,76.55004578,-33.055,0.011,0.028,12/15/2023,NA
GCReW,GCW,Wetland,WC,GCW_WC_Lysimeters_C,Center of Cluster,Porewater Lysimeter,GCW_WC_PW_C,134226.123,439040.816,0.362,NA,NA,NA,38.87499828,76.55008581,-33.022,0.012,0.029,12/15/2023,NA
GCReW,GCW,Wetland,WC,GCW_WC_GasWells_A,Center of Cluster,GHG Soil Gas Well,GCW_WC_SGW_A,134219.657,439048.822,0.32,NA,NA,NA,38.87493969,76.54999392,-33.065,0.011,0.028,12/15/2023,NA
GCReW,GCW,Wetland,WC,GCW_WC_GasWells_B,Center of Cluster,GHG Soil Gas Well,GCW_WC_SGW_B,134222.68,439043.837,0.305,NA,NA,NA,38.87496713,76.5500512,-33.08,0.012,0.029,12/15/2023,NA
GCReW,GCW,Wetland,WC,GCW_WC_GasWells_C,Center of Cluster,GHG Soil Gas Well,GCW_WC_SGW_C,134225.837,439041.208,0.365,NA,NA,NA,38.87499569,76.55008131,-33.02,0.011,0.027,12/15/2023,NA
GCReW,GCW,Wetland,WC,GCW_WC_Teros,Teros cluster,Teros12,GCW_WC_TEROS,134218.751,439049.395,2.377,NA,NA,NA,38.8749315,76.54998737,-31.008,0.011,0.027,12/15/2023,NA
GCReW,GCW,Wetland,WC,GCW_WC_Teros,Teros cluster,Teros12,GCW_WC_TEROS_A,134218.772,439049.371,0.357,NA,NA,NA,38.87493168,76.54998764,-33.028,0.011,0.025,12/15/2023,NA
GCReW,GCW,Wetland,WC,GCW_WC_Teros,Teros cluster,Teros12,GCW_WC_TEROS_B,134217.827,439049.995,0.261,NA,NA,NA,38.87492314,76.54998051,-33.125,0.011,0.024,12/15/2023,NA
GCReW,GCW,Wetland,WC,GCW_WC_Macrophyte_Flux_Collar_1,Corner,GHG Macrophyte Flux Collar,GCW_WC_COLLAR_1,134220.728,439049.384,0.328,NA,NA,NA,38.87494931,76.54998738,-33.057,0.013,0.021,12/15/2023,NA
GCReW,GCW,Wetland,WC,GCW_WC_Macrophyte_Flux_Collar_2,Corner,GHG Macrophyte Flux Collar,GCW_WC_COLLAR_2,134219.25,439047.584,0.336,NA,NA,NA,38.87493607,76.5500082,-33.049,0.013,0.021,12/15/2023,NA
GCReW,GCW,Wetland,WC,GCW_WC_Macrophyte_Flux_Collar_3,Corner,GHG Macrophyte Flux Collar,GCW_WC_COLLAR_3,134219.89,439046.233,0.344,NA,NA,NA,38.87494189,76.55002374,-33.041,0.013,0.022,12/15/2023,NA
GCReW,GCW,Wetland,WC,GCW_WC_Macrophyte_Flux_Collar_4,Corner,GHG Macrophyte Flux Collar,GCW_WC_COLLAR_4,134223.639,439042.91,0.371,NA,NA,NA,38.87497581,76.55006182,-33.014,0.014,0.022,12/15/2023,NA
GCReW,GCW,Wetland,WC,GCW_WC_Macrophyte_Flux_Collar_5,Corner,GHG Macrophyte Flux Collar,GCW_WC_COLLAR_5,134227.667,439039.46,0.372,NA,NA,NA,38.87501225,76.55010135,-33.013,0.014,0.024,12/15/2023,NA
GCReW,GCW,Wetland,WC,GCW_WC_SamplingPlot,Corner,Sampling Zone,GCW_WC_SP_1,134202.206,439056.69,0.314,NA,NA,NA,38.87478213,76.54990424,-33.072,0.014,0.023,12/15/2023,NA
GCReW,GCW,Wetland,WC,GCW_WC_SamplingPlot,Corner,Sampling Zone,GCW_WC_SP_2,134196.956,439049.819,0.336,NA,NA,NA,38.87473514,76.54998372,-33.049,0.013,0.023,12/15/2023,NA
GCReW,GCW,Wetland,WC,GCW_WC_SamplingPlot,Corner,Sampling Zone,GCW_WC_SP_3,134188.427,439056.389,0.313,NA,NA,NA,38.87465802,76.54990849,-33.073,0.014,0.022,12/15/2023,NA
GCReW,GCW,Wetland,WC,GCW_WC_SamplingPlot,Corner,Sampling Zone,GCW_WC_SP_4,134193.849,439063.877,0.295,NA,NA,NA,38.87470653,76.54982188,-33.091,0.014,0.024,12/15/2023,NA
GCReW,GCW,Transition,TR,GCW_TR_AQ600,Well Base,AquaTROLL 600,GCW_TR_AQ,134165.497,438936.619,0.434,NA,NA,NA,38.87445676,76.55129001,-32.949,0.059,0.102,12/15/2023,NA
GCReW,GCW,Transition,TR,GCW_TR_Lysimeters_A,Center of Cluster,Porewater Lysimeter,GCW_TR_PW_A,134162.945,438929.214,0.625,NA,NA,NA,38.87443411,76.55137549,-32.758,0.108,0.231,12/20/2023,NA
GCReW,GCW,Transition,TR,GCW_TR_Lysimeters_B,Center of Cluster,Porewater Lysimeter,GCW_TR_PW_B,134168.572,438925.597,0.693,NA,NA,NA,38.87448495,76.55141686,-32.69,0.075,0.101,12/20/2023,NA
GCReW,GCW,Transition,TR,GCW_TR_Lysimeters_C,Center of Cluster,Porewater Lysimeter,GCW_TR_PW_C,134169.491,438923.69,0.578,NA,NA,NA,38.87449332,76.55143878,-32.805,0.073,0.109,12/20/2023,NA
GCReW,GCW,Transition,TR,GCW_TR_GasWells_A,Center of Cluster,GHG Soil Gas Well,GCW_TR_SGW_A,134164.224,438928.269,0.758,NA,NA,NA,38.87444567,76.55138631,-32.625,0.082,0.101,12/20/2023,NA
GCReW,GCW,Transition,TR,GCW_TR_GasWells_B,Center of Cluster,GHG Soil Gas Well,GCW_TR_SGW_B,134168.525,438925.112,0.542,NA,NA,NA,38.87448455,76.55142245,-32.84,0.172,0.289,12/20/2023,NA
GCReW,GCW,Transition,TR,GCW_TR_GasWells_C,Center of Cluster,GHG Soil Gas Well,GCW_TR_SGW_C,134169.931,438923.961,0.476,NA,NA,NA,38.87449727,76.55143563,-32.907,0.1,0.172,12/20/2023,NA
GCReW,GCW,Transition,TR,GCW_TR_AQ600,Well Base,AquaTROLL 600,GCW_TR_AQ,134165.497,438936.619,0.434,NA,NA,NA,38.87445676,76.55129001,-32.949,0.059,0.102,12/20/2023,NA
GCReW,GCW,Transition,TR,GCW_TR_Teros,Teros cluster,Teros12,GCW_TR_TEROS_A,134163.352,438928.882,0.525,NA,NA,NA,38.87443779,76.55137929,-32.858,0.078,0.185,12/20/2023,NA
GCReW,GCW,Transition,TR,GCW_TR_Teros,Teros cluster,Teros12,GCW_TR_TEROS_B,134164.18,438929.091,0.423,NA,NA,NA,38.87444523,76.55137684,-32.96,0.055,0.104,12/20/2023,NA
GCReW,GCW,Transition,TR,GCW_TR_Teros,Teros cluster,Teros12,GCW_TR_TEROS_C,134169.069,438925.172,0.666,NA,NA,NA,38.87448945,76.55142172,-32.717,0.07,0.114,12/20/2023,NA
GCReW,GCW,Transition,TR,GCW_TR_Teros,Teros cluster,Teros12,GCW_TR_TEROS_D,134170.055,438925.283,0.395,NA,NA,NA,38.87449833,76.55142039,-32.988,0.065,0.112,12/20/2023,NA
GCReW,GCW,Transition,TR,GCW_TR_VegPlot_3,Corner,Ground Vegetation Plot,GCW_TR_V3_A,134168.418,438933.567,0.569,NA,NA,NA,38.87448322,76.55132502,-32.814,0.037,0.072,12/20/2023,NA
GCReW,GCW,Transition,TR,GCW_TR_VegPlot_3,Corner,Ground Vegetation Plot,GCW_TR_V3_B,134170.295,438933.358,0.618,NA,NA,NA,38.87450013,76.55132731,-32.764,0.093,0.113,12/20/2023,NA
GCReW,GCW,Transition,TR,GCW_TR_VegPlot_3,Corner,Ground Vegetation Plot,GCW_TR_V3_C,134168.042,438931.524,0.687,NA,NA,NA,38.87447992,76.55134858,-32.696,0.092,0.125,12/20/2023,NA
GCReW,GCW,Transition,TR,GCW_TR_VegPlot_3,Corner,Ground Vegetation Plot,GCW_TR_V3_D,134170.012,438931.247,0.575,NA,NA,NA,38.87449768,76.55135166,-32.808,0.084,0.145,12/20/2023,NA
GCReW,GCW,Transition,TR,GCW_TR_VegPlot_4,Corner,Ground Vegetation Plot,GCW_TR_V4_A,134172.073,438927.216,0.312,NA,NA,NA,38.87451642,76.551398,-33.07,0.116,0.164,12/20/2023,NA
GCReW,GCW,Transition,TR,GCW_TR_VegPlot_4,Corner,Ground Vegetation Plot,GCW_TR_V4_B,134174.146,438926.829,0.414,NA,NA,NA,38.87453512,76.55140234,-32.968,0.047,0.098,12/20/2023,NA
GCReW,GCW,Transition,TR,GCW_TR_VegPlot_4,Corner,Ground Vegetation Plot,GCW_TR_V4_C,134173.773,438924.743,0.342,NA,NA,NA,38.87453185,76.5514264,-33.041,0.12,0.164,12/20/2023,NA
GCReW,GCW,Transition,TR,GCW_TR_VegPlot_4,Corner,Ground Vegetation Plot,GCW_TR_V4_D,134171.904,438925.216,0.511,NA,NA,NA,38.87451499,76.55142105,-32.872,0.101,0.184,12/20/2023,NA
GCReW,GCW,Transition,TR,GCW_TR_Tree_Plot,Corner,Tree Plot,GCW_TR_TP_A,134179.138,438930.465,0.308,NA,NA,NA,38.87457993,76.55136015,-33.075,0.053,0.093,12/20/2023,NA
GCReW,GCW,Transition,TR,GCW_TR_VegPlot_5,Corner,Ground Vegetation Plot,GCW_TR_V5_A,134175.8,438918.116,1.465,NA,NA,NA,38.87455039,76.55150266,-31.918,0.066,0.13,12/20/2023,NA
GCReW,GCW,Transition,TR,GCW_TR_VegPlot_5,Corner,Ground Vegetation Plot,GCW_TR_V5_B,134177.931,438917.575,1.551,NA,NA,NA,38.87456962,76.55150877,-31.831,0.048,0.098,12/20/2023,NA
GCReW,GCW,Transition,TR,GCW_TR_VegPlot_5,Corner,Ground Vegetation Plot,GCW_TR_V5_C,134178.085,438919.509,1.426,NA,NA,NA,38.87457092,76.55148647,-31.957,0.067,0.126,12/20/2023,NA
GCReW,GCW,Transition,TR,GCW_TR_VegPlot_5,Corner,Ground Vegetation Plot,GCW_TR_V5_D,134176.227,438920.006,1.35,NA,NA,NA,38.87455416,76.55148085,-32.032,0.052,0.136,12/20/2023,NA
GCReW,GCW,Transition,TR,GCW_TR_Tree_Plot,Corner,Tree Plot,GCW_TR_TP_B,134161.512,438921.248,2.207,NA,NA,NA,38.87442155,76.55146737,-31.176,0.11,0.19,12/20/2023,NA
GCReW,GCW,Transition,TR,GCW_TR_VegPlot_2,Corner,Ground Vegetation Plot,GCW_TR_V2_A,134159.876,438933.379,0.874,NA,NA,NA,38.87440627,76.55132766,-32.509,0.116,0.149,12/20/2023,NA
GCReW,GCW,Transition,TR,GCW_TR_VegPlot_2,Corner,Ground Vegetation Plot,GCW_TR_V2_B,134161.835,438932.789,1.059,NA,NA,NA,38.87442395,76.55133436,-32.324,0.083,0.171,12/20/2023,NA
GCReW,GCW,Transition,TR,GCW_TR_VegPlot_2,Corner,Ground Vegetation Plot,GCW_TR_V2_C,134161.112,438930.944,1.052,NA,NA,NA,38.87441752,76.55135566,-32.331,0.079,0.158,12/20/2023,NA
GCReW,GCW,Transition,TR,GCW_TR_VegPlot_2,Corner,Ground Vegetation Plot,GCW_TR_V2_D,134159.261,438931.6,1.027,NA,NA,NA,38.87440081,76.55134821,-32.356,0.049,0.108,12/20/2023,NA
GCReW,GCW,Transition,TR,GCW_TR_Tree_Plot,Corner,Tree Plot,GCW_TR_TP_C,134150.353,438943.905,0.839,NA,NA,NA,38.87432002,76.55120691,-32.545,0.04,0.095,12/20/2023,NA
GCReW,GCW,Transition,TR,GCW_TR_Tree_Plot,Corner,Tree Plot,GCW_TR_TP_D,134168.166,438953.117,0.4,NA,NA,NA,38.87448008,76.55109974,-32.983,0.027,0.062,12/20/2023,NA
GCReW,GCW,Transition,TR,GCW_TR_VegPlot_1,Corner,Ground Vegetation Plot,GCW_TR_V1_A,134165.7,438943.383,0.443,NA,NA,NA,38.8744583,76.55121206,-32.94,0.085,0.158,12/20/2023,NA
GCReW,GCW,Transition,TR,GCW_TR_VegPlot_1,Corner,Ground Vegetation Plot,GCW_TR_V1_B,134166.363,438945.353,0.604,NA,NA,NA,38.87446418,76.55118932,-32.779,0.065,0.128,12/20/2023,NA
GCReW,GCW,Transition,TR,GCW_TR_VegPlot_1,Corner,Ground Vegetation Plot,GCW_TR_V1_C,134168.344,438944.606,0.628,NA,NA,NA,38.87448206,76.55119781,-32.755,0.087,0.172,12/20/2023,NA
GCReW,GCW,Transition,TR,GCW_TR_VegPlot_1,Corner,Ground Vegetation Plot,GCW_TR_V1_D,134167.613,438942.715,0.648,NA,NA,NA,38.87447556,76.55121964,-32.735,0.087,0.142,12/20/2023,NA
GCReW,GCW,Transition,TR,GCW_TR_SamplingZone,Corner,Sampling Zone,GCW_TR_SP_1,134163.13,438962.417,0.449,NA,NA,NA,38.8744343,76.55099286,-32.935,0.089,0.107,12/20/2023,NA
GCReW,GCW,Transition,TR,GCW_TR_SamplingZone,Corner,Sampling Zone,GCW_TR_SP_2,134158.664,438950.45,1.369,NA,NA,NA,38.8743946,76.55113101,-32.014,0.226,0.272,12/20/2023,NA
GCReW,GCW,Transition,TR,GCW_TR_SamplingZone,Corner,Sampling Zone,GCW_TR_SP_3,134149.484,438957.202,1.602,NA,NA,NA,38.87431161,76.55105372,-31.782,0.512,0.447,12/20/2023,NA
GCReW,GCW,Transition,TR,GCW_TR_SamplingZone,Corner,Sampling Zone,GCW_TR_SP_4,134150.939,438949.43,2.941,NA,NA,NA,38.87432506,76.5511432,-30.442,0.156,0.184,12/20/2023,NA
GCReW,GCW,Transition,TR,GCW_TR_SF_Tree_5,Tree base,Sap Flow Tree,GCW_TR_SF_5,134152.838,438944.382,2.084,NA,NA,NA,38.87434239,76.55120126,-31.3,0.272,0.218,12/20/2023,NA
GCReW,GCW,Transition,TR,GCW_TR_Soil_Flux_Collar_1,Center,GHG Soil Flux Collar,GCW_TR_COLLAR_1,134156.846,438939.431,1.999,NA,NA,NA,38.87437871,76.55125809,-31.384,0.118,0.134,12/20/2023,NA
GCReW,GCW,Transition,TR,GCW_TR_Soil_Flux_Collar_2,Center,GHG Soil Flux Collar,GCW_TR_COLLAR_2,134163.289,438934.576,0.876,NA,NA,NA,38.87443697,76.55131368,-32.506,0.179,0.229,12/20/2023,NA
GCReW,GCW,Transition,TR,GCW_TR_SF_Tree_4,Tree base,Sap Flow Tree,GCW_TR_SF_4,134166.212,438933.914,0.53,NA,NA,NA,38.87446333,76.55132114,-32.852,0.424,0.42,12/20/2023,NA
GCReW,GCW,Transition,TR,GCW_TR_SF_Tree_3,Tree base,Sap Flow Tree,GCW_TR_SF_3,134165.114,438932.146,0.833,NA,NA,NA,38.87445352,76.55134158,-32.55,0.126,0.123,12/20/2023,NA
GCReW,GCW,Transition,TR,GCW_TR_Soil_Flux_Collar_3,Center,GHG Soil Flux Collar,GCW_TR_COLLAR_3,134163.243,438929.882,0.717,NA,NA,NA,38.87443677,76.55136777,-32.666,0.081,0.131,12/20/2023,NA
GCReW,GCW,Transition,TR,GCW_TR_Soil_Flux_Collar_4,Center,GHG Soil Flux Collar,GCW_TR_COLLAR_4,134167.321,438928.657,0.598,NA,NA,NA,38.87447355,76.55138166,-32.785,0.075,0.104,12/20/2023,NA
GCReW,GCW,Transition,TR,GCW_TR_Soil_Flux_Collar_5,Center,GHG Soil Flux Collar,GCW_TR_COLLAR_5,134168.733,438924.605,0.816,NA,NA,NA,38.87448645,76.55142828,-32.567,0.34,0.276,12/20/2023,NA
GCReW,GCW,Transition,TR,GCW_TR_SF_Tree_2,Tree base,Sap Flow Tree,GCW_TR_SF_2,134167.421,438925.574,1.082,NA,NA,NA,38.87447459,76.55141719,-32.301,0.128,0.271,12/20/2023,NA
GCReW,GCW,Transition,TR,GCW_TR_SF_Tree_6,Tree base,Sap Flow Tree,GCW_TR_SF_6,134178.647,438913.705,2.873,NA,NA,NA,38.87457624,76.55155333,-30.509,0.394,0.392,12/20/2023,NA
GCReW,GCW,Transition,TR,GCW_TR_SF_Tree_1,Tree base,Sap Flow Tree,GCW_TR_SF_1,134195.513,438919.687,1.176,NA,NA,NA,38.87472791,76.55148344,-32.206,0.11,0.157,12/20/2023,NA
GCReW,GCW,Upland,UP,GCW_UP_Lysimeters_B,Center of Cluster,Porewater Lysimeter,GCW_UP_PW_B,134173.604,438881.332,3.998,NA,NA,NA,38.87453224,76.55192668,-29.384,0.052,0.108,12/20/2023,NA
GCReW,GCW,Upland,UP,GCW_UP_Lysimeters_C,Center of Cluster,Porewater Lysimeter,GCW_UP_PW_C,134179.584,438872.488,4.588,NA,NA,NA,38.8745865,76.55202826,-28.793,0.087,0.185,12/20/2023,NA
GCReW,GCW,Upland,UP,GCW_UP_VegPlot_2,Corner,Ground Vegetation Plot,GCW_UP_V2_A,134170.443,438848.257,6.199,NA,NA,NA,38.87450523,76.55230801,-27.181,0.12,0.147,12/20/2023,NA
GCReW,GCW,Upland,UP,GCW_UP_VegPlot_2,Corner,Ground Vegetation Plot,GCW_UP_V2_B,134169.247,438849.827,6.534,NA,NA,NA,38.87449439,76.55228998,-26.847,0.055,0.103,12/20/2023,NA
GCReW,GCW,Upland,UP,GCW_UP_VegPlot_2,Corner,Ground Vegetation Plot,GCW_UP_V2_C,134170.735,438851.131,6.296,NA,NA,NA,38.87450773,76.55227487,-27.084,0.097,0.267,12/20/2023,NA
GCReW,GCW,Upland,UP,GCW_UP_VegPlot_2,Corner,Ground Vegetation Plot,GCW_UP_V2_D,134172.136,438849.484,6.097,NA,NA,NA,38.87452043,76.55229378,-27.284,0.234,0.283,12/20/2023,NA
GCReW,GCW,Upland,UP,GCW_UP_Lysimeters_A,Center of Cluster,Porewater Lysimeter,GCW_UP_PW_A,134163.431,438877.236,4.251,NA,NA,NA,38.87444078,76.55197446,-29.13,0.065,0.094,12/20/2023,NA
GCReW,GCW,Upland,UP,GCW_UP_VegPlot_5,Corner,Ground Vegetation Plot,GCW_UP_V5_A,134165.321,438869.941,5.214,NA,NA,NA,38.87445813,76.55205842,-28.167,0.073,0.127,12/20/2023,NA
GCReW,GCW,Upland,UP,GCW_UP_VegPlot_5,Corner,Ground Vegetation Plot,GCW_UP_V5_B,134164.113,438871.493,4.902,NA,NA,NA,38.87444718,76.5520406,-28.479,0.132,0.272,12/20/2023,NA
GCReW,GCW,Upland,UP,GCW_UP_VegPlot_5,Corner,Ground Vegetation Plot,GCW_UP_V5_C,134165.378,438872.809,4.598,NA,NA,NA,38.87445852,76.55202536,-28.783,0.12,0.145,12/20/2023,NA
GCReW,GCW,Upland,UP,GCW_UP_VegPlot_5,Corner,Ground Vegetation Plot,GCW_UP_V5_D,134166.829,438871.367,4.793,NA,NA,NA,38.87447165,76.5520419,-28.588,0.098,0.11,12/20/2023,NA
GCReW,GCW,Upland,UP,GCW_UP_VegPlot_3,Corner,Ground Vegetation Plot,GCW_UP_V3_A,134163.908,438855.826,6.211,NA,NA,NA,38.87444603,76.55222115,-27.17,0.063,0.123,12/20/2023,NA
GCReW,GCW,Upland,UP,GCW_UP_VegPlot_3,Corner,Ground Vegetation Plot,GCW_UP_V3_B,134162.651,438857.145,6.665,NA,NA,NA,38.87443464,76.55220602,-26.716,0.108,0.229,12/20/2023,NA
GCReW,GCW,Upland,UP,GCW_UP_VegPlot_3,Corner,Ground Vegetation Plot,GCW_UP_V3_C,134163.901,438858.594,6.467,NA,NA,NA,38.87444584,76.55218926,-26.914,0.186,0.261,12/20/2023,NA
GCReW,GCW,Upland,UP,GCW_UP_VegPlot_3,Corner,Ground Vegetation Plot,GCW_UP_V3_D,134165.521,438857.069,6.251,NA,NA,NA,38.8744605,76.55220674,-27.129,0.097,0.321,12/20/2023,NA
GCReW,GCW,Upland,UP,GCW_UP_VegPlot_4,Corner,Ground Vegetation Plot,GCW_UP_V4_A,134157.387,438863.565,5.442,NA,NA,NA,38.87438694,76.55213234,-27.939,0.077,0.151,12/20/2023,NA
GCReW,GCW,Upland,UP,GCW_UP_VegPlot_4,Corner,Ground Vegetation Plot,GCW_UP_V4_B,134155.942,438867.319,11.918,NA,NA,NA,38.87437376,76.55208916,-21.463,0.112,0.325,12/20/2023,NA
GCReW,GCW,Upland,UP,GCW_UP_VegPlot_4,Corner,Ground Vegetation Plot,GCW_UP_V4_C,134157.566,438866.365,5.521,NA,NA,NA,38.87438843,76.55210007,-27.86,0.618,0.587,12/20/2023,NA
GCReW,GCW,Upland,UP,GCW_UP_VegPlot_4,Corner,Ground Vegetation Plot,GCW_UP_V4_D,134158.904,438864.581,5.616,NA,NA,NA,38.87440056,76.55212054,-27.765,0.276,0.546,12/20/2023,NA
GCReW,GCW,Upland,UP,GCW_UP_VegPlot_1,Corner,Ground Vegetation Plot,GCW_UP_V1_A,134192.907,438860.755,4.62,NA,NA,NA,38.87470704,76.55216271,-28.761,0.078,0.143,12/20/2023,NA
GCReW,GCW,Upland,UP,GCW_UP_VegPlot_1,Corner,Ground Vegetation Plot,GCW_UP_V1_B,134191.645,438862.141,4.639,NA,NA,NA,38.87469561,76.55214681,-28.742,0.085,0.163,12/20/2023,NA
GCReW,GCW,Upland,UP,GCW_UP_VegPlot_1,Corner,Ground Vegetation Plot,GCW_UP_V1_C,134193.116,438863.511,4.275,NA,NA,NA,38.8747088,76.55213094,-29.106,0.07,0.094,12/20/2023,NA
GCReW,GCW,Upland,UP,GCW_UP_VegPlot_1,Corner,Ground Vegetation Plot,GCW_UP_V1_D,134194.542,438861.897,3.931,NA,NA,NA,38.87472172,76.55214946,-29.449,0.095,0.147,12/20/2023,NA
GCReW,GCW,Upland,UP,GCW_UP_Tree_Plot,Corner,Tree Plot,GCW_UP_TP_A1,134203.755,438862.572,4.054,NA,NA,NA,38.87480468,76.55214117,-29.326,0.11,0.127,12/20/2023,NA
GCReW,GCW,Upland,UP,GCW_UP_Tree_Plot,Corner,Tree Plot,GCW_UP_TP_A9,134172.927,438837.583,5.489,NA,NA,NA,38.87452807,76.55243088,-27.891,0.063,0.111,12/20/2023,NA
GCReW,GCW,Upland,UP,GCW_UP_AQ600,Well Base,AquaTROLL 600,GCW_UP_AQ_A,134158.835,438850.427,7.705,NA,NA,NA,38.87440057,76.55228366,-25.675,0.06,0.093,12/20/2023,NA
GCReW,GCW,Upland,UP,GCW_UP_AQ600,Well Base,AquaTROLL 600,GCW_UP_AQ_B,134173.811,438869.967,5.06,NA,NA,NA,38.87453461,76.55205764,-28.321,0.103,0.11,12/20/2023,NA
GCReW,GCW,Upland,UP,GCW_UP_Tree_Plot,Corner,Tree Plot,GCW_UP_TP_J9,134143.617,438871.729,5.257,NA,NA,NA,38.87426254,76.55203904,-28.125,0.099,0.139,12/20/2023,NA
GCReW,GCW,Upland,UP,GCW_UP_Tree_Plot,Corner,Tree Plot,GCW_UP_TP_J1,134171.234,438900.991,3.551,NA,NA,NA,38.87451002,76.55170027,-29.831,0.233,0.483,12/20/2023,NA
GCReW,GCW,Upland,UP,GCW_UP_SoilFlux_Collar_2,Center,GHG Soil Flux Collar,GCW_UP_Collar_2,134189.301,438873.084,3.967,NA,NA,NA,38.87467401,76.55202083,-29.414,0.316,0.195,12/20/2023,NA
GCReW,GCW,Upland,UP,GCW_UP_SoilFlux_Collar_3,Center,GHG Soil Flux Collar,GCW_UP_Collar_3,134179.326,438871.843,4.631,NA,NA,NA,38.87458421,76.5520357,-28.75,0.116,0.17,12/20/2023,NA
GCReW,GCW,Upland,UP,GCW_UP_SoilFlux_Collar_4,Center,GHG Soil Flux Collar,GCW_UP_Collar_4,134168.089,438864.018,5.714,NA,NA,NA,38.87448333,76.55212652,-27.667,0.134,0.133,12/20/2023,NA
GCReW,GCW,Upland,UP,GCW_UP_SoilFlux_Collar_1,Center,GHG Soil Flux Collar,GCW_UP_Collar_1,134162.542,438877.135,4.471,NA,NA,NA,38.87443278,76.55197566,-28.91,0.178,0.164,12/20/2023,NA
GCReW,GCW,Upland,UP,GCW_UP_SoilFlux_Collar_5,Center,GHG Soil Flux Collar,GCW_UP_Collar_5,134174.139,438881.692,6.35,NA,NA,NA,38.87453704,76.5519225,-27.032,0.109,0.147,12/20/2023,NA
GCReW,GCW,Upland,UP,GCW_UP_SF_Tree_5,Tree base,Sap Flow Tree,GCW_UP_SF_5,134172.429,438878.747,4.102,NA,NA,NA,38.87452178,76.55195653,-29.279,0.093,0.137,12/20/2023,NA
GCReW,GCW,Upland,UP,GCW_UP_SF_Tree_4,Tree base,Sap Flow Tree,GCW_UP_SF_4,134180.858,438877.616,6.867,NA,NA,NA,38.87459775,76.55196909,-26.514,0.801,0.651,12/20/2023,NA
GCReW,GCW,Upland,UP,GCW_UP_SF_Tree_3,Tree base,Sap Flow Tree,GCW_UP_SF_3,134181.222,438867.178,5.539,NA,NA,NA,38.87460149,76.55208935,-27.842,0.169,0.26,12/20/2023,NA
GCReW,GCW,Upland,UP,GCW_UP_SF_Tree_1,Tree base,Sap Flow Tree,GCW_UP_SF_1,134187.923,438862.64,5.926,NA,NA,NA,38.87466206,76.55214127,-27.454,0.308,0.424,12/20/2023,NA
GCReW,GCW,Upland,UP,GCW_UP_SF_Tree_6,Tree base,Sap Flow Tree,GCW_UP_SF_6,134198.612,438864.36,3.652,NA,NA,NA,38.87475827,76.55212085,-29.729,0.216,0.237,12/20/2023,NA
GCReW,GCW,Upland,UP,GCW_UP_SF_Tree_2,Tree base,Sap Flow Tree,GCW_UP_SF_2,134200.931,438857.92,3.519,NA,NA,NA,38.87477945,76.55219494,-29.861,0.153,0.277,12/20/2023,NA
,,,,,,,,,,,,,,,,,,,,
