"Project","Region","Year","Month","Day","Site","Plot","Replicate","Depth_cm","Sample_ID","Sampler_Type","SO4_ppm","SO4_mM","SO4_flag","Cl_ppm","Cl_mM","Cl_flag","Salinity","H2S_mean_uM","H2S_sd_uM","H2S_flag","NH3_mgL","NH3_uM","NH3_flag","PO4_mgL","PO4_uM","PO4_flag","NOx_mgL","NOx_uM","NOx_flag","FE_2_mean_uM","FE_2_sd_uM","FE_2_flag","FE_3_mean_uM","FE_3_sd_uM","FE_3_flag","DIC_mgL","DIC_uM","DIC_flag"
"COMPASS: Synoptic","CB",2022,8,15,"GCW","WC","A",10,"GCW_202208_WC_SIPA_10CM","Porewater Sipper (Teflon)",710.1337,22.1501,"",5209.6065,146.9565,NA,9.4138,160.593,2.877,"adl",0.298954,21.343643,"",0.177655,12.683573,"",NA,NA,"",0,0,"bdl",10.048,1.519,"",113.3,9433.02,""
"COMPASS: Synoptic","CB",2022,8,15,"GCW","WC","A",20,"GCW_202208_WC_SIPA_20CM","Porewater Sipper (Teflon)",553.5093,17.2648,"",4928.4763,139.0261,NA,8.9058,173.183,3.313,"adl",0.440669,31.461301,"",0.152311,10.874153,"",NA,NA,"",0,0,"bdl",11.97,0.143,"",124.2,10340.52,""
"COMPASS: Synoptic","CB",2022,8,15,"GCW","WC","A",45,"GCW_202208_WC_SIPA_45CM","Porewater Sipper (Teflon)",118.7673,3.7045,"",4916.3779,138.6848,NA,8.8839,NA,NA,"",1.742159,124.380404,"",0.450518,32.164464,"",NA,NA,"",0,0,"bdl",12.189,0.136,"",201.3,16759.64,"adl"
"COMPASS: Synoptic","CB",2022,8,15,"GCW","WC","B",10,"GCW_202208_WC_SIPB_10CM","Porewater Sipper (Teflon)",708.2103,22.0902,"",4182.2435,117.9758,NA,7.5573,0.907,0.085,"",0.075401,5.383209,"",0.044686,3.19033,"",NA,NA,"",29.336,0.542,"",0,0,"bdl",25.12,2091.42,""
"COMPASS: Synoptic","CB",2022,8,15,"GCW","WC","B",20,"GCW_202208_WC_SIPB_20CM","Porewater Sipper (Teflon)",629.882,19.647,"",4134.7125,116.635,NA,7.4715,54.455,2.811,"",0.073752,5.26548,"",0.128336,9.162472,"",NA,NA,"",0,0,"bdl",10.486,0.3,"",38.87,3236.2,""
"COMPASS: Synoptic","CB",2022,8,15,"GCW","WC","B",45,"GCW_202208_WC_SIPB_45CM","Porewater Sipper (Teflon)",412.4507,12.865,"",4032.578,113.754,NA,7.2869,166.151,1.721,"adl",0.723923,51.684051,"",0.369204,26.3591,"",NA,NA,"",222.917,20.051,"",81.604,10.106,"",101.6,8458.91,""
"COMPASS: Synoptic","CB",2022,8,15,"GCW","WC","C",10,"GCW_202208_WC_SIPC_10CM","Porewater Sipper (Teflon)",658.8369,20.5501,"",3826.1704,107.9315,NA,6.9139,26.645,0.757,"",0.068574,4.8958,"",0.079486,5.674856,"",NA,NA,"",116.281,6.536,"",80.691,3.862,"",29.2,2431.1,""
"COMPASS: Synoptic","CB",2022,8,15,"GCW","WC","C",20,"GCW_202208_WC_SIPC_20CM","Porewater Sipper (Teflon)",651.7556,20.3292,"",4745.6648,133.8692,NA,8.5754,14.095,0.761,"",0.140876,10.057758,"",0.09603,6.856005,"",NA,NA,"",134.246,4.069,"",76.089,11.774,"",21.08,1755.06,""
"COMPASS: Synoptic","CB",2022,8,15,"GCW","WC","C",45,"GCW_202208_WC_SIPC_45CM","Porewater Sipper (Teflon)",312.5123,9.7477,"",3818.39,107.712,NA,6.8999,163.482,7.376,"adl",0.759854,54.249324,"",-0.000853,-0.060899,"bdl",NA,NA,"",109.633,5.947,"",71.642,6.071,"",98.07,8165.02,""
"COMPASS: Synoptic","CB",2022,8,18,"GWI","WC","A",10,"GWI_202208_WC_SIPA_10CM","Porewater Sipper (Teflon)",1713.0345,53.4321,"",8571.1659,241.7818,NA,15.4881,0,0,"bdl",0.613131,43.774122,"",0.04418,3.154205,"",-0.001803,0,"bdl",168.654,63.616,"",30.225,52.352,"",48.94,4074.6,""
"COMPASS: Synoptic","CB",2022,8,18,"GWI","WC","A",20,"GWI_202208_WC_SIPA_20CM","Porewater Sipper (Teflon)",1370.2667,42.7407,"",8826.5345,248.9855,NA,15.9496,0,0,"bdl",0.825461,58.933296,"",0.067923,4.849322,"",0.003768,0.269014,"bdl",0,0,"bdl",73.404,2.098,"",30.7,2555.99,""
"COMPASS: Synoptic","CB",2022,8,18,"GWI","WC","A",45,"GWI_202208_WC_SIPA_45CM","Porewater Sipper (Teflon)",2148.3213,67.0094,"",11375.3832,320.8853,NA,20.5553,0,0,"bdl",0.667151,47.630848,"",0.050745,3.622909,"",4.5e-05,0.003213,"bdl",1739.668,123.592,"",136.77,64.717,"",23.49,1955.71,""
"COMPASS: Synoptic","CB",2022,8,18,"GWI","WC","B",10,"GWI_202208_WC_SIPB_10CM","Porewater Sipper (Teflon)",1397.058,43.5764,"",9892.3338,279.0503,NA,17.8755,0,0,"bdl",0.28835,20.586576,"",0.026115,1.864465,"",0.003816,0.272441,"bdl",395.701,36.503,"",0,0,"bdl",46.09,3837.32,""
"COMPASS: Synoptic","CB",2022,8,18,"GWI","WC","B",20,"GWI_202208_WC_SIPB_20CM","Porewater Sipper (Teflon)",1821.5671,56.8174,"",11525.3524,325.1157,NA,20.8263,0,0,"bdl",0.535352,38.221137,"",0.038322,2.735976,"",-0.002026,0,"bdl",194.286,23.923,"",47.215,32.497,"",46.87,3902.26,""
"COMPASS: Synoptic","CB",2022,8,18,"GWI","WC","B",45,"GWI_202208_WC_SIPB_45CM","Porewater Sipper (Teflon)",1382.6705,43.1276,"",10189.8429,287.4427,NA,18.4131,0,0,"bdl",0.608358,43.433357,"",0.026411,1.885598,"",0.001311,0.093598,"bdl",824.723,95.741,"",553.863,186.894,"",38.4,3197.07,""
"COMPASS: Synoptic","CB",2022,8,18,"GWI","WC","C",10,"GWI_202208_WC_SIPC_10CM","Porewater Sipper (Teflon)",2298.1676,71.6833,"",10217.167,288.2135,NA,18.4624,0,0,"bdl",0.460949,32.909179,"",0.047081,3.36132,"",0.000838,0.059829,"bdl",244.736,12.514,"",16.633,9.278,"",50.06,4167.85,""
"COMPASS: Synoptic","CB",2022,8,31,"MSM","WC","A",10,"MSM_202208_WC_SIPA_10CM","Porewater Sipper (Teflon)",879.307,27.4269,"",7411.5875,209.0716,NA,13.3928,NA,NA,"",0.283508,20.240885,"",0.043291,3.090735,"",0.005772,0.412089,"bdl",52.755,1.7,"",0,0,"bdl",43.43,3615.85,""
"COMPASS: Synoptic","CB",2022,8,31,"MSM","WC","A",20,"MSM_202208_WC_SIPA_20CM","Porewater Sipper (Teflon)",789.0551,24.6118,"",6994.7563,197.3133,NA,12.6396,NA,NA,"",0.597028,42.624458,"",0.086712,6.190752,"",0.004169,0.297643,"bdl",5.458,1.279,"",0,0,"bdl",66.27,5517.44,""
"COMPASS: Synoptic","CB",2022,8,31,"MSM","WC","A",45,"MSM_202208_WC_SIPA_45CM","Porewater Sipper (Teflon)",69.7056,2.1742,"",6560.6049,185.0664,NA,11.855,NA,NA,"",0.101582,7.252386,"",0.019266,1.375485,"",0.004854,0.346548,"bdl",183.798,18.666,"",136.085,12.271,"",118.3,9849.3,""
"COMPASS: Synoptic","CB",2022,8,31,"MSM","WC","B",10,"MSM_202208_WC_SIPB_10CM","Porewater Sipper (Teflon)",914.6513,28.5294,"",7548.212,212.9256,NA,13.6396,NA,NA,"",0.414624,29.601833,"",0.741276,52.922958,"",0.004112,0.293574,"bdl",172.258,10.967,"",0,0,"bdl",69.41,5778.87,""
"COMPASS: Synoptic","CB",2022,8,31,"MSM","WC","B",20,"MSM_202208_WC_SIPB_20CM","Porewater Sipper (Teflon)",821.3436,25.619,"",7253.7586,204.6194,NA,13.1076,NA,NA,"",0.642327,45.858553,"",0.090251,6.443416,"",0.004917,0.351046,"bdl",9.512,0.39,"",0,0,"bdl",105.3,8766.96,""
"COMPASS: Synoptic","CB",2022,8,31,"MSM","WC","C",10,"MSM_202208_WC_SIPC_10CM","Porewater Sipper (Teflon)",697.8872,21.7682,"",6554.2609,184.8875,NA,11.8436,NA,NA,"",0.960027,68.540556,"",0.124046,8.85619,"",0.004218,0.301142,"bdl",15.818,0.85,"",0,0,"bdl",91.15,7588.88,""
"COMPASS: Synoptic","CB",2022,8,31,"MSM","WC","C",20,"MSM_202208_WC_SIPC_20CM","Porewater Sipper (Teflon)",508.4243,15.8585,"",6165.8604,173.9312,NA,11.1417,NA,NA,"",0.94649,67.57409,"",0.079586,5.681995,"",0.003968,0.283293,"bdl",5.458,0.39,"",0,0,"bdl",130.6,10873.37,""
"COMPASS: Synoptic","CB",2022,8,31,"MSM","WC","C",45,"MSM_202208_WC_SIPC_45CM","Porewater Sipper (Teflon)",52.4325,1.6354,"",6240.8845,176.0475,NA,11.2773,NA,NA,"",1.011305,72.201518,"",0.022381,1.597878,"",0.00746,0.532602,"bdl",448.671,152.337,"",22.498,19.497,"",123.8,10307.22,""
"COMPASS: Synoptic","CB",2022,9,18,"MSM","WC","A",10,"MSM_202209_WC_SIPA_10CM","Porewater Sipper (Teflon)",903.4437,28.1798,"",8155.9469,230.069,NA,14.7378,NA,NA,"",NA,NA,"",NA,NA,"",NA,NA,"",0,0,"bdl",11.894,0.519,"",37.92,3157.11,""
"COMPASS: Synoptic","CB",2022,9,18,"MSM","WC","A",20,"MSM_202209_WC_SIPA_20CM","Porewater Sipper (Teflon)",868.1506,27.0789,"",8225.3989,232.0282,NA,14.8633,NA,NA,"",NA,NA,"",NA,NA,"",NA,NA,"",0,0,"bdl",12,0.143,"",56.8,4729,""
"COMPASS: Synoptic","CB",2022,9,18,"MSM","WC","A",45,"MSM_202209_WC_SIPA_45CM","Porewater Sipper (Teflon)",52.8767,1.6493,"",8548.8314,241.1518,NA,15.4478,NA,NA,"",NA,NA,"",NA,NA,"",NA,NA,"",202.524,13.29,"",135.469,3.772,"",140.6,11705.94,""
"COMPASS: Synoptic","CB",2022,9,18,"MSM","WC","B",10,"MSM_202209_WC_SIPB_10CM","Porewater Sipper (Teflon)",860.1581,26.8296,"",9655.1847,272.3606,NA,17.4469,NA,NA,"",NA,NA,"",NA,NA,"",NA,NA,"",0,0,"bdl",11.725,0.952,"",82.91,6902.84,""
"COMPASS: Synoptic","CB",2022,9,18,"MSM","WC","B",20,"MSM_202209_WC_SIPB_20CM","Porewater Sipper (Teflon)",850.1219,26.5166,"",9355.854,263.9169,NA,16.9061,NA,NA,"",NA,NA,"",NA,NA,"",NA,NA,"",0,0,"bdl",11.412,0.195,"",113.1,9416.37,""
"COMPASS: Synoptic","CB",2022,9,18,"MSM","WC","C",10,"MSM_202209_WC_SIPC_10CM","Porewater Sipper (Teflon)",809.9642,25.264,"",8554.1584,241.3021,NA,15.4574,NA,NA,"",NA,NA,"",NA,NA,"",NA,NA,"",0,0,"bdl",11.306,0.707,"",101.4,8442.26,""
"COMPASS: Synoptic","CB",2022,9,18,"MSM","WC","C",20,"MSM_202209_WC_SIPC_20CM","Porewater Sipper (Teflon)",540.403,16.856,"",7859.0282,221.6933,NA,14.2013,NA,NA,"",NA,NA,"",NA,NA,"",NA,NA,"",0,0,"bdl",11.33,0.318,"",136.9,11397.89,""
"COMPASS: Synoptic","CB",2022,9,18,"MSM","WC","C",45,"MSM_202209_WC_SIPC_45CM","Porewater Sipper (Teflon)",NA,NA,"",7741.0746,218.366,NA,13.9881,NA,NA,"",NA,NA,"",NA,NA,"",NA,NA,"",456.839,5.696,"",160.793,23.034,"",102.1,8500.54,""
"COMPASS: Synoptic","CB",2022,9,19,"GCW","WC","A",10,"GCW_202209_WC_SIPA_10CM","Porewater Sipper (Teflon)",859.1732,26.7989,"",7084.9499,199.8575,NA,12.8025,NA,NA,"",NA,NA,"",NA,NA,"",NA,NA,"",0,0,"bdl",11.865,0.378,"",91.99,7658.81,""
"COMPASS: Synoptic","CB",2022,9,19,"GCW","WC","A",20,"GCW_202209_WC_SIPA_20CM","Porewater Sipper (Teflon)",725.596,22.6324,"",6904.6111,194.7704,NA,12.4767,NA,NA,"",NA,NA,"",NA,NA,"",NA,NA,"",0,0,"bdl",11.443,0.26,"",130.8,10890.02,""
"COMPASS: Synoptic","CB",2022,9,19,"GCW","WC","A",45,"GCW_202209_WC_SIPA_45CM","Porewater Sipper (Teflon)",50.8383,1.5857,"",5615.6024,158.4091,NA,10.1474,NA,NA,"",NA,NA,"",NA,NA,"",NA,NA,"",0,0,"bdl",11.111,0.221,"",196.4,16351.68,""
"COMPASS: Synoptic","CB",2022,9,19,"GCW","WC","B",10,"GCW_202209_WC_SIPB_10CM","Porewater Sipper (Teflon)",513.2206,16.0081,"",5952.1023,167.9013,NA,10.7555,NA,NA,"",NA,NA,"",NA,NA,"",NA,NA,"",0,0,"bdl",12.535,0.3,"",112,9324.79,""
"COMPASS: Synoptic","CB",2022,9,19,"GCW","WC","B",20,"GCW_202209_WC_SIPB_20CM","Porewater Sipper (Teflon)",308.5498,9.6241,"",4867.2377,137.2987,NA,8.7951,NA,NA,"",NA,NA,"",NA,NA,"",NA,NA,"",0,0,"bdl",11.888,0.143,"",122.1,10165.68,""
"COMPASS: Synoptic","CB",2022,9,19,"GCW","WC","B",45,"GCW_202209_WC_SIPB_45CM","Porewater Sipper (Teflon)",56.1617,1.7518,"",5155.6866,145.4354,NA,9.3164,NA,NA,"",NA,NA,"",NA,NA,"",NA,NA,"",0,0,"bdl",11.857,0.195,"",174.8,14553.33,""
"COMPASS: Synoptic","CB",2022,9,19,"GCW","WC","C",10,"GCW_202209_WC_SIPC_10CM","Porewater Sipper (Teflon)",669.4286,20.8805,"",7459.0636,210.4108,NA,13.4786,NA,NA,"",NA,NA,"",NA,NA,"",NA,NA,"",0,0,"bdl",10.485,1.063,"",83.4,6943.64,""
"COMPASS: Synoptic","CB",2022,9,19,"GCW","WC","C",45,"GCW_202209_WC_SIPC_45CM","Porewater Sipper (Teflon)",305.7805,9.5378,"",4841.9483,136.5853,NA,8.7494,NA,NA,"",NA,NA,"",NA,NA,"",NA,NA,"",0,0,"bdl",12.091,0.76,"",125.6,10457.08,""
"COMPASS: Synoptic","CB",2022,9,22,"GWI","WC","A",10,"GWI_202209_WC_SIPA_10CM","Porewater Sipper (Teflon)",2289.9622,71.4274,"",13888.7228,391.7834,NA,25.0969,NA,NA,"",NA,NA,"",NA,NA,"",NA,NA,"",1625.759,94.932,"",402.364,187.401,"",40.09,3337.77,""
"COMPASS: Synoptic","CB",2022,9,22,"GWI","WC","A",20,"GWI_202209_WC_SIPA_20CM","Porewater Sipper (Teflon)",1383.3947,43.1502,"",11336.2408,319.7811,NA,20.4846,NA,NA,"",NA,NA,"",NA,NA,"",NA,NA,"",680.61,30.378,"",528.832,37.047,"",54.89,4569.98,""
"COMPASS: Synoptic","CB",2022,9,22,"GWI","WC","A",45,"GWI_202209_WC_SIPA_45CM","Porewater Sipper (Teflon)",1279.8917,39.9218,"",11293.4365,318.5737,NA,20.4073,NA,NA,"",NA,NA,"",NA,NA,"",NA,NA,"",2619.239,68.351,"",264.343,91.468,"",48.37,4027.14,""
"COMPASS: Synoptic","CB",2022,9,22,"GWI","WC","B",10,"GWI_202209_WC_SIPB_10CM","Porewater Sipper (Teflon)",1925.9192,60.0723,"",13905.9219,392.2686,NA,25.128,NA,NA,"",NA,NA,"",NA,NA,"",NA,NA,"",720.886,15.189,"",410.911,96.099,"",39.08,3253.68,""
"COMPASS: Synoptic","CB",2022,9,22,"GWI","WC","B",20,"GWI_202209_WC_SIPB_20CM","Porewater Sipper (Teflon)",1676.8623,52.3039,"",12437.6802,350.8513,NA,22.4749,NA,NA,"",NA,NA,"",NA,NA,"",NA,NA,"",596.477,45.435,"",538.952,144.69,"",47.55,3958.87,""
"COMPASS: Synoptic","CB",2022,9,22,"GWI","WC","B",45,"GWI_202209_WC_SIPB_45CM","Porewater Sipper (Teflon)",1504.4631,46.9265,"",12051.0293,339.9444,NA,21.7762,NA,NA,"",NA,NA,"",NA,NA,"",NA,NA,"",2064.769,36.074,"",619.932,40.983,"",52.24,4349.35,""
"COMPASS: Synoptic","CB",2022,9,22,"GWI","WC","C",10,"GWI_202209_WC_SIPC_10CM","Porewater Sipper (Teflon)",2268.2926,70.7515,"",13645.0836,384.9107,NA,24.6567,NA,NA,"",NA,NA,"",NA,NA,"",NA,NA,"",1080.687,28.033,"",427.076,90.107,"",35.53,2958.12,""
"COMPASS: Synoptic","CB",2022,9,22,"GWI","WC","C",20,"GWI_202209_WC_SIPC_20CM","Porewater Sipper (Teflon)",1193.2157,37.2182,"",9896.915,279.1795,NA,17.8838,NA,NA,"",NA,NA,"",NA,NA,"",NA,NA,"",2497.068,271.505,"",412.396,173.257,"",87.8,7309.97,""
"COMPASS: Synoptic","CB",2022,9,22,"GWI","WC","C",45,"GWI_202209_WC_SIPC_45CM","Porewater Sipper (Teflon)",2171.5972,67.7354,"",13402.5391,378.0688,NA,24.2184,NA,NA,"",NA,NA,"",NA,NA,"",NA,NA,"",1047.571,33.999,"",495.609,28.658,"",51.05,4250.27,""
"COMPASS: Synoptic","CB",2022,10,11,"GCW","WC","A",10,"GCW_202210_WC_SIPA_10CM","Porewater Sipper (Teflon)",708.4208,22.0967,"",6698.7292,188.9627,NA,12.1046,954.065,47.865,"",0.271291,19.368659,"",0.109196,7.795983,"",0.008291,0.591931,"bdl",12.024,1.28,"",0.214,0.371,"bdl",74.97,6241.78,""
"COMPASS: Synoptic","CB",2022,10,11,"GCW","WC","A",20,"GCW_202210_WC_SIPA_20CM","Porewater Sipper (Teflon)",717.9932,22.3953,"",7170.1196,202.2601,NA,12.9564,1081.03,45.278,"",0.542478,38.729894,"",0.093441,6.671165,"",0.01507,1.075914,"bdl",2.668,0.183,"",0,0,"bdl",94.14,7837.82,""
"COMPASS: Synoptic","CB",2022,10,11,"GCW","WC","A",45,"GCW_202210_WC_SIPA_45CM","Porewater Sipper (Teflon)",127.003,3.9614,"",5282.1364,149.0024,NA,9.5448,1686.284,38.987,"adl",2.570916,183.549016,"",0.459142,32.780169,"",0.023485,1.676698,"bdl",2.773,0.183,"",0,0,"bdl",179.2,14919.66,""
"COMPASS: Synoptic","CB",2022,10,11,"GCW","WC","B",10,"GCW_202210_WC_SIPB_10CM","Porewater Sipper (Teflon)",675.9449,21.0837,"",6863.6896,193.6161,NA,12.4027,964.521,84.133,"",0.514324,36.719855,"",0.159101,11.358921,"",0.009754,0.696381,"bdl",1.612,0.317,"",0,0,"bdl",80.46,6698.86,""
"COMPASS: Synoptic","CB",2022,10,11,"GCW","WC","B",20,"GCW_202210_WC_SIPB_20CM","Porewater Sipper (Teflon)",441.4171,13.7685,"",5832.4646,164.5265,NA,10.5393,1220.842,36.738,"",1.130095,80.682459,"",0.192109,13.715508,"",0.008043,0.574225,"bdl",4.04,0.183,"",0,0,"bdl",101.8,8475.56,""
"COMPASS: Synoptic","CB",2022,10,11,"GCW","WC","B",45,"GCW_202210_WC_SIPB_45CM","Porewater Sipper (Teflon)",421.842,13.1579,"",5626.6706,158.7213,NA,10.1674,1426.377,98.77,"adl",2.051002,146.430066,"",0.350151,24.998822,"",0.009449,0.674606,"bdl",7.628,1.142,"",0,0,"bdl",119.8,9974.19,""
"COMPASS: Synoptic","CB",2022,10,11,"GCW","WC","C",10,"GCW_202210_WC_SIPC_10CM","Porewater Sipper (Teflon)",444.8095,13.8743,"",4141.1329,116.8162,NA,7.4831,265.761,22.412,"",0.076251,5.443895,"",0.003031,0.216396,"bdl",0.009659,0.689599,"bdl",4.251,0.183,"",0,0,"bdl",42.04,3500.12,""
"COMPASS: Synoptic","CB",2022,10,11,"GCW","WC","C",20,"GCW_202210_WC_SIPC_20CM","Porewater Sipper (Teflon)",815.2247,25.4281,"",6978.3961,196.8518,NA,12.61,540.306,15.315,"",0.229954,16.417429,"",0.123332,8.805215,"",0.007335,0.523678,"bdl",3.934,0.366,"",0,0,"bdl",48.56,4042.96,""
"COMPASS: Synoptic","CB",2022,10,11,"GCW","WC","C",45,"GCW_202210_WC_SIPC_45CM","Porewater Sipper (Teflon)",381.4934,11.8994,"",5105.5722,144.0218,NA,9.2258,1337.651,59.289,"adl",1.29653,92.564987,"",0.291262,20.794477,"",0.026187,1.869605,"",1.612,0,"",0,0,"bdl",100.9,8400.63,""
"COMPASS: Synoptic","CB",2022,10,14,"GWI","WC","A",10,"GWI_202210_WC_SIPA_10CM","Porewater Sipper (Teflon)",2418.1928,75.4271,"",15120.9494,426.543,NA,27.3236,0.922,0.072,"",0.710875,50.752497,"",0.012304,0.878437,"",0.002911,0.207829,"bdl",137.754,2.573,"",40.955,1.619,"",35.98,2995.59,""
"COMPASS: Synoptic","CB",2022,10,14,"GWI","WC","A",20,"GWI_202210_WC_SIPA_20CM","Porewater Sipper (Teflon)",1596.975,49.8121,"",12097.2737,341.2489,NA,21.8598,0.492,0.101,"",0.530832,37.898434,"",0.018152,1.295951,"",0.002369,0.169133,"bdl",113.741,2.058,"",32.532,5.16,"",43.15,3592.54,""
"COMPASS: Synoptic","CB",2022,10,14,"GWI","WC","A",45,"GWI_202210_WC_SIPA_45CM","Porewater Sipper (Teflon)",1292.2328,40.3067,"",11103.8554,313.2258,NA,20.0647,0,0,"bdl",0.760599,54.302512,"",0.019012,1.35735,"",0.002201,0.157139,"bdl",300.022,8.747,"",60.13,13.606,"",49.54,4124.55,""
"COMPASS: Synoptic","CB",2022,10,14,"GWI","WC","B",10,"GWI_202210_WC_SIPB_10CM","Porewater Sipper (Teflon)",2051.3371,63.9843,"",14480.0854,408.465,NA,26.1655,13.278,1.143,"",0.434533,31.023225,"",0.007742,0.552735,"",-0.000671,0,"bdl",122.109,2.573,"",28.939,2.573,"",44.01,3664.14,""
"COMPASS: Synoptic","CB",2022,10,14,"GWI","WC","B",20,"GWI_202210_WC_SIPB_20CM","Porewater Sipper (Teflon)",1886.7897,58.8518,"",13502.0255,380.8752,NA,24.3982,0.062,0,"",0.958958,68.464235,"",0.023421,1.672128,"",0.002592,0.185054,"bdl",380.428,19.831,"",13.861,14.057,"",34.12,2840.73,""
"COMPASS: Synoptic","CB",2022,10,14,"GWI","WC","B",45,"GWI_202210_WC_SIPB_45CM","Porewater Sipper (Teflon)",1559.8676,48.6546,"",12259.534,345.8261,NA,22.153,0.456,0.051,"",0.756064,53.978739,"",-0.000265,-0.01892,"bdl",0.002978,0.212613,"bdl",360.6,29.586,"",17.5,11.656,"",51.9,4321.04,""
"COMPASS: Synoptic","CB",2022,10,14,"GWI","WC","C",10,"GWI_202210_WC_SIPC_10CM","Porewater Sipper (Teflon)",2399.7673,74.8524,"",14800.5109,417.5038,NA,26.7445,0.827,0.041,"",1.10746,79.066447,"",0.054843,3.915483,"",0.001007,0.071894,"bdl",89.365,5.66,"",34.022,4.12,"",42.51,3539.26,""
"COMPASS: Synoptic","CB",2022,10,14,"GWI","WC","C",20,"GWI_202210_WC_SIPC_20CM","Porewater Sipper (Teflon)",1221.3311,38.0952,"",9168.6201,258.6353,NA,16.5677,0,0,"bdl",0.488766,34.895157,"",0.010122,0.722654,"",0.011912,0.85045,"bdl",304.934,7.461,"",28.271,39.982,"bdl",76.85,6398.3,""
"COMPASS: Synoptic","CB",2022,10,27,"MSM","WC","A",10,"MSM_202210_WC_SIPA_10CM","Porewater Sipper (Teflon)",1219.3395,38.033,"",9158.0059,258.3359,NA,16.5485,NA,NA,"",NA,NA,"",NA,NA,"",NA,NA,"",3.406,0.914,"",0,0,"bdl",24.74,2059.78,""
"COMPASS: Synoptic","CB",2022,10,27,"MSM","WC","A",20,"MSM_202210_WC_SIPA_20CM","Porewater Sipper (Teflon)",964.2949,30.0778,"",8445.7431,238.2438,NA,15.2615,NA,NA,"",NA,NA,"",NA,NA,"",NA,NA,"",4.04,3.656,"",0,0,"bdl",51.91,4321.87,""
"COMPASS: Synoptic","CB",2022,10,27,"MSM","WC","B",10,"MSM_202210_WC_SIPB_10CM","Porewater Sipper (Teflon)",954.6175,29.776,"",8396.8172,236.8637,NA,15.1731,NA,NA,"",NA,NA,"",NA,NA,"",NA,NA,"",3.934,0.183,"",0,0,"bdl",48.75,4058.78,""
"COMPASS: Synoptic","CB",2022,10,27,"MSM","WC","B",20,"MSM_202210_WC_SIPB_20CM","Porewater Sipper (Teflon)",826.1925,25.7702,"",8765.8782,247.2744,NA,15.84,NA,NA,"",NA,NA,"",NA,NA,"",NA,NA,"",2.14,0.183,"",0,0,"bdl",91.53,7620.51,""
"COMPASS: Synoptic","CB",2022,10,27,"MSM","WC","C",10,"MSM_202210_WC_SIPC_10CM","Porewater Sipper (Teflon)",804.2978,25.0873,"",8565.08,241.6102,NA,15.4771,NA,NA,"",NA,NA,"",NA,NA,"",NA,NA,"",3.301,0.797,"",0,0,"bdl",82.71,6886.19,""
"COMPASS: Synoptic","CB",2022,10,27,"MSM","WC","C",20,"MSM_202210_WC_SIPC_20CM","Porewater Sipper (Teflon)",519.6645,16.2091,"",7928.3707,223.6494,NA,14.3266,NA,NA,"",NA,NA,"",NA,NA,"",NA,NA,"",4.568,0.183,"",0,0,"bdl",115,9574.56,""
"COMPASS: Synoptic","CB",2022,11,15,"GCW","WC","A",10,"GCW_202211_WC_SIPA_10CM","Porewater Sipper (Teflon)",705.7256,22.0127,"",6762.9137,190.7733,NA,12.2206,567.613,47.946,"",0.077998,5.568621,"",0.070713,5.048512,"",0.004417,0.315349,"bdl",2.38,0,"",0,0,"bdl",67.75,5640.66,""
"COMPASS: Synoptic","CB",2022,11,15,"GCW","WC","A",20,"GCW_202211_WC_SIPA_20CM","Porewater Sipper (Teflon)",241.4455,7.5311,"",6041.3935,170.4201,NA,10.9168,1532.497,56.486,"adl",1.182624,84.432736,"",0.314126,22.426839,"",0.016603,1.185361,"bdl",2.533,0.7,"",0,0,"bdl",166.1,13828.99,""
"COMPASS: Synoptic","CB",2022,11,15,"GCW","WC","A",45,"GCW_202211_WC_SIPA_45CM","Porewater Sipper (Teflon)",630.0428,19.652,"",6834.2797,192.7865,NA,12.3496,955.65,16.429,"",0.233439,16.666238,"",0.099354,7.09332,"",0.009047,0.645905,"bdl",9.71,0.458,"",0,0,"bdl",92.84,7729.58,""
"COMPASS: Synoptic","CB",2022,11,15,"GCW","WC","B",10,"GCW_202211_WC_SIPB_10CM","Porewater Sipper (Teflon)",492.9064,15.3745,"",4949.5749,139.6213,NA,8.9439,827.389,63.082,"",0.289266,20.651974,"",0.100612,7.183134,"",0.004732,0.337838,"bdl",2.686,0.264,"",0,0,"bdl",78.38,6525.68,""
"COMPASS: Synoptic","CB",2022,11,15,"GCW","WC","B",20,"GCW_202211_WC_SIPB_20CM","Porewater Sipper (Teflon)",487.103,15.1935,"",5389.0015,152.017,NA,9.738,906.494,60.56,"",0.50604,36.128424,"",0.237834,16.980017,"",0.00846,0.603997,"bdl",1.006,0,"",0,0,"bdl",89.35,7439.01,""
"COMPASS: Synoptic","CB",2022,11,15,"GCW","WC","B",45,"GCW_202211_WC_SIPB_45CM","Porewater Sipper (Teflon)",487.7467,15.2136,"",5895.3001,166.299,NA,10.6528,1218.031,15.203,"",1.761723,125.777164,"",0.47038,33.5825,"",0.01656,1.182291,"bdl",3.144,0.529,"",0,0,"bdl",110.5,9199.9,""
"COMPASS: Synoptic","CB",2022,11,15,"GCW","WC","C",10,"GCW_202211_WC_SIPC_10CM","Porewater Sipper (Teflon)",915.8439,28.5666,"",7651.9177,215.851,NA,13.827,278.864,19.237,"",0.076317,5.448607,"",0.01655,1.181577,"",0.003968,0.283293,"bdl",2.38,0.793,"",0,0,"bdl",43.66,3635,""
"COMPASS: Synoptic","CB",2022,11,15,"GCW","WC","C",45,"GCW_202211_WC_SIPC_45CM","Porewater Sipper (Teflon)",467.7261,14.5891,"",5581.6634,157.4517,NA,10.0861,1108.977,50.359,"",0.840539,60.009781,"",-0.001887,-0.134721,"bdl",0.009681,0.691169,"bdl",2.38,0.458,"",0,0,"bdl",94.18,7841.15,""
"COMPASS: Synoptic","CB",2022,11,13,"MSM","WC","A",10,"MSM_202211_WC_SIPA_10CM","Porewater Sipper (Teflon)",2544.4789,79.3662,"adl",19269.7855,543.5765,NA,34.8205,104.995,1.066,"adl",0.333659,23.821385,"",0.020365,1.453947,"",0.001055,0.075321,"bdl",2.838,0.916,"",0,0,"bdl",31.09,2588.46,""
"COMPASS: Synoptic","CB",2022,11,13,"MSM","WC","A",20,"MSM_202211_WC_SIPA_20CM","Porewater Sipper (Teflon)",2365.1949,73.774,"adl",14059.6966,396.6064,NA,25.4059,165.701,7.059,"adl",0.502981,35.910029,"",0.029539,2.108919,"",0.001651,0.117872,"bdl",2.38,0.458,"",0,0,"bdl",52.11,4338.52,""
"COMPASS: Synoptic","CB",2022,11,13,"MSM","WC","B",10,"MSM_202211_WC_SIPB_10CM","Porewater Sipper (Teflon)",1928.2227,60.1442,"",12520.9488,353.2002,NA,22.6254,179.868,11.414,"adl",0.281083,20.067753,"",0.034631,2.47246,"",-0.00045,0,"bdl",3.907,0.529,"",0,0,"bdl",41.17,3427.69,""
"COMPASS: Synoptic","CB",2022,11,13,"MSM","WC","B",20,"MSM_202211_WC_SIPB_20CM","Porewater Sipper (Teflon)",2019.4264,62.989,"adl",13915.6787,392.5438,NA,25.1457,190.337,6.542,"adl",0.092546,6.607267,"",0.010792,0.770488,"",-0.001216,0,"bdl",0.548,0,"",0.455,0,"",83.71,6969.44,""
"COMPASS: Synoptic","CB",2022,11,13,"MSM","WC","C",10,"MSM_202211_WC_SIPC_10CM","Porewater Sipper (Teflon)",1799.4067,56.1262,"",12594.9451,355.2876,NA,22.7591,188.358,8.831,"adl",0.853595,60.941906,"",0.041667,2.974791,"",0.000349,0.024917,"bdl",4.518,0.264,"",0,0,"bdl",81.75,6806.26,""
"COMPASS: Synoptic","CB",2022,11,13,"MSM","WC","C",20,"MSM_202211_WC_SIPC_20CM","Porewater Sipper (Teflon)",931.6248,29.0588,"",10231.9213,288.6297,NA,18.4891,194.868,3.616,"adl",1.294544,92.423197,"",0.072421,5.170454,"",0.000979,0.069895,"bdl",31.851,3.218,"",0,0,"bdl",116.2,9674.47,""
"COMPASS: Synoptic","CB",2022,11,17,"GWI","WC","A",10,"GWI_202211_WC_SIPA_10CM","Porewater Sipper (Teflon)",2204.6568,68.7666,"",15599.595,440.045,NA,28.1885,0,0,"bdl",1.226351,87.554599,"",0.013759,0.982316,"",0.011785,0.841383,"bdl",644.653,12.606,"",213.292,63.134,"",46.47,3868.95,""
"COMPASS: Synoptic","CB",2022,11,17,"GWI","WC","A",20,"GWI_202211_WC_SIPA_20CM","Porewater Sipper (Teflon)",1879.0113,58.6092,"",13943.5739,393.3307,NA,25.1961,0,0,"bdl",1.25706,89.74705,"",0.008785,0.6272,"",0.01595,1.138741,"bdl",713.417,16.208,"",1846.836,462.996,"",71.17,5925.4,""
"COMPASS: Synoptic","CB",2022,11,17,"GWI","WC","A",45,"GWI_202211_WC_SIPA_45CM","Porewater Sipper (Teflon)",1385.1427,43.2047,"",12076.5516,340.6644,NA,21.8224,1.175,0.166,"",1.092076,77.968115,"",0.001185,0.084602,"bdl",0.01363,0.973106,"bdl",2846.368,180.086,"",0,0,"bdl",60.52,5038.71,""
"COMPASS: Synoptic","CB",2022,11,17,"GWI","WC","B",10,"GWI_202211_WC_SIPB_10CM","Porewater Sipper (Teflon)",2026.1512,63.1987,"",15201.6093,428.8183,NA,27.4693,0,0,"bdl",1.193944,85.24092,"",0.008983,0.641336,"",0.010799,0.770988,"bdl",275.049,12.538,"",531.031,162.493,"",68.38,5693.11,""
"COMPASS: Synoptic","CB",2022,11,17,"GWI","WC","B",20,"GWI_202211_WC_SIPB_20CM","Porewater Sipper (Teflon)",1997.9919,62.3204,"",14712.2869,415.0151,NA,26.5851,0,0,"bdl",1.048327,74.844681,"",0.010556,0.753639,"",0.012671,0.904638,"bdl",747.799,50.424,"",1447.098,127.032,"",70.22,5846.31,""
"COMPASS: Synoptic","CB",2022,11,17,"GWI","WC","B",45,"GWI_202211_WC_SIPB_45CM","Porewater Sipper (Teflon)",1644.4313,51.2923,"",13187.5931,372.0054,NA,23.83,0,0,"bdl",1.560334,111.399116,"",0.010396,0.742216,"",0.014454,1.031935,"bdl",2233.861,84.641,"",0,0,"bdl",47.78,3978.02,""
"COMPASS: Synoptic","CB",2022,11,17,"GWI","WC","C",10,"GWI_202211_WC_SIPC_10CM","Porewater Sipper (Teflon)",2380.9384,74.2651,"",15796.5467,445.6008,NA,28.5444,0,0,"bdl",1.156494,82.5672,"",0.014736,1.052068,"",0.017157,1.224914,"bdl",1123.028,156.92,"",0,0,"bdl",64.3,5353.43,""
"COMPASS: Synoptic","CB",2022,5,2,"MSM","WC","A",10,"MSM_202205_WC_SIPA_10CM","Porewater Sipper (Teflon)",924.7531,28.8445,"",5530.7409,156.0153,NA,9.9941,58.886,2.25,"",0.135591,9.680439,"",0.031756,2.267201,"",NA,NA,"",143.658,5.326,"",34.216,14.974,"",NA,NA,""
"COMPASS: Synoptic","CB",2022,5,2,"MSM","WC","A",20,"MSM_202205_WC_SIPA_20CM","Porewater Sipper (Teflon)",686.1893,21.4033,"",5431.4492,153.2144,NA,9.8147,138.762,0.651,"adl",0.264576,18.889246,"",0.066781,4.76779,"",NA,NA,"",33.949,7.119,"",10.911,4.26,"",NA,NA,""
"COMPASS: Synoptic","CB",2022,5,2,"MSM","WC","A",45,"MSM_202205_WC_SIPA_45CM","Porewater Sipper (Teflon)",399.7609,12.4691,"",6610.5489,186.4753,NA,11.9453,NA,NA,"",0.307389,21.945854,"",0.025571,1.825626,"",NA,NA,"",NA,NA,"",NA,NA,"",NA,NA,""
"COMPASS: Synoptic","CB",2022,5,2,"MSM","WC","B",10,"MSM_202205_WC_SIPB_10CM","Porewater Sipper (Teflon)",747.5236,23.3164,"",5169.8182,145.8341,NA,9.3419,124.993,3.156,"adl",0.124875,8.915376,"",0.027584,1.969343,"",NA,NA,"",38.341,4.644,"",85.373,5.476,"",NA,NA,""
"COMPASS: Synoptic","CB",2022,5,2,"MSM","WC","B",20,"MSM_202205_WC_SIPB_20CM","Porewater Sipper (Teflon)",706.2678,22.0296,"",5130.6569,144.7294,NA,9.2711,119.027,6.271,"adl",0.222125,15.858482,"",0.070832,5.057008,"",NA,NA,"",32.935,2.341,"",51.947,54.559,"",NA,NA,""
"COMPASS: Synoptic","CB",2022,5,2,"MSM","WC","C",10,"MSM_202205_WC_SIPC_10CM","Porewater Sipper (Teflon)",869.9081,27.1338,"",5414.163,152.7267,NA,9.7834,4.312,0.541,"",0.060283,4.303869,"",0.022317,1.593309,"",NA,NA,"",32.935,10.407,"",6.207,5.682,"bdl",NA,NA,""
"COMPASS: Synoptic","CB",2022,5,2,"MSM","WC","C",20,"MSM_202205_WC_SIPC_20CM","Porewater Sipper (Teflon)",707.5838,22.0706,"",5871.7714,165.6353,NA,10.6103,133.153,6.799,"adl",0.077934,5.564051,"",0.058239,4.157939,"",NA,NA,"",175.645,8.468,"",0,0,"bdl",NA,NA,""
"COMPASS: Synoptic","CB",2022,5,5,"GWI","WC","A",10,"GWI_202205_WC_SIPA_10CM","Porewater Sipper (Teflon)",1122.2131,35.0035,"",8620.2723,243.1671,NA,15.5769,0,0,"bdl",0.156415,11.167156,"",0.014272,1.018941,"",NA,NA,"",9.039,1.365,"",15.4,1.807,"",NA,NA,""
"COMPASS: Synoptic","CB",2022,5,5,"GWI","WC","A",20,"GWI_202205_WC_SIPA_20CM","Porewater Sipper (Teflon)",1068.0465,33.314,"",8895.0238,250.9175,NA,16.0733,0,0,"bdl",0.233058,16.639037,"",0.006308,0.450356,"",NA,NA,"",295.975,32.107,"",47.848,20.858,"",NA,NA,""
"COMPASS: Synoptic","CB",2022,5,5,"GWI","WC","B",10,"GWI_202205_WC_SIPB_10CM","Porewater Sipper (Teflon)",853.2639,26.6146,"",6491.3243,183.1121,NA,11.7298,0,0,"bdl",0.170483,12.171532,"",0.008936,0.63798,"",NA,NA,"",10.616,4.096,"",26.738,2.963,"",NA,NA,""
"COMPASS: Synoptic","CB",2022,5,5,"GWI","WC","C",10,"GWI_202205_WC_SIPC_10CM","Porewater Sipper (Teflon)",939.1756,29.2943,"",7313.1045,206.2935,NA,13.2148,0,0,"bdl",0.213778,15.262553,"",0.011143,0.795548,"",NA,NA,"",154.084,66.314,"",0,0,"bdl",NA,NA,""
"COMPASS: Synoptic","CB",2022,6,6,"MSM","WC","A",10,"MSM_202206_WC_SIPA_10CM","Porewater Sipper (Teflon)",1348.5148,42.0622,"",13166.7336,371.417,NA,23.7923,NA,NA,"",0.156065,11.142168,"",0.010735,0.766419,"",-0.000626,0,"bdl",150.808,11.165,"",0.768,1.329,"bdl",NA,NA,""
"COMPASS: Synoptic","CB",2022,6,6,"MSM","WC","B",10,"MSM_202206_WC_SIPB_10CM","Porewater Sipper (Teflon)",1858.5917,57.9723,"",13890.1816,391.8246,NA,25.0996,NA,NA,"",0.142927,10.204188,"",0.004275,0.305211,"",-0.011465,0,"bdl",83.197,3.011,"",0,0,"bdl",NA,NA,""
"COMPASS: Synoptic","CB",2022,6,6,"MSM","WC","C",10,"MSM_202206_WC_SIPC_10CM","Porewater Sipper (Teflon)",1562.4614,48.7355,"",13058.1191,368.3531,NA,23.596,NA,NA,"",0.255446,18.237415,"",0.017443,1.245333,"",-0.008613,0,"bdl",148.174,7.31,"",0,0,"bdl",NA,NA,""
"COMPASS: Synoptic","CB",2022,6,6,"MSM","WC","A",20,"MSM_202206_WC_SIPA_20CM","Porewater Sipper (Teflon)",1287.7677,40.1674,"",12354.129,348.4945,NA,22.3239,NA,NA,"",0.209724,14.97312,"",0.062092,4.433021,"",-0.008189,0,"bdl",7.372,0.39,"",0,0,"bdl",NA,NA,""
"COMPASS: Synoptic","CB",2022,6,6,"MSM","WC","B",20,"MSM_202206_WC_SIPB_20CM","Porewater Sipper (Teflon)",1773.4014,55.3151,"",13376.0845,377.3226,NA,24.1706,NA,NA,"",0.204225,14.580522,"",0.02473,1.765584,"",-0.011907,0,"bdl",5.008,0.195,"",0,0,"bdl",NA,NA,""
"COMPASS: Synoptic","CB",2022,6,6,"MSM","WC","C",20,"MSM_202206_WC_SIPC_20CM","Porewater Sipper (Teflon)",1360.9248,42.4493,"",11643.6809,328.4536,NA,21.0402,NA,NA,"",0.727078,51.909301,"",0.041794,2.983858,"",-0.010397,0,"bdl",6.246,0.338,"",0,0,"bdl",NA,NA,""
"COMPASS: Synoptic","CB",2022,6,6,"MSM","WC","A",45,"MSM_202206_WC_SIPA_45CM","Porewater Sipper (Teflon)",738.1892,23.0252,"",9573.2135,270.0483,NA,17.2988,NA,NA,"",0.21393,15.273405,"",0.009443,0.674177,"",-0.000547,0,"bdl",5816.404,396.311,"",238.174,127.631,"",NA,NA,""
"COMPASS: Synoptic","CB",2022,6,6,"MSM","WC","C",45,"MSM_202206_WC_SIPC_45CM","Porewater Sipper (Teflon)",453.6237,14.1492,"",14717.2535,415.1552,NA,26.5941,NA,NA,"",2.175742,155.335804,"adl",0.016878,1.204995,"",-0.002934,0,"bdl",423.864,181.371,"",36.207,44.262,"bdl",NA,NA,""
"COMPASS: Synoptic","CB",2022,6,9,"GWI","WC","A",20,"GWI_202206_WC_SIPA_20CM","Porewater Sipper (Teflon)",923.6507,28.8101,"",8409.8399,237.231,NA,15.1966,0,0,"bdl",0.17302,12.35266,"",0.005994,0.427938,"",-0.008172,0,"bdl",135.953,21.284,"",45.943,4.016,"",NA,NA,""
"COMPASS: Synoptic","CB",2022,6,9,"GWI","WC","C",20,"GWI_202206_WC_SIPC_20CM","Porewater Sipper (Teflon)",1156.6627,36.0781,"",9115.1496,257.1269,NA,16.4711,0,0,"bdl",0.190366,13.591067,"",0.00903,0.644691,"",-0.012684,0,"bdl",1412.15,132.55,"",402.876,50.188,"",NA,NA,""
"COMPASS: Synoptic","CB",2022,6,9,"GWI","WC","A",45,"GWI_202206_WC_SIPA_45CM","Porewater Sipper (Teflon)",1284.9546,40.0797,"",9319.6766,262.8964,NA,16.8407,0,0,"bdl",NA,NA,"",NA,NA,"",NA,NA,"",2543.099,571.065,"",178.379,159.634,"",NA,NA,""
"COMPASS: Synoptic","CB",2022,6,9,"GWI","WC","B",45,"GWI_202206_WC_SIPB_45CM","Porewater Sipper (Teflon)",785.3511,24.4963,"",7380.6334,208.1984,NA,13.3368,0,0,"bdl",NA,NA,"",NA,NA,"",NA,NA,"",497.205,51.507,"",115.77,15.187,"",NA,NA,""
"COMPASS: Synoptic","CB",2022,6,9,"GWI","WC","C",45,"GWI_202206_WC_SIPC_45CM","Porewater Sipper (Teflon)",22.1018,0.6894,"",504.2877,14.2253,NA,0.9113,0,0,"bdl",0.251411,17.949339,"",0.004208,0.300428,"",-0.006453,0,"bdl",33.476,1.365,"",1.523,2.23,"",NA,NA,""
"COMPASS: Synoptic","CB",2022,6,9,"GWI","WC","C",45,"GWI_202206_WC_SIPC_45CM","Porewater Sipper (Teflon)",22.1018,0.6894,"",504.2877,14.2253,NA,0.9113,0,0,"bdl",0.251411,17.949339,"",0.002174,0.155211,"bdl",-0.006453,0,"bdl",33.476,1.365,"",1.523,2.23,"",NA,NA,""
"COMPASS: Synoptic","CB",2022,6,9,"GWI","WC","C",45,"GWI_202206_WC_SIPC_45CM","Porewater Sipper (Teflon)",22.1018,0.6894,"",504.2877,14.2253,NA,0.9113,0,0,"bdl",0.046118,3.292567,"",0.004208,0.300428,"",-0.006453,0,"bdl",33.476,1.365,"",1.523,2.23,"",NA,NA,""
"COMPASS: Synoptic","CB",2022,6,9,"GWI","WC","C",45,"GWI_202206_WC_SIPC_45CM","Porewater Sipper (Teflon)",22.1018,0.6894,"",504.2877,14.2253,NA,0.9113,0,0,"bdl",0.046118,3.292567,"",0.002174,0.155211,"bdl",-0.006453,0,"bdl",33.476,1.365,"",1.523,2.23,"",NA,NA,""
"COMPASS: Synoptic","CB",2022,6,10,"GCW","WC","A",10,"GCW_202206_WC_SIPA_10CM","Porewater Sipper (Teflon)",298.7135,9.3173,"",3113.7509,87.835,NA,5.6266,0,0,"bdl",0.226369,16.16148,"",0.129807,9.267493,"",-0.000326,0,"bdl",1.629,0.195,"",0,0,"bdl",NA,NA,""
"COMPASS: Synoptic","CB",2022,6,10,"GCW","WC","B",10,"GCW_202206_WC_SIPB_10CM","Porewater Sipper (Teflon)",374.4037,11.6782,"",3442.6963,97.1141,NA,6.221,0,0,"bdl",0.112369,8.022518,"",0.153755,10.977247,"",-0.006137,0,"bdl",44.647,1.279,"",0,0,"bdl",NA,NA,""
"COMPASS: Synoptic","CB",2022,6,10,"GCW","WC","C",10,"GCW_202206_WC_SIPC_10CM","Porewater Sipper (Teflon)",183.7061,5.7301,"",2813.9363,79.3776,NA,5.0848,0,0,"bdl",0.232412,16.592916,"",0.189016,13.494685,"",-0.005815,0,"bdl",20.548,0.78,"",0,0,"bdl",NA,NA,""
"COMPASS: Synoptic","CB",2022,6,10,"GCW","WC","A",20,"GCW_202206_WC_SIPA_20CM","Porewater Sipper (Teflon)",359.856,11.2245,"",4061.9509,114.5825,NA,7.34,0,0,"bdl",0.611366,43.648111,"",0.194354,13.875788,"",0.000644,0.045978,"bdl",1.291,0.195,"",0,0,"bdl",NA,NA,""
"COMPASS: Synoptic","CB",2022,6,10,"GCW","WC","B",20,"GCW_202206_WC_SIPB_20CM","Porewater Sipper (Teflon)",342.8995,10.6956,"",3360.2365,94.7881,NA,6.072,160.494,7.05,"adl",0.472924,33.764127,"",0.261797,18.690841,"",-0.006122,0,"bdl",12.778,2.146,"",0,0,"bdl",NA,NA,""
"COMPASS: Synoptic","CB",2022,6,10,"GCW","WC","C",20,"GCW_202206_WC_SIPC_20CM","Porewater Sipper (Teflon)",344.4022,10.7424,"",3337.6873,94.152,NA,6.0312,153.258,6.641,"adl",0.308067,21.99426,"",0.182828,13.052896,"",0.001496,0.106806,"bdl",18.296,3.721,"",0,0,"bdl",NA,NA,""
"COMPASS: Synoptic","CB",2022,6,10,"GCW","WC","A",45,"GCW_202206_WC_SIPA_45CM","Porewater Sipper (Teflon)",91.5971,2.8571,"",5352.5091,150.9876,NA,9.672,NA,NA,"",2.334948,166.702221,"adl",0.476831,34.043065,"",0.009381,0.669751,"bdl",1.066,0.195,"",0,0,"bdl",NA,NA,""
"COMPASS: Synoptic","CB",2022,6,10,"GCW","WC","B",45,"GCW_202206_WC_SIPB_45CM","Porewater Sipper (Teflon)",245.202,7.6482,"",4209.7454,118.7516,NA,7.607,NA,NA,"",1.53294,109.443338,"",0.389736,27.824969,"",-0.004334,0,"bdl",0.728,0.195,"",0.508,0.812,"",NA,NA,""
"COMPASS: Synoptic","CB",2022,6,10,"GCW","WC","C",45,"GCW_202206_WC_SIPC_45CM","Porewater Sipper (Teflon)",422.751,13.1862,"",4173.095,117.7178,NA,7.5408,NA,NA,"",0.947599,67.653266,"",0.201834,14.409818,"",-0.005723,0,"bdl",0.841,0.338,"",0.026,0.046,"bdl",NA,NA,""
"COMPASS: Synoptic","CB",2022,7,11,"GCW","WC","A",10,"GCW_202207_WC_SIPA_10CM","Porewater Sipper (Teflon)",342.0715,10.6697,"",4065.332,114.6779,NA,7.3461,8585.385,453.308,"adl",0.223085,15.927021,"",-0.002655,-0.189552,"bdl",-0.007697,0,"bdl",1.629,0.516,"",0,0,"bdl",NA,NA,""
"COMPASS: Synoptic","CB",2022,7,11,"GCW","WC","B",10,"GCW_202207_WC_SIPB_10CM","Porewater Sipper (Teflon)",583.0435,18.186,"",3937.3317,111.0672,NA,7.1148,4026.671,190.098,"",0.08478,6.052818,"",0.108339,7.734798,"",-0.005294,0,"bdl",47.8,1.218,"",0,0,"bdl",NA,NA,""
"COMPASS: Synoptic","CB",2022,7,11,"GCW","WC","C",10,"GCW_202207_WC_SIPC_10CM","Porewater Sipper (Teflon)",581.2771,18.1309,"",3733.0173,105.3037,NA,6.7456,8502.992,374.981,"adl",0.210737,15.045443,"",0.205373,14.662483,"",0.00136,0.097096,"bdl",4.557,0.676,"",0,0,"bdl",NA,NA,""
"COMPASS: Synoptic","CB",2022,7,11,"GCW","WC","A",20,"GCW_202207_WC_SIPA_20CM","Porewater Sipper (Teflon)",381.8156,11.9094,"",4296.7416,121.2057,NA,7.7642,9229.35,290.195,"adl",0.646168,46.132779,"",-0.00044,-0.031414,"bdl",0.000772,0.055116,"bdl",1.179,0,"",0,0,"bdl",NA,NA,""
"COMPASS: Synoptic","CB",2022,7,11,"GCW","WC","B",20,"GCW_202207_WC_SIPB_20CM","Porewater Sipper (Teflon)",554.4386,17.2938,"",4062.0082,114.5842,NA,7.3401,7401.529,615.067,"adl",0.288544,20.600427,"",0.279721,19.970514,"",-0.005822,0,"bdl",2.417,0.195,"",0,0,"bdl",NA,NA,""
"COMPASS: Synoptic","CB",2022,7,11,"GCW","WC","C",20,"GCW_202207_WC_SIPC_20CM","Porewater Sipper (Teflon)",600.8407,18.7411,"",4211.268,118.7946,NA,7.6098,8128.971,448.341,"adl",0.33591,23.982094,"",0.202897,14.48571,"",0.007521,0.536957,"bdl",3.769,0.195,"",0,0,"bdl",NA,NA,""
"COMPASS: Synoptic","CB",2022,7,11,"GCW","WC","A",45,"GCW_202207_WC_SIPA_45CM","Porewater Sipper (Teflon)",91.2859,2.8473,"",4991.0281,140.7906,NA,9.0188,8701.385,405.528,"adl",1.021329,72.917175,"",-0.001854,-0.132365,"bdl",-0.004332,0,"bdl",2.192,0,"",0,0,"bdl",NA,NA,""
"COMPASS: Synoptic","CB",2022,7,11,"GCW","WC","B",45,"GCW_202207_WC_SIPB_45CM","Porewater Sipper (Teflon)",352.5223,10.9957,"",3847.1959,108.5246,NA,6.9519,9615.296,225.775,"adl",1.2168,86.872711,"",0.442157,31.567536,"",-8.8e-05,0,"bdl",0.728,0.39,"",0.053,0.046,"bdl",NA,NA,""
"COMPASS: Synoptic","CB",2022,7,11,"GCW","WC","C",45,"GCW_202207_WC_SIPC_45CM","Porewater Sipper (Teflon)",972.2943,30.3273,"",10246.3301,289.0361,NA,18.5151,8963.742,64.256,"adl",0.909347,64.922287,"",0.265168,18.931511,"",0.003619,0.258376,"bdl",0.954,0.195,"",0,0,"bdl",NA,NA,""
"COMPASS: Synoptic","CB",2022,7,13,"GWI","WC","A",10,"GWI_202207_WC_SIPA_10CM","Porewater Sipper (Teflon)",1043.0344,32.5338,"",7247.5449,204.4441,NA,13.0963,0,0,"bdl",0.34007,24.279095,"",0.027538,1.966059,"",0.007092,0.506329,"bdl",234.489,33.22,"",31.848,13.18,"",NA,NA,""
"COMPASS: Synoptic","CB",2022,7,13,"GWI","WC","B",10,"GWI_202207_WC_SIPB_10CM","Porewater Sipper (Teflon)",1180.7728,36.8301,"",8532.5495,240.6925,NA,15.4183,0,0,"bdl",0.308248,22.007182,"",0.026925,1.922294,"",0.004933,0.352189,"bdl",109.94,20.616,"",37.683,5.058,"",NA,NA,""
"COMPASS: Synoptic","CB",2022,7,13,"GWI","WC","C",10,"GWI_202207_WC_SIPC_10CM","Porewater Sipper (Teflon)",1115.3174,34.7884,"",8083.0285,228.0121,NA,14.6061,0,0,"bdl",0.320254,22.864343,"",0.045802,3.270006,"",0.014644,1.0455,"bdl",232.912,21.674,"",8.224,9.308,"",NA,NA,""
"COMPASS: Synoptic","CB",2022,7,13,"GWI","WC","A",20,"GWI_202207_WC_SIPA_20CM","Porewater Sipper (Teflon)",1226.3117,38.2505,"",8872.2784,250.2758,NA,16.0322,0,0,"bdl",0.739492,52.795591,"",0.871984,62.254778,"",0.006936,0.495192,"bdl",1431.467,79.041,"",336.885,65.376,"",NA,NA,""
"COMPASS: Synoptic","CB",2022,7,13,"GWI","WC","A",20,"GWI_202207_WC_SIPA_20CM","Porewater Sipper (Teflon)",1226.3117,38.2505,"",8872.2784,250.2758,NA,16.0322,0,0,"bdl",0.739492,52.795591,"",0.027617,1.971699,"",0.006936,0.495192,"bdl",1431.467,79.041,"",336.885,65.376,"",NA,NA,""
"COMPASS: Synoptic","CB",2022,7,13,"GWI","WC","B",20,"GWI_202207_WC_SIPB_20CM","Porewater Sipper (Teflon)",1324.4669,41.3121,"",9408.1336,265.3916,NA,17.0005,0,0,"bdl",0.388875,27.763499,"",0.0391,2.791521,"",0.004856,0.346691,"bdl",276.268,13.025,"",9.197,15.93,"",NA,NA,""
"COMPASS: Synoptic","CB",2022,7,13,"GWI","WC","C",20,"GWI_202207_WC_SIPC_20CM","Porewater Sipper (Teflon)",1063.0874,33.1593,"",7666.9799,216.2759,NA,13.8543,0,0,"bdl",0.395185,28.213998,"",0.039343,2.80887,"",0.000402,0.028701,"bdl",407.568,42.793,"",37.808,65.486,"bdl",NA,NA,""
"COMPASS: Synoptic","CB",2022,7,13,"GWI","WC","A",45,"GWI_202207_WC_SIPA_45CM","Porewater Sipper (Teflon)",1283.4062,40.0314,"",8679.6953,244.8433,NA,15.6842,0,0,"bdl",NA,NA,"",NA,NA,"",NA,NA,"",NA,NA,"",NA,NA,"",NA,NA,""
"COMPASS: Synoptic","CB",2022,7,13,"GWI","WC","B",45,"GWI_202207_WC_SIPB_45CM","Porewater Sipper (Teflon)",1399.6069,43.6559,"",10991.8124,310.0652,NA,19.8622,0,0,"bdl",NA,NA,"",NA,NA,"",NA,NA,"",NA,NA,"",NA,NA,"",NA,NA,""
"COMPASS: Synoptic","CB",2022,7,13,"GWI","WC","C",45,"GWI_202207_WC_SIPC_45CM","Porewater Sipper (Teflon)",1635.7937,51.0229,"",11154.3742,314.6509,NA,20.156,27.362,9.199,"",0.68302,48.763806,"",0.828946,59.182106,"",0.002512,0.179343,"bdl",3237.65,559.809,"",350.061,590.703,"",NA,NA,""
"COMPASS: Synoptic","CB",2022,7,13,"GWI","WC","C",45,"GWI_202207_WC_SIPC_45CM","Porewater Sipper (Teflon)",1635.7937,51.0229,"",11154.3742,314.6509,NA,20.156,27.362,9.199,"",0.68302,48.763806,"",0.041092,2.933739,"",0.002512,0.179343,"bdl",3237.65,559.809,"",350.061,590.703,"",NA,NA,""
"COMPASS: Synoptic","CB",2022,7,14,"MSM","WC","A",10,"MSM_202207_WC_SIPA_10CM","Porewater Sipper (Teflon)",592.5776,18.4834,"",4863.3627,137.1894,NA,8.7881,NA,NA,"",0.05031,3.591852,"",8.1e-05,0.005783,"bdl",-0.001602,0,"bdl",11.201,0.39,"",0,0,"bdl",NA,NA,""
"COMPASS: Synoptic","CB",2022,7,14,"MSM","WC","B",10,"MSM_202207_WC_SIPB_10CM","Porewater Sipper (Teflon)",1137.1783,35.4703,"",7756.7092,218.807,NA,14.0164,NA,NA,"",0.208089,14.85639,"",0.039358,2.809941,"",-0.001046,0,"bdl",16.381,3.559,"",0,0,"bdl",NA,NA,""
"COMPASS: Synoptic","CB",2022,7,14,"MSM","WC","C",10,"MSM_202207_WC_SIPC_10CM","Porewater Sipper (Teflon)",988.5871,30.8355,"",7483.3677,211.0964,NA,13.5225,NA,NA,"",0.285155,20.358471,"",0.059189,4.225763,"",0.003144,0.224464,"bdl",NA,NA,"",NA,NA,"",NA,NA,""
"COMPASS: Synoptic","CB",2022,7,14,"MSM","WC","A",20,"MSM_202207_WC_SIPA_20CM","Porewater Sipper (Teflon)",662.1419,20.6532,"",5495.5585,155.0228,NA,9.9305,NA,NA,"",0.145206,10.366896,"",-0.003561,-0.254235,"bdl",-0.002859,0,"bdl",2.192,0.338,"",0,0,"bdl",NA,NA,""
"COMPASS: Synoptic","CB",2022,7,14,"MSM","WC","B",20,"MSM_202207_WC_SIPB_20CM","Porewater Sipper (Teflon)",959.8857,29.9403,"",8914.4676,251.4659,NA,16.1085,NA,NA,"",0.345443,24.662697,"",0.115554,8.249909,"",0.008361,0.596929,"bdl",5.008,4.587,"",0,0,"bdl",NA,NA,""
"COMPASS: Synoptic","CB",2022,7,14,"MSM","WC","C",20,"MSM_202207_WC_SIPC_20CM","Porewater Sipper (Teflon)",701.8369,21.8914,"",6583.3821,185.7089,NA,11.8962,NA,NA,"",0.967096,69.045243,"",0.113684,8.116401,"",0.006797,0.485268,"bdl",2.417,0.195,"",0,0,"bdl",NA,NA,""
"COMPASS: Synoptic","CB",2022,7,14,"MSM","WC","C",45,"MSM_202207_WC_SIPC_45CM","Porewater Sipper (Teflon)",203.8927,6.3597,"",6870.3118,193.8029,NA,12.4147,NA,NA,"",-0.003367,-0.240385,"bdl",0.005912,0.422084,"bdl",0.002838,0.202617,"bdl",412.161,206.109,"",6.177,15.131,"bdl",NA,NA,""
"COMPASS: Synoptic","CB",2022,8,18,"GWI","WC","C",20,"GWI_202208_WC_SIPC_20CM","Porewater Sipper (Teflon)",1750.8574,54.6119,"",9031.4554,254.766,NA,16.3199,0,0,"bdl",0.555953,39.691933,"",0.049118,3.50675,"",-0.001791,0,"bdl",646.476,55.527,"",221.157,36.348,"",NA,NA,""
"COMPASS: Synoptic","CB",2022,8,18,"GWI","WC","C",45,"GWI_202208_WC_SIPC_45CM","Porewater Sipper (Teflon)",98.6823,3.0781,"",1028.8181,29.0217,NA,1.8591,0,0,"bdl",0.108894,7.774422,"",-0.00382,-0.272727,"bdl",0.019647,1.402686,"bdl",NA,NA,"",NA,NA,"",NA,NA,""
"COMPASS: Synoptic","CB",2022,8,31,"MSM","WC","B",45,"MSM_202208_WC_SIPB_45CM","Porewater Sipper (Teflon)",189.9997,5.9264,"",6761.4243,190.7313,NA,12.2179,NA,NA,"",0.185289,13.228598,"",0.020134,1.437455,"",0.003703,0.264373,"bdl",120.326,16.512,"",8.633,7.744,"",NA,NA,""
"COMPASS: Synoptic","CB",2022,9,18,"MSM","WC","B",45,"MSM_202209_WC_SIPB_45CM","Porewater Sipper (Teflon)",69.538,2.169,"",7983.0094,225.1907,NA,14.4253,NA,NA,"",NA,NA,"",NA,NA,"",NA,NA,"",65.201,5.696,"",33.629,0.467,"",NA,NA,""
"COMPASS: Synoptic","CB",2022,9,19,"GCW","WC","C",20,"GCW_202209_WC_SIPC_20CM","Porewater Sipper (Teflon)",781.9471,24.3901,"",7302.182,205.9854,NA,13.1951,NA,NA,"",NA,NA,"",NA,NA,"",NA,NA,"",0,0,"bdl",11.465,0.078,"",NA,NA,""
"COMPASS: Synoptic","CB",2022,10,14,"GWI","WC","C",45,"GWI_202210_WC_SIPC_45CM","Porewater Sipper (Teflon)",1553.8098,48.4657,"",12284.9149,346.542,NA,22.1989,0,0,"bdl",0.902129,64.406962,"",0.023091,1.648568,"",0.002882,0.205759,"bdl",NA,NA,"",NA,NA,"",NA,NA,""
"COMPASS: Synoptic","CB",2022,10,27,"MSM","WC","A",45,"MSM_202210_WC_SIPA_45CM","Porewater Sipper (Teflon)",20.0548,0.6255,"",8080.675,227.9457,NA,14.6018,NA,NA,"",NA,NA,"",NA,NA,"",NA,NA,"",432.638,33.702,"",55.612,3.432,"",NA,NA,""
"COMPASS: Synoptic","CB",2022,10,27,"MSM","WC","B",45,"MSM_202210_WC_SIPB_45CM","Porewater Sipper (Teflon)",87.807,2.7388,"",8251.6056,232.7674,NA,14.9107,NA,NA,"",NA,NA,"",NA,NA,"",NA,NA,"",NA,NA,"",NA,NA,"",NA,NA,""
"COMPASS: Synoptic","CB",2022,10,27,"MSM","WC","C",45,"MSM_202210_WC_SIPC_45CM","Porewater Sipper (Teflon)",12.9179,0.4029,"",7437.6509,209.8068,NA,13.4399,NA,NA,"",NA,NA,"",NA,NA,"",NA,NA,"",NA,NA,"",NA,NA,"",NA,NA,""
"COMPASS: Synoptic","CB",2022,11,15,"GCW","WC","C",20,"GCW_202211_WC_SIPC_20CM","Porewater Sipper (Teflon)",917.5388,28.6194,"",7514.729,211.9811,NA,13.5791,338.436,26.549,"",0.138215,9.867778,"",0.054816,3.913556,"",0.003897,0.278224,"bdl",1.617,0.264,"",0,0,"bdl",NA,NA,""
"COMPASS: Synoptic","CB",2022,11,17,"GWI","WC","C",20,"GWI_202211_WC_SIPC_20CM","Porewater Sipper (Teflon)",2090.3885,65.2024,"",15138.4219,427.0359,NA,27.3552,0,0,"bdl",1.873668,133.76941,"",0.00593,0.423369,"",0.013449,0.960183,"bdl",2721.574,298.944,"",186.388,263.593,"bdl",NA,NA,""
"COMPASS: Synoptic","CB",2022,11,13,"MSM","WC","A",45,"MSM_202211_WC_SIPA_45CM","Porewater Sipper (Teflon)",29.5728,0.9224,"",12145.7863,342.6174,NA,21.9475,0,0,"bdl",0.232321,16.586419,"",0.013762,0.98253,"",NA,NA,"",413.869,18.823,"",61.211,11.084,"",NA,NA,""
"COMPASS: Synoptic","CB",2022,11,13,"MSM","WC","B",45,"MSM_202211_WC_SIPB_45CM","Porewater Sipper (Teflon)",109.0471,3.4013,"",9558.1445,269.6233,NA,17.2716,0,0,"bdl",0.126978,9.065519,"",0.007521,0.536957,"",0.003504,0.250166,"bdl",NA,NA,"",NA,NA,"",NA,NA,""
"COMPASS: Synoptic","CB",2022,11,13,"MSM","WC","C",45,"MSM_202211_WC_SIPC_45CM","Porewater Sipper (Teflon)",9.4492,0.2947,"",9884.8347,278.8388,NA,17.8619,0,0,"bdl",1.261428,90.0589,"",0.008187,0.584506,"",NA,NA,"",605.177,18.009,"",125.988,3.181,"",NA,NA,""
"COMPASS: Synoptic","CB",2022,6,6,"MSM","WC","B",45,"MSM_202206_WC_SIPB_45CM","Porewater Sipper (Teflon)",NA,NA,"",NA,NA,NA,NA,NA,NA,"",0.140479,10.029414,"",0.006835,0.487981,"",0.005687,0.40602,"bdl",178.781,55.731,"",27.285,15.933,"",NA,NA,""
"COMPASS: Synoptic","CB",2022,7,14,"MSM","WC","A",45,"MSM_202207_WC_SIPA_45CM","Porewater Sipper (Teflon)",NA,NA,"",NA,NA,NA,NA,NA,NA,"",NA,NA,"",NA,NA,"",NA,NA,"",61.998,2.205,"",20.306,1.72,"",NA,NA,""
"COMPASS: Synoptic","CB",2022,7,14,"MSM","WC","B",45,"MSM_202207_WC_SIPB_45CM","Porewater Sipper (Teflon)",NA,NA,"",NA,NA,NA,NA,NA,NA,"",NA,NA,"",NA,NA,"",NA,NA,"",17.395,1.014,"",0,0,"bdl",NA,NA,""
