Date,Month,Year,Campaign,Site,Zone,Depth,Rep,Sample_Name,SampleID
20220502,May,2022,MonMon,MSM,WC,10,A,MSM_WC_PW_MonMon_20220502_SipA_10cm,654
20220502,May,2022,MonMon,MSM,WC,10,B,MSM_WC_PW_MonMon_20220502_SipB_10cm,656
20220502,May,2022,MonMon,MSM,WC,10,C,MSM_WC_PW_MonMon_20220502_SipC_10cm,658
20220502,May,2022,MonMon,MSM,WC,20,A,MSM_WC_PW_MonMon_20220502_SipA_20cm,655
20220502,May,2022,MonMon,MSM,WC,20,B,MSM_WC_PW_MonMon_20220502_SipB_20cm,657
20220502,May,2022,MonMon,MSM,WC,20,C,MSM_WC_PW_MonMon_20220502_SipC_20cm,659
20220502,May,2022,MonMon,MSM,WC,45,A,MSM_WC_PW_MonMon_20220502_SipA_45cm,660
20220502,May,2022,MonMon,GWI,WC,10,A,GWI_WC_PW_MonMon_20220502_SipA_10cm,650
20220502,May,2022,MonMon,GWI,WC,10,B,GWI_WC_PW_MonMon_20220502_SipB_10cm,652
20220502,May,2022,MonMon,GWI,WC,10,C,GWI_WC_PW_MonMon_20220502_SipC_10cm,653
20220502,May,2022,MonMon,GWI,WC,20,A,GWI_WC_PW_MonMon_20220502_SipA_20cm,651
20220607,June,2022,MonMon,MSM,Up,10,A,MSM_UP_PW_MonMon_20220607_LysA_10cm,624
20220607,June,2022,MonMon,MSM,Up,10,B,MSM_UP_PW_MonMon_20220607_LysB_10cm,627
20220607,June,2022,MonMon,MSM,Up,10,C,MSM_UP_LysC_PW_MonMon_20220607_10cm,630
20220607,June,2022,MonMon,MSM,Up,20,A,MSM_UP_PW_MonMon_20220607_LysA_20cm,625
20220607,June,2022,MonMon,MSM,Up,20,B,MSM_UP_PW_MonMon_20220607_LysB_20cm,628
20220607,June,2022,MonMon,MSM,Up,20,C,MSM_UP_PW_MonMon_20220607_LysC_20cm,631
20220607,June,2022,MonMon,MSM,Up,45,A,MSM_UP_PW_MonMon_20220607_LysA_45cm,626
20220607,June,2022,MonMon,MSM,Up,45,B,MSM_UP_PW_MonMon_20220607_LysB_45cm,629
20220607,June,2022,MonMon,MSM,Up,45,C,MSM_UP_PW_MonMon_20220607_LysC_45cm,632
20220607,June,2022,MonMon,MSM,TR,10,A,MSM_TR_PW_MonMon_20220607_LysA_10cm,633
20220607,June,2022,MonMon,MSM,TR,10,B,MSM_TR_PW_MonMon_20220607_LysB_10cm,636
20220607,June,2022,MonMon,MSM,TR,10,C,MSM_TR_PW_MonMon_20220607_LysC_10cm,639
20220607,June,2022,MonMon,MSM,TR,20,A,MSM_TR_PW_MonMon_20220607_LysA_20cm,634
20220607,June,2022,MonMon,MSM,TR,20,B,MSM_TR_PW_MonMon_20220607_LysB_20cm,637
20220607,June,2022,MonMon,MSM,TR,20,C,MSM_TR_PW_MonMon_20220607_LysC_20cm,640
20220607,June,2022,MonMon,MSM,TR,45,A,MSM_TR_PW_MonMon_20220607_LysA_45cm,635
20220607,June,2022,MonMon,MSM,TR,45,B,MSM_TR_PW_MonMon_20220607_LysB_45cm,638
20220607,June,2022,MonMon,MSM,TR,45,C,MSM_TR_PW_MonMon_20220607_LysC_45cm,641
20220607,June,2022,MonMon,MSM,WC,10,A,MSM_WC_PW_MonMon_20220607_SipA_10cm,618
20220607,June,2022,MonMon,MSM,WC,10,B,MSM_WC_PW_MonMon_20220607_SipB_10cm,644
20220607,June,2022,MonMon,MSM,WC,10,C,MSM_WC_PW_MonMon_20220607_SipC_10cm,647
20220607,June,2022,MonMon,MSM,WC,20,A,MSM_WC_PW_MonMon_20220607_SipA_20cm,642
20220607,June,2022,MonMon,MSM,WC,20,B,MSM_WC_PW_MonMon_20220607_SipB_20cm,645
20220607,June,2022,MonMon,MSM,WC,20,C,MSM_WC_PW_MonMon_20220607_SipC_20cm,648
20220607,June,2022,MonMon,MSM,WC,45,A,MSM_WC_PW_MonMon_20220607_SipA_45cm,643
20220607,June,2022,MonMon,MSM,WC,45,B,MSM_WC_PW_MonMon_20220607_SipB_45cm,646
20220607,June,2022,MonMon,MSM,WC,45,C,MSM_WC_PW_MonMon_20220607_SipC_45cm,649
20220607,June,2022,MonMon,GWI,UP,10,A,GWI_UP_PW_MonMon_20220607_LysA_10cm,602
20220607,June,2022,MonMon,GWI,UP,10,B,GWI_UP_PW_MonMon_20220607_LysB_10cm,605
20220607,June,2022,MonMon,GWI,UP,10,C,GWI_UP_PW_MonMon_20220607_LysC_10cm,608
20220607,June,2022,MonMon,GWI,UP,20,A,GWI_UP_PW_MonMon_20220607_LysA_20cm,603
20220607,June,2022,MonMon,GWI,UP,20,B,GWI_UP_PW_MonMon_20220607_LysB_20cm,606
20220607,June,2022,MonMon,GWI,UP,20,C,GWI_UP_PW_MonMon_20220607_LysC_20cm,609
20220607,June,2022,MonMon,GWI,UP,45,A,GWI_UP_PW_MonMon_20220607_LysA_45cm,604
20220607,June,2022,MonMon,GWI,UP,45,B,GWI_UP_PW_MonMon_20220607_LysB_45cm,607
20220607,June,2022,MonMon,GWI,UP,45,C,GWI_UP_PW_MonMon_20220607_LysC_45cm,NA
20220607,June,2022,MonMon,GWI,TR,10,A,GWI_TR_PW_MonMon_20220607_LysA_10cm,610
20220607,June,2022,MonMon,GWI,TR,10,B,GWI_TR_PW_MonMon_20220607_LysB_10cm,612
20220607,June,2022,MonMon,GWI,TR,10,C,GWI_TR_PW_MonMon_20220607_LysC_10cm,615
20220607,June,2022,MonMon,GWI,TR,20,A,GWI_TR_PW_MonMon_20220607_LysA_20cm,611
20220607,June,2022,MonMon,GWI,TR,20,B,GWI_TR_PW_MonMon_20220607_LysB_20cm,613
20220607,June,2022,MonMon,GWI,TR,20,C,GWI_TR_PW_MonMon_20220607_LysC_20cm,616
20220607,June,2022,MonMon,GWI,TR,45,A,GWI_TR_PW_MonMon_20220607_LysA_45cm,NA
20220607,June,2022,MonMon,GWI,TR,45,B,GWI_TR_PW_MonMon_20220607_LysB_45cm,614
20220607,June,2022,MonMon,GWI,TR,45,C,GWI_TR_PW_MonMon_20220607_LysC_45cm,617
20220607,June,2022,MonMon,GWI,WC,20,A,GWI_WC_PW_MonMon_20220607_SipA_20cm,619
20220607,June,2022,MonMon,GWI,WC,20,C,GWI_WC_PW_MonMon_20220607_SipC_20cm,622
20220607,June,2022,MonMon,GWI,WC,45,A,GWI_WC_PW_MonMon_20220607_SipA_45cm,620
20220607,June,2022,MonMon,GWI,WC,45,B,GWI_WC_PW_MonMon_20220607_SipB_45cm,621
20220607,June,2022,MonMon,GWI,WC,45,C,GWI_WC_PW_MonMon_20220607_SipC_45cm,623
20220607,June,2022,MonMon,Gcrew,UP,10,A,GCrew_UP_PW_MonMon_20220607_LysA_10cm,580
20220607,June,2022,MonMon,Gcrew,UP,10,B,GCrew_UP_PW_MonMon_20220607_LysB_10cm,NA
20220607,June,2022,MonMon,Gcrew,UP,10,C,GCrew_UP_PW_MonMon_20220607_LysC_10cm,NA
20220607,June,2022,MonMon,Gcrew,UP,20,A,GCrew_UP_PW_MonMon_20220607_LysA_20cm,581
20220607,June,2022,MonMon,Gcrew,UP,20,B,GCrew_UP_PW_MonMon_20220607_LysB_20cm,NA
20220607,June,2022,MonMon,Gcrew,UP,45,A,GCrew_UP_PW_MonMon_20220607_LysA_45cm,NA
20220607,June,2022,MonMon,Gcrew,TR,10,A,GCrew_TR_PW_MonMon_20220607_LysA_10cm,582
20220607,June,2022,MonMon,Gcrew,TR,10,B,GCrew_TR_PW_MonMon_20220607_LysB_10cm,585
20220607,June,2022,MonMon,Gcrew,TR,10,C,GCrew_TR_PW_MonMon_20220607_LysC_10cm,588
20220607,June,2022,MonMon,Gcrew,TR,20,A,GCrew_TR_PW_MonMon_20220607_LysA_20cm,583
20220607,June,2022,MonMon,Gcrew,TR,20,B,GCrew_TR_PW_MonMon_20220607_LysB_20cm,586
20220607,June,2022,MonMon,Gcrew,TR,20,C,GCrew_TR_PW_MonMon_20220607_LysC_20cm,589
20220607,June,2022,MonMon,Gcrew,TR,45,A,GCrew_TR_PW_MonMon_20220607_LysA_45cm,584
20220607,June,2022,MonMon,Gcrew,TR,45,B,GCrew_TR_PW_MonMon_20220607_LysB_45cm,587
20220607,June,2022,MonMon,Gcrew,TR,45,C,GCrew_TR_PW_MonMon_20220607_LysC_45cm,NA
20220607,June,2022,MonMon,Gcrew,WC,10,A,GCrew_WC_PW_MonMon_20220607_SipA_10cm,590
20220607,June,2022,MonMon,Gcrew,WC,10,B,GCrew_WC_PW_MonMon_20220607_SipB_10cm,593
20220607,June,2022,MonMon,Gcrew,WC,10,C,GCrew_WC_PW_MonMon_20220607_SipC_10cm,596
20220607,June,2022,MonMon,Gcrew,WC,20,A,GCrew_WC_PW_MonMon_20220607_SipA_20cm,591
20220607,June,2022,MonMon,Gcrew,WC,20,B,GCrew_WC_PW_MonMon_20220607_SipB_20cm,594
20220607,June,2022,MonMon,Gcrew,WC,20,C,GCrew_WC_PW_MonMon_20220607_SipC_20cm,597
20220607,June,2022,MonMon,Gcrew,WC,45,A,GCrew_WC_PW_MonMon_20220607_SipA_45cm,592
20220607,June,2022,MonMon,Gcrew,WC,45,B,GCrew_WC_PW_MonMon_20220607_SipB_45cm,595
20220607,June,2022,MonMon,Gcrew,WC,45,C,GCrew_WC_PW_MonMon_20220607_SipC_45cm,598
20220607,June,2022,MonMon,Gcrew,WC,10,A,GCrew_WC_PW_MonMon_20220607_LysA_10cm,599
20220607,June,2022,MonMon,Gcrew,WC,20,A,GCrew_WC_PW_MonMon_20220607_LysA_20cm,600
20220607,June,2022,MonMon,Gcrew,WC,45,A,GCrew_WC_PW_MonMon_20220607_LysA_45cm,601
20220711,July,2022,MonMon,Gcrew,UP,10,A,GCrew_UP_LysA_10cm,NA
20220711,July,2022,MonMon,Gcrew,UP,10,B,GCrew_UP_LysB_10cm,485
20220711,July,2022,MonMon,Gcrew,UP,10,C,GCrew_UP_LysC_10cm,NA
20220711,July,2022,MonMon,Gcrew,UP,20,A,GCrew_UP_LysA_20cm,486
20220711,July,2022,MonMon,Gcrew,UP,20,B,GCrew_UP_LysB_20cm,487
20220711,July,2022,MonMon,Gcrew,UP,20,C,GCrew_UP_LysC_20cm,NA
20220711,July,2022,MonMon,Gcrew,UP,45,A,GCrew_UP_LysA_45cm,NA
20220711,July,2022,MonMon,Gcrew,UP,45,B,GCrew_UP_LysB_45cm,NA
20220711,July,2022,MonMon,Gcrew,UP,45,C,GCrew_UP_LysC_45cm,NA
20220711,July,2022,MonMon,Gcrew,TR,10,A,GCrew_TR_LysA_10cm,NA
20220711,July,2022,MonMon,Gcrew,TR,10,B,GCrew_TR_LysB_10cm,490
20220711,July,2022,MonMon,Gcrew,TR,10,C,GCrew_TR_LysC_10cm,493
20220711,July,2022,MonMon,Gcrew,TR,20,A,GCrew_TR_LysA_20cm,488
20220711,July,2022,MonMon,Gcrew,TR,20,B,GCrew_TR_LysB_20cm,491
20220711,July,2022,MonMon,Gcrew,TR,20,C,GCrew_TR_LysC_20cm,494
20220711,July,2022,MonMon,Gcrew,TR,45,A,GCrew_TR_LysA_45cm,489
20220711,July,2022,MonMon,Gcrew,TR,45,B,GCrew_TR_LysB_45cm,492
20220711,July,2022,MonMon,Gcrew,TR,45,C,GCrew_TR_LysC_45cm,495
20220711,July,2022,MonMon,Gcrew,WC,10,A,GCrew_WC_SipA_10cm,496
20220711,July,2022,MonMon,Gcrew,WC,10,B,GCrew_WC_SipB_10cm,499
20220711,July,2022,MonMon,Gcrew,WC,10,C,GCrew_WC_SipC_10cm,502
20220711,July,2022,MonMon,Gcrew,WC,20,A,GCrew_WC_SipA_20cm,497
20220711,July,2022,MonMon,Gcrew,WC,20,B,GCrew_WC_SipB_20cm,500
20220711,July,2022,MonMon,Gcrew,WC,20,C,GCrew_WC_SipC_20cm,503
20220711,July,2022,MonMon,Gcrew,WC,45,A,GCrew_WC_SipA_45cm,498
20220711,July,2022,MonMon,Gcrew,WC,45,B,GCrew_WC_SipB_45cm,501
20220711,July,2022,MonMon,Gcrew,WC,45,C,GCrew_WC_SipC_45cm,504
20220711,July,2022,MonMon,Gcrew,WC,10,A,GCrew_WC_LysA_10cm,505
20220711,July,2022,MonMon,Gcrew,WC,20,A,GCrew_WC_LysA_20cm,506
20220711,July,2022,MonMon,Gcrew,WC,45,A,GCrew_WC_LysA_45cm,507
20220711,July,2022,MonMon,MSM,UP,10,A,MSM_UP_LysA_10cm,NA
20220711,July,2022,MonMon,MSM,UP,10,B,MSM_UP_LysB_10cm,541
20220711,July,2022,MonMon,MSM,UP,10,C,MSM_UP_LysC_10cm,544
20220711,July,2022,MonMon,MSM,UP,20,A,MSM_UP_LysA_20cm,539
20220711,July,2022,MonMon,MSM,UP,20,B,MSM_UP_LysB_20cm,542
20220711,July,2022,MonMon,MSM,UP,20,C,MSM_UP_LysC_20cm,545
20220711,July,2022,MonMon,MSM,UP,45,A,MSM_UP_LysA_45cm,540
20220711,July,2022,MonMon,MSM,UP,45,B,MSM_UP_LysB_45cm,543
20220711,July,2022,MonMon,MSM,UP,45,C,MSM_UP_LysC_45cm,546
20220711,July,2022,MonMon,MSM,TR,10,A,MSM_TR_LysA_10cm,547
20220711,July,2022,MonMon,MSM,TR,10,B,MSM_TR_LysB_10cm,550
20220711,July,2022,MonMon,MSM,TR,10,C,MSM_TR_LysC_10cm,553
20220711,July,2022,MonMon,MSM,TR,20,A,MSM_TR_LysA_20cm,548
20220711,July,2022,MonMon,MSM,TR,20,B,MSM_TR_LysB_20cm,551
20220711,July,2022,MonMon,MSM,TR,20,C,MSM_TR_LysC_20cm,554
20220711,July,2022,MonMon,MSM,TR,45,A,MSM_TR_LysA_45cm,549
20220711,July,2022,MonMon,MSM,TR,45,B,MSM_TR_LysB_45cm,552
20220711,July,2022,MonMon,MSM,TR,45,C,MSM_TR_LysC_45cm,555
20220711,July,2022,MonMon,MSM,WC,10,A,MSM_WC_SipA_10cm,556
20220711,July,2022,MonMon,MSM,WC,10,B,MSM_WC_SipB_10cm,559
20220711,July,2022,MonMon,MSM,WC,10,C,MSM_WC_SipC_10cm,NA
20220711,July,2022,MonMon,MSM,WC,20,A,MSM_WC_SipA_20cm,557
20220711,July,2022,MonMon,MSM,WC,20,B,MSM_WC_SipB_20cm,560
20220711,July,2022,MonMon,MSM,WC,20,C,MSM_WC_SipC_20cm,562
20220711,July,2022,MonMon,MSM,WC,45,A,MSM_WC_SipA_45cm,558
20220711,July,2022,MonMon,MSM,WC,45,B,MSM_WC_SipB_45cm,561
20220711,July,2022,MonMon,MSM,WC,45,C,MSM_WC_SipC_45cm,563
20220711,July,2022,MonMon,GWI,UP,10,A,GWI_UP_LysA_10cm,508
20220711,July,2022,MonMon,GWI,UP,10,B,GWI_UP_LysB_10cm,511
20220711,July,2022,MonMon,GWI,UP,10,C,GWI_UP_LysC_10cm,514
20220711,July,2022,MonMon,GWI,UP,20,A,GWI_UP_LysA_20cm,509
20220711,July,2022,MonMon,GWI,UP,20,B,GWI_UP_LysB_20cm,512
20220711,July,2022,MonMon,GWI,UP,20,C,GWI_UP_LysC_20cm,515
20220711,July,2022,MonMon,GWI,UP,45,A,GWI_UP_LysA_45cm,510
20220711,July,2022,MonMon,GWI,UP,45,B,GWI_UP_LysB_45cm,513
20220711,July,2022,MonMon,GWI,UP,45,C,GWI_UP_LysC_45cm,NA
20220711,July,2022,MonMon,GWI,TR,10,A,GWI_TR_LysA_10cm,516
20220711,July,2022,MonMon,GWI,TR,10,B,GWI_TR_LysB_10cm,519
20220711,July,2022,MonMon,GWI,TR,10,C,GWI_TR_LysC_10cm,522
20220711,July,2022,MonMon,GWI,TR,20,A,GWI_TR_LysA_20cm,517
20220711,July,2022,MonMon,GWI,TR,20,B,GWI_TR_LysB_20cm,520
20220711,July,2022,MonMon,GWI,TR,20,C,GWI_TR_LysC_20cm,523
20220711,July,2022,MonMon,GWI,TR,45,A,GWI_TR_LysA_45cm,NA
20220711,July,2022,MonMon,GWI,TR,45,B,GWI_TR_LysB_45cm,518
20220711,July,2022,MonMon,GWI,TR,45,C,GWI_TR_LysC_45cm,521
20220711,July,2022,MonMon,GWI,WC,10,A,GWI_WC_SipA_10cm,524
20220711,July,2022,MonMon,GWI,WC,10,B,GWI_WC_SipB_10cm,526
20220711,July,2022,MonMon,GWI,WC,10,C,GWI_WC_SipC_10cm,528
20220711,July,2022,MonMon,GWI,WC,20,A,GWI_WC_SipA_20cm,525
20220711,July,2022,MonMon,GWI,WC,20,B,GWI_WC_SipB_20cm,527
20220711,July,2022,MonMon,GWI,WC,20,C,GWI_WC_SipC_20cm,529
20220711,July,2022,MonMon,GWI,WC,45,A,GWI_WC_SipA_45cm,NA
20220711,July,2022,MonMon,GWI,WC,45,B,GWI_WC_SipB_45cm,NA
20220711,July,2022,MonMon,GWI,WC,45,C,GWI_WC_SipC_45cm,530
202208,August,2022,MonMon,Gcrew,UP,10,A,GCrew_UP_LysA_10cm,NA
202208,August,2022,MonMon,Gcrew,UP,10,B,GCrew_UP_LysB_10cm,379
202208,August,2022,MonMon,Gcrew,UP,10,C,GCrew_UP_LysC_10cm,NA
202208,August,2022,MonMon,Gcrew,UP,20,A,GCrew_UP_LysA_20cm,378
202208,August,2022,MonMon,Gcrew,UP,20,B,GCrew_UP_LysB_20cm,380
202208,August,2022,MonMon,Gcrew,UP,20,C,GCrew_UP_LysC_20cm,NA
202208,August,2022,MonMon,Gcrew,UP,45,A,GCrew_UP_LysA_45cm,NA
202208,August,2022,MonMon,Gcrew,UP,45,B,GCrew_UP_LysB_45cm,NA
202208,August,2022,MonMon,Gcrew,UP,45,C,GCrew_UP_LysC_45cm,NA
202208,August,2022,MonMon,Gcrew,TR,10,A,GCrew_TR_LysA_10cm,381
202208,August,2022,MonMon,Gcrew,TR,10,B,GCrew_TR_LysB_10cm,NA
202208,August,2022,MonMon,Gcrew,TR,10,C,GCrew_TR_LysC_10cm,386
202208,August,2022,MonMon,Gcrew,TR,20,A,GCrew_TR_LysA_20cm,382
202208,August,2022,MonMon,Gcrew,TR,20,B,GCrew_TR_LysB_20cm,384
202208,August,2022,MonMon,Gcrew,TR,20,C,GCrew_TR_LysC_20cm,387
202208,August,2022,MonMon,Gcrew,TR,45,A,GCrew_TR_LysA_45cm,383
202208,August,2022,MonMon,Gcrew,TR,45,B,GCrew_TR_LysB_45cm,385
202208,August,2022,MonMon,Gcrew,TR,45,C,GCrew_TR_LysC_45cm,388
202208,August,2022,MonMon,Gcrew,WC,10,A,GCrew_WC_SipA_10cm,389
202208,August,2022,MonMon,Gcrew,WC,10,B,GCrew_WC_SipB_10cm,395
202208,August,2022,MonMon,Gcrew,WC,10,C,GCrew_WC_SipC_10cm,398
202208,August,2022,MonMon,Gcrew,WC,20,A,GCrew_WC_SipA_20cm,391
202208,August,2022,MonMon,Gcrew,WC,20,B,GCrew_WC_SipB_20cm,396
202208,August,2022,MonMon,Gcrew,WC,20,C,GCrew_WC_SipC_20cm,399
202208,August,2022,MonMon,Gcrew,WC,45,A,GCrew_WC_SipA_45cm,393
202208,August,2022,MonMon,Gcrew,WC,45,B,GCrew_WC_SipB_45cm,397
202208,August,2022,MonMon,Gcrew,WC,45,C,GCrew_WC_SipC_45cm,400
202208,August,2022,MonMon,MSM,UP,10,A,MSM_UP_LysA_10cm,NA
202208,August,2022,MonMon,MSM,UP,10,B,MSM_UP_LysB_10cm,442
202208,August,2022,MonMon,MSM,UP,10,C,MSM_UP_LysC_10cm,445
202208,August,2022,MonMon,MSM,UP,20,A,MSM_UP_LysA_20cm,440
202208,August,2022,MonMon,MSM,UP,20,B,MSM_UP_LysB_20cm,443
202208,August,2022,MonMon,MSM,UP,20,C,MSM_UP_LysC_20cm,446
202208,August,2022,MonMon,MSM,UP,45,A,MSM_UP_LysA_45cm,441
202208,August,2022,MonMon,MSM,UP,45,B,MSM_UP_LysB_45cm,444
202208,August,2022,MonMon,MSM,UP,45,C,MSM_UP_LysC_45cm,447
202208,August,2022,MonMon,MSM,TR,10,A,MSM_TR_LysA_10cm,448
202208,August,2022,MonMon,MSM,TR,10,B,MSM_TR_LysB_10cm,451
202208,August,2022,MonMon,MSM,TR,10,C,MSM_TR_LysC_10cm,454
202208,August,2022,MonMon,MSM,TR,20,A,MSM_TR_LysA_20cm,449
202208,August,2022,MonMon,MSM,TR,20,B,MSM_TR_LysB_20cm,452
202208,August,2022,MonMon,MSM,TR,20,C,MSM_TR_LysC_20cm,455
202208,August,2022,MonMon,MSM,TR,45,A,MSM_TR_LysA_45cm,450
202208,August,2022,MonMon,MSM,TR,45,B,MSM_TR_LysB_45cm,453
202208,August,2022,MonMon,MSM,TR,45,C,MSM_TR_LysC_45cm,456
202208,August,2022,MonMon,MSM,WC,10,A,MSM_WC_SipA_10cm,457
202208,August,2022,MonMon,MSM,WC,10,B,MSM_WC_SipB_10cm,460
202208,August,2022,MonMon,MSM,WC,10,C,MSM_WC_SipC_10cm,463
202208,August,2022,MonMon,MSM,WC,20,A,MSM_WC_SipA_20cm,458
202208,August,2022,MonMon,MSM,WC,20,B,MSM_WC_SipB_20cm,461
202208,August,2022,MonMon,MSM,WC,20,C,MSM_WC_SipC_20cm,464
202208,August,2022,MonMon,MSM,WC,45,A,MSM_WC_SipA_45cm,459
202208,August,2022,MonMon,MSM,WC,45,B,MSM_WC_SipB_45cm,462
202208,August,2022,MonMon,MSM,WC,45,C,MSM_WC_SipC_45cm,465
202208,August,2022,MonMon,MSM,SW,NA,A,MSM_SW_A,466
202208,August,2022,MonMon,MSM,SW,NA,B,MSM_SW_B,467
202208,August,2022,MonMon,MSM,SW,NA,C,MSM_SW_C,468
202208,August,2022,MonMon,GWI,UP,10,A,GWI_UP_LysA_10cm,404
202208,August,2022,MonMon,GWI,UP,10,B,GWI_UP_LysB_10cm,407
202208,August,2022,MonMon,GWI,UP,10,C,GWI_UP_LysC_10cm,410
202208,August,2022,MonMon,GWI,UP,20,A,GWI_UP_LysA_20cm,405
202208,August,2022,MonMon,GWI,UP,20,B,GWI_UP_LysB_20cm,408
202208,August,2022,MonMon,GWI,UP,20,C,GWI_UP_LysC_20cm,411
202208,August,2022,MonMon,GWI,UP,45,A,GWI_UP_LysA_45cm,406
202208,August,2022,MonMon,GWI,UP,45,B,GWI_UP_LysB_45cm,409
202208,August,2022,MonMon,GWI,UP,45,C,GWI_UP_LysC_45cm,NA
202208,August,2022,MonMon,GWI,TR,10,A,GWI_TR_LysA_10cm,412
202208,August,2022,MonMon,GWI,TR,10,B,GWI_TR_LysB_10cm,415
202208,August,2022,MonMon,GWI,TR,10,C,GWI_TR_LysC_10cm,418
202208,August,2022,MonMon,GWI,TR,20,A,GWI_TR_LysA_20cm,413
202208,August,2022,MonMon,GWI,TR,20,B,GWI_TR_LysB_20cm,416
202208,August,2022,MonMon,GWI,TR,20,C,GWI_TR_LysC_20cm,419
202208,August,2022,MonMon,GWI,TR,45,A,GWI_TR_LysA_45cm,414
202208,August,2022,MonMon,GWI,TR,45,B,GWI_TR_LysB_45cm,417
202208,August,2022,MonMon,GWI,TR,45,C,GWI_TR_LysC_45cm,420
202208,August,2022,MonMon,GWI,WC,10,A,GWI_WC_SipA_10cm,421
202208,August,2022,MonMon,GWI,WC,10,B,GWI_WC_SipB_10cm,424
202208,August,2022,MonMon,GWI,WC,10,C,GWI_WC_SipC_10cm,427
202208,August,2022,MonMon,GWI,WC,20,A,GWI_WC_SipA_20cm,422
202208,August,2022,MonMon,GWI,WC,20,B,GWI_WC_SipB_20cm,425
202208,August,2022,MonMon,GWI,WC,20,C,GWI_WC_SipC_20cm,428
202208,August,2022,MonMon,GWI,WC,45,A,GWI_WC_SipA_45cm,423
202208,August,2022,MonMon,GWI,WC,45,B,GWI_WC_SipB_45cm,426
202208,August,2022,MonMon,GWI,WC,45,C,GWI_WC_SipC_45cm,NA
202208,August,2022,MonMon,GWI,SW,NA,A,GWI_SW_A,429
202208,August,2022,MonMon,GWI,SW,NA,B,GWI_SW_B,430
202208,August,2022,MonMon,GWI,SW,NA,C,GWI_SW_C,431
202209,September,2022,MonMon,Gcrew,UP,10,A,GCrew_UP_LysA_10cm,NA
202209,September,2022,MonMon,Gcrew,UP,10,B,GCrew_UP_LysB_10cm,NA
202209,September,2022,MonMon,Gcrew,UP,10,C,GCrew_UP_LysC_10cm,NA
202209,September,2022,MonMon,Gcrew,UP,20,A,GCrew_UP_LysA_20cm,278
202209,September,2022,MonMon,Gcrew,UP,20,B,GCrew_UP_LysB_20cm,NA
202209,September,2022,MonMon,Gcrew,UP,20,C,GCrew_UP_LysC_20cm,NA
202209,September,2022,MonMon,Gcrew,UP,45,A,GCrew_UP_LysA_45cm,NA
202209,September,2022,MonMon,Gcrew,UP,45,B,GCrew_UP_LysB_45cm,NA
202209,September,2022,MonMon,Gcrew,UP,45,C,GCrew_UP_LysC_45cm,NA
202209,September,2022,MonMon,Gcrew,TR,10,A,GCrew_TR_LysA_10cm,NA
202209,September,2022,MonMon,Gcrew,TR,10,B,GCrew_TR_LysB_10cm,281
202209,September,2022,MonMon,Gcrew,TR,10,C,GCrew_TR_LysC_10cm,284
202209,September,2022,MonMon,Gcrew,TR,20,A,GCrew_TR_LysA_20cm,279
202209,September,2022,MonMon,Gcrew,TR,20,B,GCrew_TR_LysB_20cm,282
202209,September,2022,MonMon,Gcrew,TR,20,C,GCrew_TR_LysC_20cm,285
202209,September,2022,MonMon,Gcrew,TR,45,A,GCrew_TR_LysA_45cm,280
202209,September,2022,MonMon,Gcrew,TR,45,B,GCrew_TR_LysB_45cm,283
202209,September,2022,MonMon,Gcrew,TR,45,C,GCrew_TR_LysC_45cm,286
202209,September,2022,MonMon,Gcrew,WC,10,A,GCrew_WC_SipA_10cm,287
202209,September,2022,MonMon,Gcrew,WC,10,B,GCrew_WC_SipB_10cm,290
202209,September,2022,MonMon,Gcrew,WC,10,C,GCrew_WC_SipC_10cm,293
202209,September,2022,MonMon,Gcrew,WC,20,A,GCrew_WC_SipA_20cm,288
202209,September,2022,MonMon,Gcrew,WC,20,B,GCrew_WC_SipB_20cm,291
202209,September,2022,MonMon,Gcrew,WC,20,C,GCrew_WC_SipC_20cm,294
202209,September,2022,MonMon,Gcrew,WC,45,A,GCrew_WC_SipA_45cm,289
202209,September,2022,MonMon,Gcrew,WC,45,B,GCrew_WC_SipB_45cm,292
202209,September,2022,MonMon,Gcrew,WC,45,C,GCrew_WC_SipC_45cm,295
202209,September,2022,MonMon,Gcrew,SW,NA,A,GCrew_SW_A,296
202209,September,2022,MonMon,Gcrew,SW,NA,B,Gcrew_SW_B,297
202209,September,2022,MonMon,Gcrew,SW,NA,C,Gcrew_SW_C,298
202209,September,2022,MonMon,MSM,UP,10,A,MSM_UP_LysA_10cm,NA
202209,September,2022,MonMon,MSM,UP,10,B,MSM_UP_LysB_10cm,336
202209,September,2022,MonMon,MSM,UP,10,C,MSM_UP_LysC_10cm,339
202209,September,2022,MonMon,MSM,UP,20,A,MSM_UP_LysA_20cm,334
202209,September,2022,MonMon,MSM,UP,20,B,MSM_UP_LysB_20cm,337
202209,September,2022,MonMon,MSM,UP,20,C,MSM_UP_LysC_20cm,340
202209,September,2022,MonMon,MSM,UP,45,A,MSM_UP_LysA_45cm,335
202209,September,2022,MonMon,MSM,UP,45,B,MSM_UP_LysB_45cm,338
202209,September,2022,MonMon,MSM,UP,45,C,MSM_UP_LysC_45cm,341
202209,September,2022,MonMon,MSM,TR,10,A,MSM_TR_LysA_10cm,342
202209,September,2022,MonMon,MSM,TR,10,B,MSM_TR_LysB_10cm,345
202209,September,2022,MonMon,MSM,TR,10,C,MSM_TR_LysC_10cm,347
202209,September,2022,MonMon,MSM,TR,20,A,MSM_TR_LysA_20cm,343
202209,September,2022,MonMon,MSM,TR,20,B,MSM_TR_LysB_20cm,346
202209,September,2022,MonMon,MSM,TR,20,C,MSM_TR_LysC_20cm,348
202209,September,2022,MonMon,MSM,TR,45,A,MSM_TR_LysA_45cm,344
202209,September,2022,MonMon,MSM,TR,45,B,MSM_TR_LysB_45cm,NA
202209,September,2022,MonMon,MSM,TR,45,C,MSM_TR_LysC_45cm,349
202209,September,2022,MonMon,MSM,WC,10,A,MSM_WC_SipA_10cm,350
202209,September,2022,MonMon,MSM,WC,10,B,MSM_WC_SipB_10cm,353
202209,September,2022,MonMon,MSM,WC,10,C,MSM_WC_SipC_10cm,356
202209,September,2022,MonMon,MSM,WC,20,A,MSM_WC_SipA_20cm,351
202209,September,2022,MonMon,MSM,WC,20,B,MSM_WC_SipB_20cm,354
202209,September,2022,MonMon,MSM,WC,20,C,MSM_WC_SipC_20cm,357
202209,September,2022,MonMon,MSM,WC,45,A,MSM_WC_SipA_45cm,352
202209,September,2022,MonMon,MSM,WC,45,B,MSM_WC_SipB_45cm,355
202209,September,2022,MonMon,MSM,WC,45,C,MSM_WC_SipC_45cm,358
202209,September,2022,MonMon,MSM,SW,NA,A,MSM_SW_A,375
202209,September,2022,MonMon,MSM,SW,NA,B,MSM_SW_B,376
202209,September,2022,MonMon,MSM,SW,NA,C,MSM_SW_C,378
202209,September,2022,MonMon,GWI,UP,10,A,GWI_UP_LysA_10cm,NA
202209,September,2022,MonMon,GWI,UP,10,B,GWI_UP_LysB_10cm,301
202209,September,2022,MonMon,GWI,UP,10,C,GWI_UP_LysC_10cm,304
202209,September,2022,MonMon,GWI,UP,20,A,GWI_UP_LysA_20cm,299
202209,September,2022,MonMon,GWI,UP,20,B,GWI_UP_LysB_20cm,302
202209,September,2022,MonMon,GWI,UP,20,C,GWI_UP_LysC_20cm,305
202209,September,2022,MonMon,GWI,UP,45,A,GWI_UP_LysA_45cm,300
202209,September,2022,MonMon,GWI,UP,45,B,GWI_UP_LysB_45cm,303
202209,September,2022,MonMon,GWI,UP,45,C,GWI_UP_LysC_45cm,NA
202209,September,2022,MonMon,GWI,TR,10,A,GWI_TR_LysA_10cm,306
202209,September,2022,MonMon,GWI,TR,10,B,GWI_TR_LysB_10cm,309
202209,September,2022,MonMon,GWI,TR,10,C,GWI_TR_LysC_10cm,312
202209,September,2022,MonMon,GWI,TR,20,A,GWI_TR_LysA_20cm,307
202209,September,2022,MonMon,GWI,TR,20,B,GWI_TR_LysB_20cm,310
202209,September,2022,MonMon,GWI,TR,20,C,GWI_TR_LysC_20cm,313
202209,September,2022,MonMon,GWI,TR,45,A,GWI_TR_LysA_45cm,NA
202209,September,2022,MonMon,GWI,TR,45,B,GWI_TR_LysB_45cm,311
202209,September,2022,MonMon,GWI,TR,45,C,GWI_TR_LysC_45cm,NA
202209,September,2022,MonMon,GWI,WC,10,A,GWI_WC_SipA_10cm,314
202209,September,2022,MonMon,GWI,WC,10,B,GWI_WC_SipB_10cm,317
202209,September,2022,MonMon,GWI,WC,10,C,GWI_WC_SipC_10cm,320
202209,September,2022,MonMon,GWI,WC,20,A,GWI_WC_SipA_20cm,315
202209,September,2022,MonMon,GWI,WC,20,B,GWI_WC_SipB_20cm,318
202209,September,2022,MonMon,GWI,WC,20,C,GWI_WC_SipC_20cm,321
202209,September,2022,MonMon,GWI,WC,45,A,GWI_WC_SipA_45cm,316
202209,September,2022,MonMon,GWI,WC,45,B,GWI_WC_SipB_45cm,319
202209,September,2022,MonMon,GWI,WC,45,C,GWI_WC_SipC_45cm,322
202209,September,2022,MonMon,GWI,SW,NA,A,GWI_SW_A,323
202209,September,2022,MonMon,GWI,SW,NA,B,GWI_SW_B,324
202209,September,2022,MonMon,GWI,SW,NA,C,GWI_SW_C,325
202210,October,2022,MonMon,Gcrew,UP,10,A,GCrew_UP_LysA_10cm,NA
202210,October,2022,MonMon,Gcrew,UP,10,B,GCrew_UP_LysB_10cm,NA
202210,October,2022,MonMon,Gcrew,UP,10,C,GCrew_UP_LysC_10cm,NA
202210,October,2022,MonMon,Gcrew,UP,20,A,GCrew_UP_LysA_20cm,144
202210,October,2022,MonMon,Gcrew,UP,20,B,GCrew_UP_LysB_20cm,145
202210,October,2022,MonMon,Gcrew,UP,20,C,GCrew_UP_LysC_20cm,NA
202210,October,2022,MonMon,Gcrew,UP,45,A,GCrew_UP_LysA_45cm,NA
202210,October,2022,MonMon,Gcrew,UP,45,B,GCrew_UP_LysB_45cm,NA
202210,October,2022,MonMon,Gcrew,UP,45,C,GCrew_UP_LysC_45cm,NA
202210,October,2022,MonMon,Gcrew,TR,10,A,GCrew_TR_LysA_10cm,NA
202210,October,2022,MonMon,Gcrew,TR,10,B,GCrew_TR_LysB_10cm,148
202210,October,2022,MonMon,Gcrew,TR,10,C,GCrew_TR_LysC_10cm,151
202210,October,2022,MonMon,Gcrew,TR,20,A,GCrew_TR_LysA_20cm,146
202210,October,2022,MonMon,Gcrew,TR,20,B,GCrew_TR_LysB_20cm,149
202210,October,2022,MonMon,Gcrew,TR,20,C,GCrew_TR_LysC_20cm,152
202210,October,2022,MonMon,Gcrew,TR,45,A,GCrew_TR_LysA_45cm,147
202210,October,2022,MonMon,Gcrew,TR,45,B,GCrew_TR_LysB_45cm,150
202210,October,2022,MonMon,Gcrew,TR,45,C,GCrew_TR_LysC_45cm,153
202210,October,2022,MonMon,Gcrew,WC,10,A,GCrew_WC_SipA_10cm,154
202210,October,2022,MonMon,Gcrew,WC,10,B,GCrew_WC_SipB_10cm,157
202210,October,2022,MonMon,Gcrew,WC,10,C,GCrew_WC_SipC_10cm,160
202210,October,2022,MonMon,Gcrew,WC,20,A,GCrew_WC_SipA_20cm,155
202210,October,2022,MonMon,Gcrew,WC,20,B,GCrew_WC_SipB_20cm,158
202210,October,2022,MonMon,Gcrew,WC,20,C,GCrew_WC_SipC_20cm,161
202210,October,2022,MonMon,Gcrew,WC,45,A,GCrew_WC_SipA_45cm,156
202210,October,2022,MonMon,Gcrew,WC,45,B,GCrew_WC_SipB_45cm,159
202210,October,2022,MonMon,Gcrew,WC,45,C,GCrew_WC_SipC_45cm,162
202210,October,2022,MonMon,Gcrew,SW,NA,A,GCrew_SW_A,163
202210,October,2022,MonMon,Gcrew,SW,NA,B,Gcrew_SW_B,164
202210,October,2022,MonMon,Gcrew,SW,NA,C,Gcrew_SW_C,165
202210,October,2022,MonMon,MSM,UP,10,A,MSM_UP_LysA_10cm,NA
202210,October,2022,MonMon,MSM,UP,10,B,MSM_UP_LysB_10cm,201
202210,October,2022,MonMon,MSM,UP,10,C,MSM_UP_LysC_10cm,204
202210,October,2022,MonMon,MSM,UP,20,A,MSM_UP_LysA_20cm,199
202210,October,2022,MonMon,MSM,UP,20,B,MSM_UP_LysB_20cm,202
202210,October,2022,MonMon,MSM,UP,20,C,MSM_UP_LysC_20cm,205
202210,October,2022,MonMon,MSM,UP,45,A,MSM_UP_LysA_45cm,200
202210,October,2022,MonMon,MSM,UP,45,B,MSM_UP_LysB_45cm,203
202210,October,2022,MonMon,MSM,UP,45,C,MSM_UP_LysC_45cm,206
202210,October,2022,MonMon,MSM,TR,10,A,MSM_TR_LysA_10cm,207
202210,October,2022,MonMon,MSM,TR,10,B,MSM_TR_LysB_10cm,210
202210,October,2022,MonMon,MSM,TR,10,C,MSM_TR_LysC_10cm,213
202210,October,2022,MonMon,MSM,TR,20,A,MSM_TR_LysA_20cm,208
202210,October,2022,MonMon,MSM,TR,20,B,MSM_TR_LysB_20cm,211
202210,October,2022,MonMon,MSM,TR,20,C,MSM_TR_LysC_20cm,214
202210,October,2022,MonMon,MSM,TR,45,A,MSM_TR_LysA_45cm,209
202210,October,2022,MonMon,MSM,TR,45,B,MSM_TR_LysB_45cm,212
202210,October,2022,MonMon,MSM,TR,45,C,MSM_TR_LysC_45cm,215
202210,October,2022,MonMon,MSM,WC,10,A,MSM_WC_SipA_10cm,216
202210,October,2022,MonMon,MSM,WC,10,B,MSM_WC_SipB_10cm,219
202210,October,2022,MonMon,MSM,WC,10,C,MSM_WC_SipC_10cm,221
202210,October,2022,MonMon,MSM,WC,20,A,MSM_WC_SipA_20cm,217
202210,October,2022,MonMon,MSM,WC,20,B,MSM_WC_SipB_20cm,220
202210,October,2022,MonMon,MSM,WC,20,C,MSM_WC_SipC_20cm,222
202210,October,2022,MonMon,MSM,WC,45,A,MSM_WC_SipA_45cm,218
202210,October,2022,MonMon,MSM,WC,45,B,MSM_WC_SipB_45cm,NA
202210,October,2022,MonMon,MSM,WC,45,C,MSM_WC_SipC_45cm,NA
202210,October,2022,MonMon,MSM,SW,NA,A,MSM_SW_A,223
202210,October,2022,MonMon,MSM,SW,NA,B,MSM_SW_B,224
202210,October,2022,MonMon,MSM,SW,NA,C,MSM_SW_C,225
202210,October,2022,MonMon,GWI,UP,10,A,GWI_UP_LysA_10cm,NA
202210,October,2022,MonMon,GWI,UP,10,B,GWI_UP_LysB_10cm,168
202210,October,2022,MonMon,GWI,UP,10,C,GWI_UP_LysC_10cm,170
202210,October,2022,MonMon,GWI,UP,20,A,GWI_UP_LysA_20cm,166
202210,October,2022,MonMon,GWI,UP,20,B,GWI_UP_LysB_20cm,169
202210,October,2022,MonMon,GWI,UP,20,C,GWI_UP_LysC_20cm,171
202210,October,2022,MonMon,GWI,UP,45,A,GWI_UP_LysA_45cm,167
202210,October,2022,MonMon,GWI,UP,45,B,GWI_UP_LysB_45cm,NA
202210,October,2022,MonMon,GWI,UP,45,C,GWI_UP_LysC_45cm,NA
202210,October,2022,MonMon,GWI,TR,10,A,GWI_TR_LysA_10cm,172
202210,October,2022,MonMon,GWI,TR,10,B,GWI_TR_LysB_10cm,174
202210,October,2022,MonMon,GWI,TR,10,C,GWI_TR_LysC_10cm,177
202210,October,2022,MonMon,GWI,TR,20,A,GWI_TR_LysA_20cm,173
202210,October,2022,MonMon,GWI,TR,20,B,GWI_TR_LysB_20cm,175
202210,October,2022,MonMon,GWI,TR,20,C,GWI_TR_LysC_20cm,178
202210,October,2022,MonMon,GWI,TR,45,A,GWI_TR_LysA_45cm,NA
202210,October,2022,MonMon,GWI,TR,45,B,GWI_TR_LysB_45cm,176
202210,October,2022,MonMon,GWI,TR,45,C,GWI_TR_LysC_45cm,NA
202210,October,2022,MonMon,GWI,WC,10,A,GWI_WC_SipA_10cm,179
202210,October,2022,MonMon,GWI,WC,10,B,GWI_WC_SipB_10cm,185
202210,October,2022,MonMon,GWI,WC,10,C,GWI_WC_SipC_10cm,180
202210,October,2022,MonMon,GWI,WC,20,A,GWI_WC_SipA_20cm,183
202210,October,2022,MonMon,GWI,WC,20,B,GWI_WC_SipB_20cm,186
202210,October,2022,MonMon,GWI,WC,20,C,GWI_WC_SipC_20cm,181
202210,October,2022,MonMon,GWI,WC,45,A,GWI_WC_SipA_45cm,184
202210,October,2022,MonMon,GWI,WC,45,B,GWI_WC_SipB_45cm,187
202210,October,2022,MonMon,GWI,WC,45,C,GWI_WC_SipC_45cm,NA
202210,October,2022,MonMon,GWI,SW,NA,A,GWI_SW_A,188
202210,October,2022,MonMon,GWI,SW,NA,B,GWI_SW_B,189
202210,October,2022,MonMon,GWI,SW,NA,C,GWI_SW_C,190
202211,November,2022,MonMon,Gcrew,UP,10,A,GCrew_UP_LysA_10cm,NA
202211,November,2022,MonMon,Gcrew,UP,10,B,GCrew_UP_LysB_10cm,1
202211,November,2022,MonMon,Gcrew,UP,10,C,GCrew_UP_LysC_10cm,3
202211,November,2022,MonMon,Gcrew,UP,20,A,GCrew_UP_LysA_20cm,NA
202211,November,2022,MonMon,Gcrew,UP,20,B,GCrew_UP_LysB_20cm,2
202211,November,2022,MonMon,Gcrew,UP,20,C,GCrew_UP_LysC_20cm,4
202211,November,2022,MonMon,Gcrew,UP,45,A,GCrew_UP_LysA_45cm,NA
202211,November,2022,MonMon,Gcrew,UP,45,B,GCrew_UP_LysB_45cm,NA
202211,November,2022,MonMon,Gcrew,UP,45,C,GCrew_UP_LysC_45cm,NA
202211,November,2022,MonMon,Gcrew,TR,10,A,GCrew_TR_LysA_10cm,NA
202211,November,2022,MonMon,Gcrew,TR,10,B,GCrew_TR_LysB_10cm,7
202211,November,2022,MonMon,Gcrew,TR,10,C,GCrew_TR_LysC_10cm,10
202211,November,2022,MonMon,Gcrew,TR,20,A,GCrew_TR_LysA_20cm,5
202211,November,2022,MonMon,Gcrew,TR,20,B,GCrew_TR_LysB_20cm,8
202211,November,2022,MonMon,Gcrew,TR,20,C,GCrew_TR_LysC_20cm,11
202211,November,2022,MonMon,Gcrew,TR,45,A,GCrew_TR_LysA_45cm,6
202211,November,2022,MonMon,Gcrew,TR,45,B,GCrew_TR_LysB_45cm,9
202211,November,2022,MonMon,Gcrew,TR,45,C,GCrew_TR_LysC_45cm,12
202211,November,2022,MonMon,Gcrew,WC,10,A,GCrew_WC_SipA_10cm,13
202211,November,2022,MonMon,Gcrew,WC,10,B,GCrew_WC_SipB_10cm,16
202211,November,2022,MonMon,Gcrew,WC,10,C,GCrew_WC_SipC_10cm,19
202211,November,2022,MonMon,Gcrew,WC,20,A,GCrew_WC_SipA_20cm,14
202211,November,2022,MonMon,Gcrew,WC,20,B,GCrew_WC_SipB_20cm,17
202211,November,2022,MonMon,Gcrew,WC,20,C,GCrew_WC_SipC_20cm,20
202211,November,2022,MonMon,Gcrew,WC,45,A,GCrew_WC_SipA_45cm,15
202211,November,2022,MonMon,Gcrew,WC,45,B,GCrew_WC_SipB_45cm,18
202211,November,2022,MonMon,Gcrew,WC,45,C,GCrew_WC_SipC_45cm,21
202211,November,2022,MonMon,Gcrew,SW,NA,A,GCrew_SW_A,22
202211,November,2022,MonMon,Gcrew,SW,NA,B,Gcrew_SW_B,23
202211,November,2022,MonMon,Gcrew,SW,NA,C,Gcrew_SW_C,24
202211,November,2022,MonMon,MSM,UP,10,A,MSM_UP_LysA_10cm,58
202211,November,2022,MonMon,MSM,UP,10,B,MSM_UP_LysB_10cm,60
202211,November,2022,MonMon,MSM,UP,10,C,MSM_UP_LysC_10cm,63
202211,November,2022,MonMon,MSM,UP,20,A,MSM_UP_LysA_20cm,59
202211,November,2022,MonMon,MSM,UP,20,B,MSM_UP_LysB_20cm,61
202211,November,2022,MonMon,MSM,UP,20,C,MSM_UP_LysC_20cm,64
202211,November,2022,MonMon,MSM,UP,45,A,MSM_UP_LysA_45cm,NA
202211,November,2022,MonMon,MSM,UP,45,B,MSM_UP_LysB_45cm,62
202211,November,2022,MonMon,MSM,UP,45,C,MSM_UP_LysC_45cm,65
202211,November,2022,MonMon,MSM,TR,10,A,MSM_TR_LysA_10cm,66
202211,November,2022,MonMon,MSM,TR,10,B,MSM_TR_LysB_10cm,69
202211,November,2022,MonMon,MSM,TR,10,C,MSM_TR_LysC_10cm,72
202211,November,2022,MonMon,MSM,TR,20,A,MSM_TR_LysA_20cm,67
202211,November,2022,MonMon,MSM,TR,20,B,MSM_TR_LysB_20cm,73
202211,November,2022,MonMon,MSM,TR,20,C,MSM_TR_LysC_20cm,70
202211,November,2022,MonMon,MSM,TR,45,A,MSM_TR_LysA_45cm,68
202211,November,2022,MonMon,MSM,TR,45,B,MSM_TR_LysB_45cm,71
202211,November,2022,MonMon,MSM,TR,45,C,MSM_TR_LysC_45cm,74
202211,November,2022,MonMon,MSM,WC,10,A,MSM_WC_SipA_10cm,75
202211,November,2022,MonMon,MSM,WC,10,B,MSM_WC_SipB_10cm,78
202211,November,2022,MonMon,MSM,WC,10,C,MSM_WC_SipC_10cm,80
202211,November,2022,MonMon,MSM,WC,20,A,MSM_WC_SipA_20cm,76
202211,November,2022,MonMon,MSM,WC,20,B,MSM_WC_SipB_20cm,79
202211,November,2022,MonMon,MSM,WC,20,C,MSM_WC_SipC_20cm,81
202211,November,2022,MonMon,MSM,WC,45,A,MSM_WC_SipA_45cm,77
202211,November,2022,MonMon,MSM,WC,45,B,MSM_WC_SipB_45cm,NA
202211,November,2022,MonMon,MSM,WC,45,C,MSM_WC_SipC_45cm,82
202211,November,2022,MonMon,MSM,SW,NA,A,MSM_SW_A,83
202211,November,2022,MonMon,MSM,SW,NA,B,MSM_SW_B,84
202211,November,2022,MonMon,MSM,SW,NA,C,MSM_SW_C,85
202211,November,2022,MonMon,GWI,UP,10,A,GWI_UP_LysA_10cm,NA
202211,November,2022,MonMon,GWI,UP,10,B,GWI_UP_LysB_10cm,27
202211,November,2022,MonMon,GWI,UP,10,C,GWI_UP_LysC_10cm,29
202211,November,2022,MonMon,GWI,UP,20,A,GWI_UP_LysA_20cm,25
202211,November,2022,MonMon,GWI,UP,20,B,GWI_UP_LysB_20cm,28
202211,November,2022,MonMon,GWI,UP,20,C,GWI_UP_LysC_20cm,30
202211,November,2022,MonMon,GWI,UP,45,A,GWI_UP_LysA_45cm,26
202211,November,2022,MonMon,GWI,UP,45,B,GWI_UP_LysB_45cm,NA
202211,November,2022,MonMon,GWI,UP,45,C,GWI_UP_LysC_45cm,NA
202211,November,2022,MonMon,GWI,TR,10,A,GWI_TR_LysA_10cm,31
202211,November,2022,MonMon,GWI,TR,10,B,GWI_TR_LysB_10cm,33
202211,November,2022,MonMon,GWI,TR,10,C,GWI_TR_LysC_10cm,36
202211,November,2022,MonMon,GWI,TR,20,A,GWI_TR_LysA_20cm,32
202211,November,2022,MonMon,GWI,TR,20,B,GWI_TR_LysB_20cm,34
202211,November,2022,MonMon,GWI,TR,20,C,GWI_TR_LysC_20cm,37
202211,November,2022,MonMon,GWI,TR,45,A,GWI_TR_LysA_45cm,NA
202211,November,2022,MonMon,GWI,TR,45,B,GWI_TR_LysB_45cm,35
202211,November,2022,MonMon,GWI,TR,45,C,GWI_TR_LysC_45cm,38
202211,November,2022,MonMon,GWI,WC,10,A,GWI_WC_SipA_10cm,39
202211,November,2022,MonMon,GWI,WC,10,B,GWI_WC_SipB_10cm,42
202211,November,2022,MonMon,GWI,WC,10,C,GWI_WC_SipC_10cm,45
202211,November,2022,MonMon,GWI,WC,20,A,GWI_WC_SipA_20cm,40
202211,November,2022,MonMon,GWI,WC,20,B,GWI_WC_SipB_20cm,43
202211,November,2022,MonMon,GWI,WC,20,C,GWI_WC_SipC_20cm,46
202211,November,2022,MonMon,GWI,WC,45,A,GWI_WC_SipA_45cm,41
202211,November,2022,MonMon,GWI,WC,45,B,GWI_WC_SipB_45cm,44
202211,November,2022,MonMon,GWI,WC,45,C,GWI_WC_SipC_45cm,NA
202211,November,2022,MonMon,GWI,SW,NA,A,GWI_SW_A,47
202211,November,2022,MonMon,GWI,SW,NA,B,GWI_SW_B,48
202211,November,2022,MonMon,GWI,SW,NA,C,GWI_SW_C,49
20220502,May,2022,MonMon,MSM,UP,5,1,MSM_UP_RHZ_MonMon_20220502_SF_Tree_1,NA
20220502,May,2022,MonMon,MSM,UP,5,2,MSM_UP_RHZ_MonMon_20220502_SF_Tree_2,NA
20220502,May,2022,MonMon,MSM,UP,5,3,MSM_UP_RHZ_MonMon_20220502_SF_Tree_3,NA
20220502,May,2022,MonMon,MSM,UP,5,4,MSM_UP_RHZ_MonMon_20220502_SF_Tree_4,NA
20220502,May,2022,MonMon,MSM,UP,5,5,MSM_UP_RHZ_MonMon_20220502_SF_Tree_5,NA
20220502,May,2022,MonMon,MSM,UP,5,6,MSM_UP_RHZ_MonMon_20220502_SF_Tree_6,NA
20220502,May,2022,MonMon,MSM,UP,5,7,MSM_UP_RHZ_MonMon_20220502_SF_Tree_7,NA
20220502,May,2022,MonMon,MSM,UP,5,8,MSM_UP_RHZ_MonMon_20220502_SF_Tree_8,NA
20220502,May,2022,MonMon,MSM,TR,5,1,MSM_TR_RHZ_MonMon_20220502_SF_Tree_1,NA
20220502,May,2022,MonMon,MSM,TR,5,2,MSM_TR_RHZ_MonMon_20220502_SF_Tree_2,NA
20220502,May,2022,MonMon,MSM,TR,5,3,MSM_TR_RHZ_MonMon_20220502_SF_Tree_3,NA
20220502,May,2022,MonMon,MSM,TR,5,4,MSM_TR_RHZ_MonMon_20220502_SF_Tree_4,NA
20220502,May,2022,MonMon,MSM,TR,5,5,MSM_TR_RHZ_MonMon_20220502_SF_Tree_5,NA
20220502,May,2022,MonMon,MSM,TR,5,6,MSM_TR_RHZ_MonMon_20220502_SF_Tree_6,NA
20220502,May,2022,MonMon,MSM,TR,5,7,MSM_TR_RHZ_MonMon_20220502_SF_Tree_7,NA
20220502,May,2022,MonMon,MSM,TR,5,8,MSM_TR_RHZ_MonMon_20220502_SF_Tree_8,NA
20220502,May,2022,MonMon,GWI,TR,5,1,GWI_TR_RHZ_SF_Tree_1,NA
20220502,May,2022,MonMon,GWI,TR,5,2,GWI_TR_RHZ_SF_Tree_2,NA
20220502,May,2022,MonMon,GWI,TR,5,3,GWI_TR_RHZ_SF_Tree_3,NA
20220502,May,2022,MonMon,GWI,TR,5,4,GWI_TR_RHZ_SF_Tree_4,NA
20220502,May,2022,MonMon,GWI,TR,5,5,GWI_TR_RHZ_SF_Tree_5,NA
20220502,May,2022,MonMon,GWI,TR,5,6,GWI_TR_RHZ_SF_Tree_6,NA
20220502,May,2022,MonMon,GWI,TR,5,7,GWI_TR_RHZ_SF_Tree_7,NA
20220502,May,2022,MonMon,GWI,TR,5,8,GWI_TR_RHZ_SF_Tree_8,NA
202206,June,2022,MonMon,MSM,UP,5,1,MSM_UP_RHZ_SF_Tree_1,NA
202206,June,2022,MonMon,MSM,UP,5,2,MSM_UP_RHZ_SF_Tree_2,NA
202206,June,2022,MonMon,MSM,UP,5,3,MSM_UP_RHZ_SF_Tree_3,NA
202206,June,2022,MonMon,MSM,UP,5,4,MSM_UP_RHZ_SF_Tree_4,NA
202206,June,2022,MonMon,MSM,UP,5,5,MSM_UP_RHZ_SF_Tree_5,NA
202206,June,2022,MonMon,MSM,UP,5,6,MSM_UP_RHZ_SF_Tree_6,NA
202206,June,2022,MonMon,MSM,UP,5,7,MSM_UP_RHZ_SF_Tree_7,NA
202206,June,2022,MonMon,MSM,UP,5,8,MSM_UP_RHZ_SF_Tree_8,NA
202206,June,2022,MonMon,MSM,TR,5,1,MSM_TR_RHZ_SF_Tree_1,NA
202206,June,2022,MonMon,MSM,TR,5,2,MSM_TR_RHZ_SF_Tree_2,NA
202206,June,2022,MonMon,MSM,TR,5,3,MSM_TR_RHZ_SF_Tree_3,NA
202206,June,2022,MonMon,MSM,TR,5,4,MSM_TR_RHZ_SF_Tree_4,NA
202206,June,2022,MonMon,MSM,TR,5,5,MSM_TR_RHZ_SF_Tree_5,NA
202206,June,2022,MonMon,MSM,TR,5,6,MSM_TR_RHZ_SF_Tree_6,NA
202206,June,2022,MonMon,MSM,TR,5,7,MSM_TR_RHZ_SF_Tree_7,NA
202206,June,2022,MonMon,MSM,TR,5,8,MSM_TR_RHZ_SF_Tree_8,NA
202206,June,2022,MonMon,GWI,TR,5,1,GWI_TR_RHZ_SF_Tree_1,NA
202206,June,2022,MonMon,GWI,TR,5,2,GWI_TR_RHZ_SF_Tree_2,NA
202206,June,2022,MonMon,GWI,TR,5,3,GWI_TR_RHZ_SF_Tree_3,NA
202206,June,2022,MonMon,GWI,TR,5,4,GWI_TR_RHZ_SF_Tree_4,NA
202206,June,2022,MonMon,GWI,TR,5,5,GWI_TR_RHZ_SF_Tree_5,NA
202206,June,2022,MonMon,GWI,TR,5,6,GWI_TR_RHZ_SF_Tree_6,NA
202206,June,2022,MonMon,GWI,TR,5,7,GWI_TR_RHZ_SF_Tree_7,NA
202206,June,2022,MonMon,GWI,TR,5,8,GWI_TR_RHZ_SF_Tree_8,NA
202207,July,2022,MonMon,MSM,UP,5,1,MSM_UP_RHZ_SF_Tree_1,564
202207,July,2022,MonMon,MSM,UP,5,2,MSM_UP_RHZ_SF_Tree_2,565
202207,July,2022,MonMon,MSM,UP,5,3,MSM_UP_RHZ_SF_Tree_3,566
202207,July,2022,MonMon,MSM,UP,5,4,MSM_UP_RHZ_SF_Tree_4,567
202207,July,2022,MonMon,MSM,UP,5,5,MSM_UP_RHZ_SF_Tree_5,568
202207,July,2022,MonMon,MSM,UP,5,6,MSM_UP_RHZ_SF_Tree_6,569
202207,July,2022,MonMon,MSM,UP,5,7,MSM_UP_RHZ_SF_Tree_7,570
202207,July,2022,MonMon,MSM,UP,5,8,MSM_UP_RHZ_SF_Tree_8,571
202207,July,2022,MonMon,MSM,TR,5,1,MSM_TR_RHZ_SF_Tree_1,572
202207,July,2022,MonMon,MSM,TR,5,2,MSM_TR_RHZ_SF_Tree_2,573
202207,July,2022,MonMon,MSM,TR,5,3,MSM_TR_RHZ_SF_Tree_3,574
202207,July,2022,MonMon,MSM,TR,5,4,MSM_TR_RHZ_SF_Tree_4,575
202207,July,2022,MonMon,MSM,TR,5,5,MSM_TR_RHZ_SF_Tree_5,576
202207,July,2022,MonMon,MSM,TR,5,6,MSM_TR_RHZ_SF_Tree_6,577
202207,July,2022,MonMon,MSM,TR,5,7,MSM_TR_RHZ_SF_Tree_7,578
202207,July,2022,MonMon,MSM,TR,5,8,MSM_TR_RHZ_SF_Tree_8,579
202207,July,2022,MonMon,GWI,TR,5,1,GWI_TR_RHZ_SF_Tree_1,531
202207,July,2022,MonMon,GWI,TR,5,2,GWI_TR_RHZ_SF_Tree_2,532
202207,July,2022,MonMon,GWI,TR,5,3,GWI_TR_RHZ_SF_Tree_3,533
202207,July,2022,MonMon,GWI,TR,5,4,GWI_TR_RHZ_SF_Tree_4,534
202207,July,2022,MonMon,GWI,TR,5,5,GWI_TR_RHZ_SF_Tree_5,535
202207,July,2022,MonMon,GWI,TR,5,6,GWI_TR_RHZ_SF_Tree_6,536
202207,July,2022,MonMon,GWI,TR,5,7,GWI_TR_RHZ_SF_Tree_7,537
202207,July,2022,MonMon,GWI,TR,5,8,GWI_TR_RHZ_SF_Tree_8,538
202208,Aug,2022,MonMon,MSM,UP,5,1,MSM_UP_RHZ_SF_Tree_1,469
202208,Aug,2022,MonMon,MSM,UP,5,2,MSM_UP_RHZ_SF_Tree_2,470
202208,Aug,2022,MonMon,MSM,UP,5,3,MSM_UP_RHZ_SF_Tree_3,471
202208,Aug,2022,MonMon,MSM,UP,5,4,MSM_UP_RHZ_SF_Tree_4,472
202208,Aug,2022,MonMon,MSM,UP,5,5,MSM_UP_RHZ_SF_Tree_5,473
202208,Aug,2022,MonMon,MSM,UP,5,6,MSM_UP_RHZ_SF_Tree_6,474
202208,Aug,2022,MonMon,MSM,UP,5,7,MSM_UP_RHZ_SF_Tree_7,475
202208,Aug,2022,MonMon,MSM,UP,5,8,MSM_UP_RHZ_SF_Tree_8,476
202208,Aug,2022,MonMon,MSM,TR,5,1,MSM_TR_RHZ_SF_Tree_1,477
202208,Aug,2022,MonMon,MSM,TR,5,2,MSM_TR_RHZ_SF_Tree_2,478
202208,Aug,2022,MonMon,MSM,TR,5,3,MSM_TR_RHZ_SF_Tree_3,479
202208,Aug,2022,MonMon,MSM,TR,5,4,MSM_TR_RHZ_SF_Tree_4,480
202208,Aug,2022,MonMon,MSM,TR,5,5,MSM_TR_RHZ_SF_Tree_5,481
202208,Aug,2022,MonMon,MSM,TR,5,6,MSM_TR_RHZ_SF_Tree_6,482
202208,Aug,2022,MonMon,MSM,TR,5,7,MSM_TR_RHZ_SF_Tree_7,483
202208,Aug,2022,MonMon,MSM,TR,5,8,MSM_TR_RHZ_SF_Tree_8,484
202208,Aug,2022,MonMon,GWI,TR,5,1,GWI_TR_RHZ_SF_Tree_1,432
202208,Aug,2022,MonMon,GWI,TR,5,2,GWI_TR_RHZ_SF_Tree_2,433
202208,Aug,2022,MonMon,GWI,TR,5,3,GWI_TR_RHZ_SF_Tree_3,434
202208,Aug,2022,MonMon,GWI,TR,5,4,GWI_TR_RHZ_SF_Tree_4,435
202208,Aug,2022,MonMon,GWI,TR,5,5,GWI_TR_RHZ_SF_Tree_5,436
202208,Aug,2022,MonMon,GWI,TR,5,6,GWI_TR_RHZ_SF_Tree_6,437
202208,Aug,2022,MonMon,GWI,TR,5,7,GWI_TR_RHZ_SF_Tree_7,438
202208,Aug,2022,MonMon,GWI,TR,5,8,GWI_TR_RHZ_SF_Tree_8,439
202209,Sept,2022,MonMon,MSM,UP,5,1,MSM_UP_RHZ_SF_Tree_1,359
202209,Sept,2022,MonMon,MSM,UP,5,2,MSM_UP_RHZ_SF_Tree_2,360
202209,Sept,2022,MonMon,MSM,UP,5,3,MSM_UP_RHZ_SF_Tree_3,361
202209,Sept,2022,MonMon,MSM,UP,5,4,MSM_UP_RHZ_SF_Tree_4,362
202209,Sept,2022,MonMon,MSM,UP,5,5,MSM_UP_RHZ_SF_Tree_5,363
202209,Sept,2022,MonMon,MSM,UP,5,6,MSM_UP_RHZ_SF_Tree_6,364
202209,Sept,2022,MonMon,MSM,UP,5,7,MSM_UP_RHZ_SF_Tree_7,365
202209,Sept,2022,MonMon,MSM,UP,5,8,MSM_UP_RHZ_SF_Tree_8,366
202209,Sept,2022,MonMon,MSM,TR,5,1,MSM_TR_RHZ_SF_Tree_1,367
202209,Sept,2022,MonMon,MSM,TR,5,2,MSM_TR_RHZ_SF_Tree_2,368
202209,Sept,2022,MonMon,MSM,TR,5,3,MSM_TR_RHZ_SF_Tree_3,369
202209,Sept,2022,MonMon,MSM,TR,5,4,MSM_TR_RHZ_SF_Tree_4,370
202209,Sept,2022,MonMon,MSM,TR,5,5,MSM_TR_RHZ_SF_Tree_5,371
202209,Sept,2022,MonMon,MSM,TR,5,6,MSM_TR_RHZ_SF_Tree_6,372
202209,Sept,2022,MonMon,MSM,TR,5,7,MSM_TR_RHZ_SF_Tree_7,373
202209,Sept,2022,MonMon,MSM,TR,5,8,MSM_TR_RHZ_SF_Tree_8,374
202209,Sept,2022,MonMon,GWI,TR,5,1,GWI_TR_RHZ_SF_Tree_1,326
202209,Sept,2022,MonMon,GWI,TR,5,2,GWI_TR_RHZ_SF_Tree_2,327
202209,Sept,2022,MonMon,GWI,TR,5,3,GWI_TR_RHZ_SF_Tree_3,328
202209,Sept,2022,MonMon,GWI,TR,5,4,GWI_TR_RHZ_SF_Tree_4,329
202209,Sept,2022,MonMon,GWI,TR,5,5,GWI_TR_RHZ_SF_Tree_5,330
202209,Sept,2022,MonMon,GWI,TR,5,6,GWI_TR_RHZ_SF_Tree_6,331
202209,Sept,2022,MonMon,GWI,TR,5,7,GWI_TR_RHZ_SF_Tree_7,332
202209,Sept,2022,MonMon,GWI,TR,5,8,GWI_TR_RHZ_SF_Tree_8,333
202210,Oct,2022,MonMon,MSM,UP,5,1,MSM_UP_RHZ_SF_Tree_1,226
202210,Oct,2022,MonMon,MSM,UP,5,2,MSM_UP_RHZ_SF_Tree_2,227
202210,Oct,2022,MonMon,MSM,UP,5,3,MSM_UP_RHZ_SF_Tree_3,228
202210,Oct,2022,MonMon,MSM,UP,5,4,MSM_UP_RHZ_SF_Tree_4,229
202210,Oct,2022,MonMon,MSM,UP,5,5,MSM_UP_RHZ_SF_Tree_5,230
202210,Oct,2022,MonMon,MSM,UP,5,6,MSM_UP_RHZ_SF_Tree_6,231
202210,Oct,2022,MonMon,MSM,UP,5,7,MSM_UP_RHZ_SF_Tree_7,232
202210,Oct,2022,MonMon,MSM,UP,5,8,MSM_UP_RHZ_SF_Tree_8,233
202210,Oct,2022,MonMon,MSM,TR,5,1,MSM_TR_RHZ_SF_Tree_1,234
202210,Oct,2022,MonMon,MSM,TR,5,2,MSM_TR_RHZ_SF_Tree_2,235
202210,Oct,2022,MonMon,MSM,TR,5,3,MSM_TR_RHZ_SF_Tree_3,236
202210,Oct,2022,MonMon,MSM,TR,5,4,MSM_TR_RHZ_SF_Tree_4,237
202210,Oct,2022,MonMon,MSM,TR,5,5,MSM_TR_RHZ_SF_Tree_5,238
202210,Oct,2022,MonMon,MSM,TR,5,6,MSM_TR_RHZ_SF_Tree_6,239
202210,Oct,2022,MonMon,MSM,TR,5,7,MSM_TR_RHZ_SF_Tree_7,240
202210,Oct,2022,MonMon,MSM,TR,5,8,MSM_TR_RHZ_SF_Tree_8,241
202210,Oct,2022,MonMon,GWI,TR,5,1,GWI_TR_RHZ_SF_Tree_1,191
202210,Oct,2022,MonMon,GWI,TR,5,2,GWI_TR_RHZ_SF_Tree_2,192
202210,Oct,2022,MonMon,GWI,TR,5,3,GWI_TR_RHZ_SF_Tree_3,193
202210,Oct,2022,MonMon,GWI,TR,5,4,GWI_TR_RHZ_SF_Tree_4,194
202210,Oct,2022,MonMon,GWI,TR,5,5,GWI_TR_RHZ_SF_Tree_5,195
202210,Oct,2022,MonMon,GWI,TR,5,6,GWI_TR_RHZ_SF_Tree_6,196
202210,Oct,2022,MonMon,GWI,TR,5,7,GWI_TR_RHZ_SF_Tree_7,197
202210,Oct,2022,MonMon,GWI,TR,5,8,GWI_TR_RHZ_SF_Tree_8,198
202211,Nov ,2022,MonMon,MSM,UP,5,1,MSM_UP_RHZ_SF_Tree_1,86
202211,Nov ,2022,MonMon,MSM,UP,5,2,MSM_UP_RHZ_SF_Tree_2,87
202211,Nov ,2022,MonMon,MSM,UP,5,3,MSM_UP_RHZ_SF_Tree_3,88
202211,Nov ,2022,MonMon,MSM,UP,5,4,MSM_UP_RHZ_SF_Tree_4,89
202211,Nov ,2022,MonMon,MSM,UP,5,5,MSM_UP_RHZ_SF_Tree_5,90
202211,Nov ,2022,MonMon,MSM,UP,5,6,MSM_UP_RHZ_SF_Tree_6,91
202211,Nov ,2022,MonMon,MSM,UP,5,7,MSM_UP_RHZ_SF_Tree_7,92
202211,Nov ,2022,MonMon,MSM,UP,5,8,MSM_UP_RHZ_SF_Tree_8,93
202211,Nov ,2022,MonMon,MSM,TR,5,1,MSM_TR_RHZ_SF_Tree_1,94
202211,Nov ,2022,MonMon,MSM,TR,5,2,MSM_TR_RHZ_SF_Tree_2,95
202211,Nov ,2022,MonMon,MSM,TR,5,3,MSM_TR_RHZ_SF_Tree_3,96
202211,Nov ,2022,MonMon,MSM,TR,5,4,MSM_TR_RHZ_SF_Tree_4,97
202211,Nov ,2022,MonMon,MSM,TR,5,5,MSM_TR_RHZ_SF_Tree_5,NA
202211,Nov ,2022,MonMon,MSM,TR,5,6,MSM_TR_RHZ_SF_Tree_6,98
202211,Nov ,2022,MonMon,MSM,TR,5,7,MSM_TR_RHZ_SF_Tree_7,99
202211,Nov ,2022,MonMon,MSM,TR,5,8,MSM_TR_RHZ_SF_Tree_8,NA
202211,Nov ,2022,MonMon,GWI,TR,5,1,GWI_TR_RHZ_SF_Tree_1,50
202211,Nov ,2022,MonMon,GWI,TR,5,2,GWI_TR_RHZ_SF_Tree_2,51
202211,Nov ,2022,MonMon,GWI,TR,5,3,GWI_TR_RHZ_SF_Tree_3,52
202211,Nov ,2022,MonMon,GWI,TR,5,4,GWI_TR_RHZ_SF_Tree_4,53
202211,Nov ,2022,MonMon,GWI,TR,5,5,GWI_TR_RHZ_SF_Tree_5,54
202211,Nov ,2022,MonMon,GWI,TR,5,6,GWI_TR_RHZ_SF_Tree_6,55
202211,Nov ,2022,MonMon,GWI,TR,5,7,GWI_TR_RHZ_SF_Tree_7,56
202211,Nov ,2022,MonMon,GWI,TR,5,8,GWI_TR_RHZ_SF_Tree_8,57
202211,Nov ,2022,MonMon,MSM,WC,5,1,MSM_WC_RHZ_Collar_1,100
202211,Nov ,2022,MonMon,MSM,WC,5,2,MSM_WC_RHZ_Sip_A,101
202211,Nov ,2022,MonMon,MSM,WC,5,3,MSM_WC_RHZ_Collar_2,102
202211,Nov ,2022,MonMon,MSM,WC,5,4,MSM_WC_RHZ_Sip_B,103
202211,Nov ,2022,MonMon,MSM,WC,5,5,MSM_WC_RHZ_Collar_3,104
202211,Nov ,2022,MonMon,MSM,WC,5,6,MSM_WC_RHZ_Collar_4,105
202211,Nov ,2022,MonMon,MSM,WC,5,7,MSM_WC_RHZ_Sip_C,106
202211,Nov ,2022,MonMon,MSM,WC,5,8,MSM_WC_RHZ_Collar_5,107
202210,October,2022,MonMon,MSM,UP,1,1,MSM_202210_UP_PEEPER_1,242
202210,October,2022,MonMon,MSM,UP,2,2,MSM_202210_UP_PEEPER_2,243
202210,October,2022,MonMon,MSM,UP,3,3,MSM_202210_UP_PEEPER_3,244
202210,October,2022,MonMon,MSM,UP,4,4,MSM_202210_UP_PEEPER_4,245
202210,October,2022,MonMon,MSM,UP,5,5,MSM_202210_UP_PEEPER_5,246
202210,October,2022,MonMon,MSM,UP,6,6,MSM_202210_UP_PEEPER_6,247
202210,October,2022,MonMon,MSM,UP,7,7,MSM_202210_UP_PEEPER_7,248
202210,October,2022,MonMon,MSM,UP,8,8,MSM_202210_UP_PEEPER_8,249
202210,October,2022,MonMon,MSM,UP,9,9,MSM_202210_UP_PEEPER_9,250
202210,October,2022,MonMon,MSM,UP,10,10,MSM_202210_UP_PEEPER_10,251
202210,October,2022,MonMon,MSM,UP,11,11,MSM_202210_UP_PEEPER_11,252
202210,October,2022,MonMon,MSM,UP,12,12,MSM_202210_UP_PEEPER_12,253
202210,October,2022,MonMon,MSM,TR,1,1,MSM_202210_TR_PEEPER_1,254
202210,October,2022,MonMon,MSM,TR,2,2,MSM_202210_TR_PEEPER_2,255
202210,October,2022,MonMon,MSM,TR,3,3,MSM_202210_TR_PEEPER_3,256
202210,October,2022,MonMon,MSM,TR,4,4,MSM_202210_TR_PEEPER_4,257
202210,October,2022,MonMon,MSM,TR,5,5,MSM_202210_TR_PEEPER_5,258
202210,October,2022,MonMon,MSM,TR,6,6,MSM_202210_TR_PEEPER_6,259
202210,October,2022,MonMon,MSM,TR,7,7,MSM_202210_TR_PEEPER_7,260
202210,October,2022,MonMon,MSM,TR,8,8,MSM_202210_TR_PEEPER_8,261
202210,October,2022,MonMon,MSM,TR,9,9,MSM_202210_TR_PEEPER_9,262
202210,October,2022,MonMon,MSM,TR,10,10,MSM_202210_TR_PEEPER_10,263
202210,October,2022,MonMon,MSM,TR,11,11,MSM_202210_TR_PEEPER_11,264
202210,October,2022,MonMon,MSM,TR,12,12,MSM_202210_TR_PEEPER_12,265
202210,October,2022,MonMon,MSM,WC,1,1,MSM_202210_WC_PEEPER_1,266
202210,October,2022,MonMon,MSM,WC,2,2,MSM_202210_WC_PEEPER_2,267
202210,October,2022,MonMon,MSM,WC,3,3,MSM_202210_WC_PEEPER_3,268
202210,October,2022,MonMon,MSM,WC,4,4,MSM_202210_WC_PEEPER_4,269
202210,October,2022,MonMon,MSM,WC,5,5,MSM_202210_WC_PEEPER_5,270
202210,October,2022,MonMon,MSM,WC,6,6,MSM_202210_WC_PEEPER_6,271
202210,October,2022,MonMon,MSM,WC,7,7,MSM_202210_WC_PEEPER_7,272
202210,October,2022,MonMon,MSM,WC,8,8,MSM_202210_WC_PEEPER_8,273
202210,October,2022,MonMon,MSM,WC,9,9,MSM_202210_WC_PEEPER_9,274
202210,October,2022,MonMon,MSM,WC,10,10,MSM_202210_WC_PEEPER_10,275
202210,October,2022,MonMon,MSM,WC,11,11,MSM_202210_WC_PEEPER_11,276
202210,October,2022,MonMon,MSM,WC,12,12,MSM_202210_WC_PEEPER_12,277
202211,November,2022,MonMon,MSM,UP,1,1,MSM_202211_UP_PEEPER_1,108
202211,November,2022,MonMon,MSM,UP,2,2,MSM_202211_UP_PEEPER_2,109
202211,November,2022,MonMon,MSM,UP,3,3,MSM_202211_UP_PEEPER_3,110
202211,November,2022,MonMon,MSM,UP,4,4,MSM_202211_UP_PEEPER_4,111
202211,November,2022,MonMon,MSM,UP,5,5,MSM_202211_UP_PEEPER_5,112
202211,November,2022,MonMon,MSM,UP,6,6,MSM_202211_UP_PEEPER_6,113
202211,November,2022,MonMon,MSM,UP,7,7,MSM_202211_UP_PEEPER_7,114
202211,November,2022,MonMon,MSM,UP,8,8,MSM_202211_UP_PEEPER_8,115
202211,November,2022,MonMon,MSM,UP,9,9,MSM_202211_UP_PEEPER_9,116
202211,November,2022,MonMon,MSM,UP,10,10,MSM_202211_UP_PEEPER_10,117
202211,November,2022,MonMon,MSM,UP,11,11,MSM_202211_UP_PEEPER_11,118
202211,November,2022,MonMon,MSM,UP,12,12,MSM_202211_UP_PEEPER_12,119
202211,November,2022,MonMon,MSM,TR,1,1,MSM_202211_TR_PEEPER_1,120
202211,November,2022,MonMon,MSM,TR,2,2,MSM_202211_TR_PEEPER_2,121
202211,November,2022,MonMon,MSM,TR,3,3,MSM_202211_TR_PEEPER_3,122
202211,November,2022,MonMon,MSM,TR,4,4,MSM_202211_TR_PEEPER_4,123
202211,November,2022,MonMon,MSM,TR,5,5,MSM_202211_TR_PEEPER_5,124
202211,November,2022,MonMon,MSM,TR,6,6,MSM_202211_TR_PEEPER_6,125
202211,November,2022,MonMon,MSM,TR,7,7,MSM_202211_TR_PEEPER_7,126
202211,November,2022,MonMon,MSM,TR,8,8,MSM_202211_TR_PEEPER_8,127
202211,November,2022,MonMon,MSM,TR,9,9,MSM_202211_TR_PEEPER_9,128
202211,November,2022,MonMon,MSM,TR,10,10,MSM_202211_TR_PEEPER_10,129
202211,November,2022,MonMon,MSM,TR,11,11,MSM_202211_TR_PEEPER_11,130
202211,November,2022,MonMon,MSM,TR,12,12,MSM_202211_TR_PEEPER_12,131
202211,November,2022,MonMon,MSM,WC,1,1,MSM_202211_WC_PEEPER_1,132
202211,November,2022,MonMon,MSM,WC,2,2,MSM_202211_WC_PEEPER_2,133
202211,November,2022,MonMon,MSM,WC,3,3,MSM_202211_WC_PEEPER_3,134
202211,November,2022,MonMon,MSM,WC,4,4,MSM_202211_WC_PEEPER_4,135
202211,November,2022,MonMon,MSM,WC,5,5,MSM_202211_WC_PEEPER_5,136
202211,November,2022,MonMon,MSM,WC,6,6,MSM_202211_WC_PEEPER_6,137
202211,November,2022,MonMon,MSM,WC,7,7,MSM_202211_WC_PEEPER_7,138
202211,November,2022,MonMon,MSM,WC,8,8,MSM_202211_WC_PEEPER_8,139
202211,November,2022,MonMon,MSM,WC,9,9,MSM_202211_WC_PEEPER_9,140
202211,November,2022,MonMon,MSM,WC,10,10,MSM_202211_WC_PEEPER_10,141
202211,November,2022,MonMon,MSM,WC,11,11,MSM_202211_WC_PEEPER_11,142
202211,November,2022,MonMon,MSM,WC,12,12,MSM_202211_WC_PEEPER_12,143
