"Project","Region","Site","Zone","Replicate","Depth_cm","Sample_ID","Year","Month","Day","Time","Time_Zone","H2S_mean_uM","H2S_sd_uM","H2S_cv","H2S_Conc_flag","H2S_cv_flag","H2S_QAQC_flag","Dilution","Analysis_rundate","Field_notes","Run_notes"
"COMPASS: Synoptic","CB","GCW","UP","A",10,"GCW_202505_UP_LYSA_10CM",2025,5,14,"13:21","EDT",0,0,0,"bdl","Within range",NA,1,20250529,"",NA
"COMPASS: Synoptic","CB","GCW","TR","B",20,"GCW_202505_TR_LYSB_20CM",2025,5,14,"12:44","EDT",0,0,0,"bdl","Within range",NA,1,20250529,"",NA
"COMPASS: Synoptic","CB","SWH","TR","B",45,"SWH_202505_TR_LYSB_45CM",2025,5,21,"10:55","EDT",519.385906241265,82.2273166354643,15.8316418769492,"Within_Range","High CV","Std curve r2 low",25,20250529,"Two samples (FE, NUTR) not checked off on the datasheet, but I think they were taken ",NA
"COMPASS: Synoptic","CB","SWH","TR","C",10,"SWH_202505_TR_LYSC_10CM",2025,5,21,"11:19","EDT",0,0,0,"bdl","Within range","Std curve r2 low",1,20250529,"",NA
"COMPASS: Synoptic","CB","SWH","TR","C",20,"SWH_202505_TR_LYSC_20CM",2025,5,21,"11:25","EDT",14.2606851037084,0.815828337659054,5.72082148736954,"Within_Range","Within range","Chk Std 4 out of range; MC 10 out of range; MC 20 out of range",1,20250529,"NUTR label came off and had to get a new vial and label ",NA
"COMPASS: Synoptic","CB","SWH","TR","C",45,"SWH_202505_TR_LYSC_45CM",2025,5,21,"11:30","EDT",297.886884558559,15.6623460258027,5.25781658665934,"Within_Range","Within range","Std curve r2 low",25,20250529,"",NA
"COMPASS: Synoptic","CB","SWH","WC","A",10,"SWH_202505_WC_LYSA_10CM",2025,5,21,"11:56","EDT",36.3911172782813,0.156623460258031,0.430389259720546,"Within_Range","Within range","Std curve r2 low",1,20250529,"",NA
"COMPASS: Synoptic","CB","SWH","WC","A",20,"SWH_202505_WC_LYSA_20CM",2025,5,21,"11:59","EDT",13.687467555804,0.939740761548165,6.86570220325147,"Within_Range","Within range","Std curve r2 low",1,20250529,"",NA
"COMPASS: Synoptic","CB","SWH","WC","A",45,"SWH_202505_WC_LYSA_45CM",2025,5,21,"12:02","EDT",5.60275326438525,0.469870380774083,8.38641929425815,"Within_Range","Within range","Std curve r2 low",1,20250529,"",NA
"COMPASS: Synoptic","CB","SWH","WC","B",10,"SWH_202505_WC_LYSB_10CM",2025,5,21,"12:04","EDT",17.6744499460927,1.53858137622246,8.70511603424804,"Within_Range","Within range","Std curve r2 low",1,20250529,"",NA
"COMPASS: Synoptic","CB","SWH","WC","B",20,"SWH_202505_WC_LYSB_20CM",2025,5,21,"12:06","EDT",6.21187557401269,0.0783117301290134,1.26067770025256,"Within_Range","Within range","Std curve r2 low",1,20250529,"",NA
"COMPASS: Synoptic","CB","SWH","WC","B",45,"SWH_202505_WC_LYSB_45CM",2025,5,21,"12:09","EDT",0,0,0,"bdl","Within range","Std curve r2 low",1,20250529,"",NA
"COMPASS: Synoptic","CB","GCW","TR","B",45,"GCW_202505_TR_LYSB_45CM",2025,5,14,"12:47","EDT",0,0,0,"bdl","Within range",NA,1,20250529,"",NA
"COMPASS: Synoptic","CB","SWH","WC","C",10,"SWH_202505_WC_LYSC_10CM",2025,5,21,"12:12","EDT",13.4659685341213,2.66259882438647,19.7727985004549,"Within_Range","High CV","Std curve r2 low",1,20250529,"",NA
"COMPASS: Synoptic","CB","SWH","WC","C",20,"SWH_202505_WC_LYSC_20CM",2025,5,21,"12:14","EDT",4.93825619933713,0.383647559381247,7.76888731355706,"Within_Range","Within range","Std curve r2 low",1,20250529,"",NA
"COMPASS: Synoptic","CB","SWH","WC","C",45,"SWH_202505_WC_LYSC_45CM",2025,5,21,"12:20","EDT",3.22163878129616,0.234935190387041,7.29241253709145,"Within_Range","Within range","Std curve r2 low",1,20250529,"also collected a DIC dup",NA
"COMPASS: Synoptic","CB","SWH","SW","A",0,"SWH_202505_SW_A",2025,5,21,"10:25","EDT",0.0791070867379,0.0679856948049213,85.9413455967271,"Within_Range","High CV","Chk Std 4 out of range; MC 10 out of range; MC 20 out of range",1,20250529,"",NA
"COMPASS: Synoptic","CB","SWH","SW","B",0,"SWH_202505_SW_B",2025,5,21,"10:30","EDT",0,0,0,"bdl","Within range","Chk Std 4 out of range; MC 10 out of range; MC 20 out of range",1,20250529,"",NA
"COMPASS: Synoptic","CB","SWH","SW","C",0,"SWH_202505_SW_C",2025,5,21,"10:38","EDT",0,0,0,"bdl","Within range","Chk Std 4 out of range; MC 10 out of range; MC 20 out of range",1,20250529,"",NA
"COMPASS: Synoptic","CB","GCW","TR","C",10,"GCW_202505_TR_LYSC_10CM",2025,5,14,"12:49","EDT",0,0,0,"bdl","Within range",NA,1,20250529,"",NA
"COMPASS: Synoptic","CB","GCW","TR","C",20,"GCW_202505_TR_LYSC_20CM",2025,5,14,"12:53","EDT",0,0,0,"bdl","Within range",NA,1,20250529,"",NA
"COMPASS: Synoptic","CB","GCW","TR","C",45,"GCW_202505_TR_LYSC_45CM",2025,5,14,"12:56","EDT",0,0,0,"bdl","Within range",NA,1,20250529,"",NA
"COMPASS: Synoptic","CB","GCW","WC","A",10,"GCW_202505_WC_LYSA_10CM",2025,5,14,"10:40","EDT",1256.26080295412,41.9091969057032,3.33602678736399,"Within_Range","Within range","Chk Std 4 out of range; MC 10 out of range; MC 20 out of range",50,20250529,"",NA
"COMPASS: Synoptic","CB","GCW","WC","A",20,"GCW_202505_WC_LYSA_20CM",2025,5,14,"10:50","EDT",2355.53340404358,111.952988599542,4.75276590887484,"Within_Range","Within range","Chk Std 4 out of range; MC 10 out of range; MC 20 out of range",50,20250529,"",NA
"COMPASS: Synoptic","CB","GCW","WC","A",45,"GCW_202505_WC_LYSA_45CM",2025,5,14,"10:55","EDT",4715.09663619532,244.136870492465,5.17777024161826,"Within_Range","Within range","Chk Std 0 out of range",50,20250529,"",NA
"COMPASS: Synoptic","CB","GCW","WC","B",10,"GCW_202505_WC_LYSB_10CM",2025,5,14,"11:15","EDT",1451.40192438454,55.8370431882575,3.84711100696211,"Within_Range","Within range","Chk Std 0 out of range",50,20250529,"",NA
"COMPASS: Synoptic","CB","GCW","WC","B",20,"GCW_202505_WC_LYSB_20CM",2025,5,14,"11:21","EDT",2265.76551882298,19.4854368476498,0.859993529152655,"Within_Range","Within range","Chk Std 0 out of range",50,20250529,"",NA
"COMPASS: Synoptic","CB","GCW","UP","A",20,"GCW_202505_UP_LYSA_20CM",2025,5,14,"13:25","EDT",0,0,0,"bdl","Within range",NA,1,20250529,"",NA
"COMPASS: Synoptic","CB","GCW","WC","B",45,"GCW_202505_WC_LYSB_45CM",2025,5,14,"11:26","EDT",3779.04652764538,311.08706826445,8.23189304467971,"Within_Range","Within range","Chk Std 0 out of range",50,20250529,"",NA
"COMPASS: Synoptic","CB","GCW","WC","C",10,"GCW_202505_WC_LYSC_10CM",2025,5,14,"11:30","EDT",402.245761051484,3.30943689643022,0.822740030318591,"Within_Range","Within range","Chk Std 0 out of range",50,20250529,"",NA
"COMPASS: Synoptic","CB","GCW","WC","C",20,"GCW_202505_WC_LYSC_20CM",2025,5,14,"11:34","EDT",339.062378724363,26.4754951714426,7.8084437651414,"Within_Range","Within range","Chk Std 0 out of range",50,20250529,"",NA
"COMPASS: Synoptic","CB","GCW","SW","A",0,"GCW_202505_SW_A",2025,5,14,"9:30","EDT",0,0,0,"bdl","Within range","Chk Std 0 out of range",1,20250529,"",NA
"COMPASS: Synoptic","CB","GCW","SW","B",0,"GCW_202505_SW_B",2025,5,14,"9:30","EDT",0,0,0,"bdl","Within range","Chk Std 0 out of range",1,20250529,"",NA
"COMPASS: Synoptic","CB","GCW","SW","C",0,"GCW_202505_SW_C",2025,5,14,"9:30","EDT",0,0,0,"bdl","Within range","Chk Std 0 out of range",1,20250529,"",NA
"COMPASS: Synoptic","CB","MSM","UP","A",20,"MSM_202505_UP_LYSA_20CM",2025,5,15,"14:09","EDT",0,0,0,"bdl","Within range","Chk Std 0 out of range",1,20250529,"",NA
"COMPASS: Synoptic","CB","MSM","UP","A",45,"MSM_202505_UP_LYSA_45CM",2025,5,15,"14:11","EDT",0,0,0,"bdl","Within range","Chk Std 0 out of range",1,20250529,"NUTR is only 2.5 mL",NA
"COMPASS: Synoptic","CB","MSM","UP","B",10,"MSM_202505_UP_LYSB_10CM",2025,5,15,"14:13","EDT",0,0,0,"bdl","Within range","Chk Std 0 out of range",1,20250529,"",NA
"COMPASS: Synoptic","CB","MSM","UP","B",20,"MSM_202505_UP_LYSB_20CM",2025,5,15,"14:16","EDT",0,0,0,"bdl","Within range","Chk Std 0 out of range",1,20250529,"",NA
"COMPASS: Synoptic","CB","GCW","UP","B",10,"GCW_202505_UP_LYSB_10CM",2025,5,14,"13:28","EDT",0,0,0,"bdl","Within range",NA,1,20250529,"",NA
"COMPASS: Synoptic","CB","MSM","UP","B",45,"MSM_202505_UP_LYSB_45CM",2025,5,15,"14:18","EDT",0,0,0,"bdl","Within range","Chk Std 0 out of range",1,20250529,"",NA
"COMPASS: Synoptic","CB","MSM","UP","C",10,"MSM_202505_UP_LYSC_10CM",2025,5,15,"14:22","EDT",0,0,0,"bdl","Within range","Chk Std 0 out of range",1,20250529,"",NA
"COMPASS: Synoptic","CB","MSM","UP","C",20,"MSM_202505_UP_LYSC_20CM",2025,5,15,"14:24","EDT",0,0,0,"bdl","Within range","Chk Std 0 out of range",1,20250529,"",NA
"COMPASS: Synoptic","CB","MSM","UP","C",45,"MSM_202505_UP_LYSC_45CM",2025,5,15,"14:26","EDT",0,0,0,"bdl","Within range",NA,1,20250529,"",NA
"COMPASS: Synoptic","CB","MSM","TR","A",10,"MSM_202505_TR_LYSA_10CM",2025,5,15,"13:05","EDT",0,0,0,"bdl","Within range",NA,1,20250529,"",NA
"COMPASS: Synoptic","CB","MSM","TR","A",20,"MSM_202505_TR_LYSA_20CM",2025,5,15,"13:09","EDT",2.8947200995935,0.147862067906707,5.10799188935299,"Within_Range","Within range",NA,1,20250529,"",NA
"COMPASS: Synoptic","CB","MSM","TR","A",45,"MSM_202505_TR_LYSA_45CM",2025,5,15,"13:12","EDT",0,0,0,"bdl","Within range",NA,1,20250529,"",NA
"COMPASS: Synoptic","CB","MSM","TR","B",10,"MSM_202505_TR_LYSB_10CM",2025,5,15,"13:16","EDT",0,0,0,"bdl","Within range",NA,1,20250529,"",NA
"COMPASS: Synoptic","CB","MSM","TR","B",20,"MSM_202505_TR_LYSB_20CM",2025,5,15,"13:20","EDT",3.1038286413877,0.887172407440241,28.5831632458805,"Within_Range","High CV",NA,1,20250529,"",NA
"COMPASS: Synoptic","CB","MSM","TR","B",45,"MSM_202505_TR_LYSB_45CM",2025,5,15,"13:25","EDT",4.41075702760143,0.369655169766767,8.38076474069092,"Within_Range","Within range",NA,1,20250529,"",NA
"COMPASS: Synoptic","CB","GCW","UP","B",20,"GCW_202505_UP_LYSB_20CM",2025,5,14,"13:30","EDT",0,0,0,"bdl","Within range",NA,1,20250529,"",NA
"COMPASS: Synoptic","CB","MSM","TR","C",20,"MSM_202505_TR_LYSC_20CM",2025,5,15,"13:30","EDT",6.48441673372721,0.367182532184598,5.66253754597206,"Within_Range","Within range",NA,1,20250529,"",NA
"COMPASS: Synoptic","CB","MSM","TR","C",45,"MSM_202505_TR_LYSC_45CM",2025,5,15,"13:33","EDT",0,0,0,"bdl","Within range",NA,1,20250529,"",NA
"COMPASS: Synoptic","CB","MSM","WC","A",10,"MSM_202505_WC_LYSA_10CM",2025,5,15,"12:01","EDT",17.2412201445632,1.60595968864234,9.31465218341153,"Within_Range","Within range","Chk Std 4 out of range; MC 10 out of range; MC 20 out of range",1,20250529,"",NA
"COMPASS: Synoptic","CB","MSM","WC","A",20,"MSM_202505_WC_LYSA_20CM",2025,5,15,"12:07","EDT",511.49594025765,29.5724135813413,5.78155391936154,"Within_Range","Within range",NA,25,20250529,"",NA
"COMPASS: Synoptic","CB","MSM","WC","A",45,"MSM_202505_WC_LYSA_45CM",2025,5,15,"12:09","EDT",2.49878875968992,0.146865886410596,5.87748307419233,"Within_Range","Within range","Chk Std 4 out of range; MC 10 out of range; MC 20 out of range",1,20250529,"",NA
"COMPASS: Synoptic","CB","MSM","WC","B",10,"MSM_202505_WC_LYSB_10CM",2025,5,15,"12:13","EDT",161.239132752371,14.7862067906707,9.17035867054627,"Within_Range","Within range",NA,25,20250529,"",NA
"COMPASS: Synoptic","CB","MSM","WC","B",20,"MSM_202505_WC_LYSB_20CM",2025,5,15,"12:18","EDT",593.832428589115,83.1724131975226,14.0060409626217,"Within_Range","High CV",NA,25,20250529,"",NA
"COMPASS: Synoptic","CB","MSM","WC","C",10,"MSM_202505_WC_LYSC_10CM",2025,5,15,"12:21","EDT",5.07871425204274,0.0679856948049215,1.33863988858157,"Within_Range","Within range","Chk Std 4 out of range; MC 10 out of range; MC 20 out of range",1,20250529,"",NA
"COMPASS: Synoptic","CB","MSM","WC","C",20,"MSM_202505_WC_LYSC_20CM",2025,5,15,"12:24","EDT",775.495474272823,11.089655093003,1.43000900210304,"Within_Range","Within range",NA,25,20250529,"",NA
"COMPASS: Synoptic","CB","MSM","WC","C",45,"MSM_202505_WC_LYSC_45CM",2025,5,15,"12:27","EDT",0.896350565681961,0.135971389609843,15.1694431638354,"Within_Range","High CV","Chk Std 4 out of range; MC 10 out of range; MC 20 out of range",1,20250529,"",NA
"COMPASS: Synoptic","CB","GCW","UP","C",10,"GCW_202505_UP_LYSC_10CM",2025,5,14,"13:35","EDT",0,0,0,"bdl","Within range",NA,1,20250529,"",NA
"COMPASS: Synoptic","CB","MSM","SW","A",0,"MSM_202505_SW_A",2025,5,15,"10:45","EDT",0,0,0,"bdl","Within range","Std curve r2 low; MC 10 out of range",1,20250529,"",NA
"COMPASS: Synoptic","CB","MSM","SW","B",0,"MSM_202505_SW_B",2025,5,15,"10:45","EDT",0,0,0,"bdl","Within range","Std curve r2 low; MC 10 out of range",1,20250529,"",NA
"COMPASS: Synoptic","CB","MSM","SW","C",0,"MSM_202505_SW_C",2025,5,15,"10:45","EDT",0,0,0,"bdl","Within range","Std curve r2 low; MC 10 out of range",1,20250529,"",NA
"COMPASS: Synoptic","CB","GWI","UP","A",10,"GWI_202505_UP_LYSA_10CM",2025,5,20,"14:02","EDT",0,0,0,"bdl","Within range","Std curve r2 low; MC 10 out of range",1,20250529,"",NA
"COMPASS: Synoptic","CB","GWI","UP","A",20,"GWI_202505_UP_LYSA_20CM",2025,5,20,"13:45","EDT",2.54149472523777,0.927075124766104,36.4775545492966,"Within_Range","High CV","Std curve r2 low; MC 10 out of range",1,20250529,"",NA
"COMPASS: Synoptic","CB","GWI","UP","A",45,"GWI_202505_UP_LYSA_45CM",2025,5,20,"13:48","EDT",0,0,0,"bdl","Within range","Std curve r2 low; MC 10 out of range",1,20250529,"",NA
"COMPASS: Synoptic","CB","GWI","UP","B",10,"GWI_202505_UP_LYSB_10CM",2025,5,20,"13:51","EDT",0,0,0,"bdl","Within range","Std curve r2 low; MC 10 out of range",1,20250529,"",NA
"COMPASS: Synoptic","CB","GWI","UP","B",20,"GWI_202505_UP_LYSB_20CM",2025,5,20,"13:53","EDT",0,0,0,"bdl","Within range","Std curve r2 low; MC 10 out of range",1,20250529,"",NA
"COMPASS: Synoptic","CB","GWI","UP","B",45,"GWI_202505_UP_LYSB_45CM",2025,5,20,"13:55","EDT",0,0,0,"bdl","Within range","Std curve r2 low; MC 10 out of range",1,20250529,"",NA
"COMPASS: Synoptic","CB","GWI","UP","C",20,"GWI_202505_UP_LYSC_20CM",2025,5,20,"13:41","EDT",0,0,0,"bdl","Within range","Std curve r2 low; MC 10 out of range",1,20250529,"",NA
"COMPASS: Synoptic","CB","GCW","UP","C",20,"GCW_202505_UP_LYSC_20CM",2025,5,14,"13:37","EDT",0,0,0,"bdl","Within range",NA,1,20250529,"",NA
"COMPASS: Synoptic","CB","GWI","TR","A",10,"GWI_202505_TR_LYSA_10CM",2025,5,20,"13:08","EDT",0,0,0,"bdl","Within range","Std curve r2 low; MC 10 out of range",1,20250529,"",NA
"COMPASS: Synoptic","CB","GWI","TR","A",20,"GWI_202505_TR_LYSA_20CM",2025,5,20,"13:10","EDT",0,0,0,"bdl","Within range","Std curve r2 low; MC 10 out of range",1,20250529,"",NA
"COMPASS: Synoptic","CB","GWI","TR","B",10,"GWI_202505_TR_LYSB_10CM",2025,5,20,"13:13","EDT",0,0,0,"bdl","Within range","Std curve r2 low; MC 10 out of range",1,20250529,"",NA
"COMPASS: Synoptic","CB","GWI","TR","B",20,"GWI_202505_TR_LYSB_20CM",2025,5,20,"13:20","EDT",8.84197314627808,0.516327734826931,5.83950806324574,"Within_Range","Within range","Std curve r2 low; MC 10 out of range",1,20250529,"",NA
"COMPASS: Synoptic","CB","GWI","TR","B",45,"GWI_202505_TR_LYSB_45CM",2025,5,20,"","",4.61737489864412,0.154512520794351,3.34632825330522,"Within_Range","Within range","Std curve r2 low; MC 10 out of range",1,20250529,"",NA
"COMPASS: Synoptic","CB","GWI","TR","C",10,"GWI_202505_TR_LYSC_10CM",2025,5,20,"13:00","EDT",0,0,0,"bdl","Within range","Chk Std 4 out of range; MC 10 out of range",1,20250529,"",NA
"COMPASS: Synoptic","CB","GWI","TR","C",20,"GWI_202505_TR_LYSC_20CM",2025,5,20,"13:02","EDT",1.5997580697169,0.344270248542011,21.5201445180354,"Within_Range","High CV","Chk Std 4 out of range; MC 10 out of range",1,20250529,"",NA
"COMPASS: Synoptic","CB","GWI","WC","A",10,"GWI_202505_WC_LYSA_10CM",2025,5,20,"","",0,0,0,"bdl","Within range","Chk Std 4 out of range; MC 10 out of range",1,20250529,"",NA
"COMPASS: Synoptic","CB","GWI","WC","A",20,"GWI_202505_WC_LYSA_20CM",2025,5,20,"","",0,0,0,"bdl","Within range","Chk Std 4 out of range; MC 10 out of range",1,20250529,"",NA
"COMPASS: Synoptic","CB","GWI","WC","A",45,"GWI_202505_WC_LYSA_45CM",2025,5,20,"","",0,0,0,"bdl","Within range","Chk Std 4 out of range; MC 10 out of range",1,20250529,"",NA
"COMPASS: Synoptic","CB","GCW","TR","A",20,"GCW_202505_TR_LYSA_20CM",2025,5,14,"12:59","EDT",0,0,0,"bdl","Within range",NA,1,20250529,"",NA
"COMPASS: Synoptic","CB","GWI","WC","B",10,"GWI_202505_WC_LYSB_10CM",2025,5,20,"","",0,0,0,"bdl","Within range","Chk Std 4 out of range; MC 10 out of range",1,20250529,"",NA
"COMPASS: Synoptic","CB","GWI","WC","B",20,"GWI_202505_WC_LYSB_20CM",2025,5,20,"","",0,0,0,"bdl","Within range","Chk Std 4 out of range; MC 10 out of range",1,20250529,"",NA
"COMPASS: Synoptic","CB","GWI","WC","B",45,"GWI_202505_WC_LYSB_45CM",2025,5,20,"","",0,0,0,"bdl","Within range","Chk Std 4 out of range; MC 10 out of range",1,20250529,"",NA
"COMPASS: Synoptic","CB","GWI","WC","C",10,"GWI_202505_WC_LYSC_10CM",2025,5,20,"","",0,0,0,"bdl","Within range","Chk Std 4 out of range; MC 10 out of range",1,20250529,"",NA
"COMPASS: Synoptic","CB","GWI","SW","A",0,"GWI_202505_SW_A",2025,5,20,"","",0,0,0,"bdl","Within range","Chk Std 4 out of range; MC 10 out of range",1,20250529,"",NA
"COMPASS: Synoptic","CB","GWI","SW","B",0,"GWI_202505_SW_B",2025,5,20,"","",0,0,0,"bdl","Within range","Chk Std 4 out of range; MC 10 out of range",1,20250529,"",NA
"COMPASS: Synoptic","CB","GWI","SW","C",0,"GWI_202505_SW_C",2025,5,20,"","",0,0,0,"bdl","Within range","Chk Std 4 out of range; MC 10 out of range",1,20250529,"",NA
"COMPASS: Synoptic","CB","SWH","UP","A",10,"SWH_202505_UP_LYSA_10CM",2025,5,21,"10:20","EDT",0,0,0,"bdl","Within range","Chk Std 4 out of range; MC 10 out of range",1,20250529,"",NA
"COMPASS: Synoptic","CB","SWH","UP","A",20,"SWH_202505_UP_LYSA_20CM",2025,5,21,"10:24","EDT",0,0,0,"bdl","Within range","Chk Std 4 out of range; MC 10 out of range",1,20250529,"",NA
"COMPASS: Synoptic","CB","SWH","UP","A",45,"SWH_202505_UP_LYSA_45CM",2025,5,21,"10:26","EDT",19.8574451175795,1.51478909358485,7.62831816789881,"Within_Range","Within range","Chk Std 4 out of range; MC 10 out of range",1,20250529,"",NA
"COMPASS: Synoptic","CB","GCW","TR","A",45,"GCW_202505_TR_LYSA_45CM",2025,5,14,"13:02","EDT",0,0,0,"bdl","Within range",NA,1,20250529,"",NA
"COMPASS: Synoptic","CB","SWH","UP","B",10,"SWH_202505_UP_LYSB_10CM",2025,5,21,"10:28","EDT",0,0,0,"bdl","Within range","Chk Std 4 out of range; MC 10 out of range",1,20250529,"",NA
"COMPASS: Synoptic","CB","SWH","UP","B",20,"SWH_202505_UP_LYSB_20CM",2025,5,21,"10:31","EDT",0,0,0,"bdl","Within range","Chk Std 0 out of range",1,20250529,"",NA
"COMPASS: Synoptic","CB","SWH","UP","B",45,"SWH_202505_UP_LYSB_45CM",2025,5,21,"10:34","EDT",13.3020461109208,1.0237864280584,7.69645827056551,"Within_Range","Within range","Chk Std 0 out of range",1,20250529,"",NA
"COMPASS: Synoptic","CB","SWH","UP","C",10,"SWH_202505_UP_LYSC_10CM",2025,5,21,"10:36","EDT",0,0,0,"bdl","Within range","Chk Std 0 out of range",1,20250529,"",NA
"COMPASS: Synoptic","CB","SWH","UP","C",20,"SWH_202505_UP_LYSC_20CM",2025,5,21,"10:39","EDT",0,0,0,"bdl","Within range","Chk Std 0 out of range",1,20250529,"",NA
"COMPASS: Synoptic","CB","SWH","UP","C",45,"SWH_202505_UP_LYSC_45CM",2025,5,21,"10:43","EDT",18.3695303912887,0.58502081603337,3.18473474047438,"Within_Range","Within range","Chk Std 0 out of range",1,20250529,"",NA
"COMPASS: Synoptic","CB","SWH","SWAMP","A",10,"SWH_202505_SWAMP_LYSA_10CM",2025,5,21,"11:29","EDT",14.9567348555307,0.877531224050055,5.86713097829345,"Within_Range","Within range","Chk Std 0 out of range",1,20250529,"",NA
"COMPASS: Synoptic","CB","SWH","SWAMP","A",20,"SWH_202505_SWAMP_LYSA_20CM",2025,5,21,"11:34","EDT",26.9532282539527,1.75506244810011,6.51151109456703,"Within_Range","Within range","Chk Std 0 out of range",1,20250529,"",NA
"COMPASS: Synoptic","CB","SWH","SWAMP","A",45,"SWH_202505_SWAMP_LYSA_45CM",2025,5,21,"11:36","EDT",0.219663223848458,0.0731276020041713,33.2907806427446,"Within_Range","High CV","Chk Std 0 out of range",1,20250529,"",NA
"COMPASS: Synoptic","CB","SWH","SWAMP","B",10,"SWH_202505_SWAMP_LYSB_10CM",2025,5,21,"11:37","EDT",3.16707755018491,0.146255204008342,4.61798619360624,"Within_Range","Within range","Chk Std 0 out of range",1,20250529,"",NA
"COMPASS: Synoptic","CB","GCW","TR","B",10,"GCW_202505_TR_LYSB_10CM",2025,5,14,"12:41","EDT",0,0,0,"bdl","Within range",NA,1,20250529,"",NA
"COMPASS: Synoptic","CB","SWH","SWAMP","B",20,"SWH_202505_SWAMP_LYSB_20CM",2025,5,21,"11:40","EDT",0,0,0,"bdl","Within range","Chk Std 0 out of range",1,20250529,"",NA
"COMPASS: Synoptic","CB","SWH","SWAMP","B",45,"SWH_202505_SWAMP_LYSB_45CM",2025,5,21,"11:42","EDT",8.64823401670531,0.575807313988445,6.65809126899422,"Within_Range","Within range","Chk Std 0 out of range",1,20250529,"",NA
"COMPASS: Synoptic","CB","SWH","SWAMP","C",10,"SWH_202505_SWAMP_LYSC_10CM",2025,5,21,"11:48","EDT",5.18372945767826,0.0731276020041716,1.41071409303302,"Within_Range","Within range","Chk Std 0 out of range",1,20250529,"",NA
"COMPASS: Synoptic","CB","SWH","SWAMP","C",20,"SWH_202505_SWAMP_LYSC_20CM",2025,5,21,"11:51","EDT",10.1477956915081,0.658148418037541,6.48562937257691,"Within_Range","Within range","Chk Std 0 out of range",1,20250529,"",NA
"COMPASS: Synoptic","CB","SWH","SWAMP","C",45,"SWH_202505_SWAMP_LYSC_45CM",2025,5,21,"11:53","EDT",13.8708453668804,1.97444525411262,14.2344983444703,"Within_Range","High CV","Chk Std 0 out of range",1,20250529,"",NA
"COMPASS: Synoptic","CB","SWH","TR","A",10,"SWH_202505_TR_LYSA_10CM",2025,5,21,"10:21","EDT",0,0,0,"bdl","Within range","Std curve r2 low",1,20250529,"",NA
"COMPASS: Synoptic","CB","SWH","TR","A",20,"SWH_202505_TR_LYSA_20CM",2025,5,21,"10:29","EDT",29.193952595612,2.33627143025548,8.00258691454694,"Within_Range","Within range","Chk Std 0 out of range",1,20250529,"",NA
"COMPASS: Synoptic","CB","SWH","TR","A",45,"SWH_202505_TR_LYSA_45CM",2025,5,21,"10:35","EDT",13.3953684789441,0.815828337659053,6.09037622922758,"Within_Range","Within range","Chk Std 4 out of range; MC 10 out of range; MC 20 out of range",1,20250529,"",NA
"COMPASS: Synoptic","CB","SWH","TR","B",10,"SWH_202505_TR_LYSB_10CM",2025,5,21,"10:42","EDT",0,0,0,"bdl","Within range","Std curve r2 low",1,20250529,"",NA
"COMPASS: Synoptic","CB","SWH","TR","B",20,"SWH_202505_TR_LYSB_20CM",2025,5,21,"10:50","EDT",22.4010711292688,0.721631135682783,3.22141352758759,"Within_Range","Within range","Chk Std 4 out of range; MC 10 out of range; MC 20 out of range",1,20250529,"",NA
"COMPASS: Synoptic","CB","GCW","UP","A",20,"GCW_202507_UP_LYSA_20CM",2025,7,16,"13:39","EDT",0,0,0,"bdl","Within range",NA,1,20250812,"",NA
"COMPASS: Synoptic","CB","GCW","TR","C",10,"GCW_202507_TR_LYSC_10CM",2025,7,16,"13:10","EDT",0,0,0,"bdl","Within range",NA,1,20250812,"",NA
"COMPASS: Synoptic","CB","SWH","TR","C",20,"SWH_202507_TR_LYSC_20CM",2025,7,21,"13:02","EDT",1.33282908844373,0.351216747928705,26.3512216963093,"Within_Range","High CV","MC 10 out of range",1,20250813,"",NA
"COMPASS: Synoptic","CB","SWH","TR","C",45,"SWH_202507_TR_LYSC_45CM",2025,7,21,"13:05","EDT",113.475056302464,6.44831390405053,5.6825826874787,"Within_Range","Within range",NA,25,20250813,"",NA
"COMPASS: Synoptic","CB","SWH","WC","A",10,"SWH_202507_WC_LYSA_10CM",2025,7,21,"13:20","EDT",18.9778827998817,1.62193575381821,8.54645257809432,"Within_Range","Within range",NA,1,20250813,"",NA
"COMPASS: Synoptic","CB","SWH","WC","A",20,"SWH_202507_WC_LYSA_20CM",2025,7,21,"13:23","EDT",2.62395072681364,0.386898834243032,14.744897085505,"Within_Range","High CV",NA,1,20250813,"",NA
"COMPASS: Synoptic","CB","SWH","WC","A",45,"SWH_202507_WC_LYSA_45CM",2025,7,21,"13:25","EDT",5.54212447962876,0.257932556162022,4.65403758270149,"Within_Range","Within range",NA,1,20250813,"",NA
"COMPASS: Synoptic","CB","SWH","WC","B",10,"SWH_202507_WC_LYSB_10CM",2025,7,21,"13:26","EDT",14.843803316727,0.638350508428308,4.30045113646159,"Within_Range","Within range",NA,1,20250813,"",NA
"COMPASS: Synoptic","CB","SWH","WC","B",20,"SWH_202507_WC_LYSB_20CM",2025,7,21,"13:28","EDT",10.3753497577288,1.16069650272909,11.1870590373541,"Within_Range","High CV",NA,1,20250813,"",NA
"COMPASS: Synoptic","CB","SWH","WC","B",45,"SWH_202507_WC_LYSB_45CM",2025,7,21,"13:31","EDT",0,0,0,"bdl","Within range",NA,1,20250813,"",NA
"COMPASS: Synoptic","CB","SWH","WC","C",10,"SWH_202507_WC_LYSC_10CM",2025,7,21,"13:35","EDT",3.079915375691,0.128966278081011,4.18733186953476,"Within_Range","Within range",NA,1,20250813,"",NA
"COMPASS: Synoptic","CB","SWH","WC","C",20,"SWH_202507_WC_LYSC_20CM",2025,7,21,"13:37","EDT",16.39408312291,1.05168817082705,6.41504720295926,"Within_Range","Within range",NA,1,20250813,"",NA
"COMPASS: Synoptic","CB","GCW","TR","C",20,"GCW_202507_TR_LYSC_20CM",2025,7,16,"13:13","EDT",0,0,0,"bdl","Within range",NA,1,20250812,"",NA
"COMPASS: Synoptic","CB","SWH","WC","C",45,"SWH_202507_WC_LYSC_45CM",2025,7,21,"13:39","EDT",3.39909062990516,0.193449417121516,5.69121092034295,"Within_Range","Within range",NA,1,20250813,"",NA
"COMPASS: Synoptic","CB","SWH","SW","A",0,"SWH_202507_SW_A",2025,7,21,"12:00","EDT",0,0,0,"bdl","Within range",NA,1,20250813,"",NA
"COMPASS: Synoptic","CB","SWH","SW","B",0,"SWH_202507_SW_B",2025,7,21,"12:00","EDT",0,0,0,"bdl","Within range",NA,1,20250813,"",NA
"COMPASS: Synoptic","CB","SWH","SW","C",0,"SWH_202507_SW_C",2025,7,21,"12:00","EDT",0,0,0,"bdl","Within range","MC 10 out of range",1,20250813,"",NA
"COMPASS: Synoptic","CB","GCW","TR","C",45,"GCW_202507_TR_LYSC_45CM",2025,7,16,"13:15","EDT",0,0,0,"bdl","Within range",NA,1,20250812,"",NA
"COMPASS: Synoptic","CB","GCW","WC","A",10,"GCW_202507_WC_LYSA_10CM",2025,7,16,"10:10","EDT",2537.70150848259,70.2433495857413,2.76799100882999,"Within_Range","Within range","MC 10 out of range",50,20250813,"",NA
"COMPASS: Synoptic","CB","GCW","WC","A",20,"GCW_202507_WC_LYSA_20CM",2025,7,16,"10:16","EDT",3848.4257135956,253.615261339461,6.59010411565168,"Within_Range","Within range","MC 10 out of range",50,20250813,"",NA
"COMPASS: Synoptic","CB","GCW","WC","A",45,"GCW_202507_WC_LYSA_45CM",2025,7,16,"10:22","EDT",7194.62340561689,367.194876843545,5.10374005895671,"Within_Range","Within range",NA,250,20250813,"",NA
"COMPASS: Synoptic","CB","GCW","WC","B",10,"GCW_202507_WC_LYSB_10CM",2025,7,16,"10:30","EDT",2711.54492937127,169.754761498874,6.26044435628201,"Within_Range","Within range","MC 10 out of range",50,20250813,"",NA
"COMPASS: Synoptic","CB","GCW","WC","B",20,"GCW_202507_WC_LYSB_20CM",2025,7,16,"10:35","EDT",2585.30149277354,166.827955266135,6.45294004325817,"Within_Range","Within range","MC 10 out of range",50,20250813,"",NA
"COMPASS: Synoptic","CB","GCW","WC","B",45,"GCW_202507_WC_LYSB_45CM",2025,7,16,"10:44","EDT",5685.66629024522,124.349442878885,2.18706896484988,"Within_Range","Within range",NA,250,20250813,"",NA
"COMPASS: Synoptic","CB","GCW","WC","C",10,"GCW_202507_WC_LYSC_10CM",2025,7,16,"10:53","EDT",1169.89476549305,58.9242550934719,5.0367141414329,"Within_Range","Within range",NA,25,20250812,"",NA
"COMPASS: Synoptic","CB","GCW","UP","B",10,"GCW_202507_UP_LYSB_10CM",2025,7,16,"10:40","EDT",0,0,0,"bdl","Within range",NA,1,20250812,"",NA
"COMPASS: Synoptic","CB","GCW","WC","C",20,"GCW_202507_WC_LYSC_20CM",2025,7,16,"10:59","EDT",1411.50693548341,110.053916569475,7.79690937414943,"Within_Range","Within range",NA,25,20250812,"",NA
"COMPASS: Synoptic","CB","GCW","WC","C",45,"GCW_202507_WC_LYSC_45CM",2025,7,16,"11:01","EDT",1745.76180869092,46.8680525165342,2.68467624181094,"Within_Range","Within range",NA,25,20250812,"",NA
"COMPASS: Synoptic","CB","GCW","SW","A",0,"GCW_202507_SW_A",2025,7,16,"10:30","EDT",0,0,0,"bdl","Within range",NA,1,20250812,"",NA
"COMPASS: Synoptic","CB","GCW","SW","B",0,"GCW_202507_SW_B",2025,7,16,"10:54","EDT",0,0,0,"bdl","Within range",NA,1,20250812,"",NA
"COMPASS: Synoptic","CB","GCW","SW","C",0,"GCW_202507_SW_C",2025,7,16,"10:35","EDT",0,0,0,"bdl","Within range",NA,1,20250812,"",NA
"COMPASS: Synoptic","CB","MSM","UP","A",10,"MSM_202507_UP_LYSA_10CM",2025,7,15,"","",0,0,0,"bdl","Within range",NA,1,20250812,"",NA
"COMPASS: Synoptic","CB","MSM","UP","A",20,"MSM_202507_UP_LYSA_20CM",2025,7,15,"","",0,0,0,"bdl","Within range",NA,1,20250812,"",NA
"COMPASS: Synoptic","CB","MSM","UP","A",45,"MSM_202507_UP_LYSA_45CM",2025,7,15,"13:42","EDT",0,0,0,"bdl","Within range",NA,1,20250812,"",NA
"COMPASS: Synoptic","CB","MSM","UP","B",10,"MSM_202507_UP_LYSB_10CM",2025,7,15,"13:38","EDT",0,0,0,"bdl","Within range",NA,1,20250812,"",NA
"COMPASS: Synoptic","CB","MSM","UP","B",20,"MSM_202507_UP_LYSB_20CM",2025,7,15,"13:40","EDT",0,0,0,"bdl","Within range",NA,1,20250812,"",NA
"COMPASS: Synoptic","CB","GCW","UP","B",20,"GCW_202507_UP_LYSB_20CM",2025,7,16,"13:43","EDT",0,0,0,"bdl","Within range",NA,1,20250812,"",NA
"COMPASS: Synoptic","CB","MSM","UP","B",45,"MSM_202507_UP_LYSB_45CM",2025,7,15,"","",0,0,0,"bdl","Within range",NA,1,20250812,"",NA
"COMPASS: Synoptic","CB","MSM","UP","C",10,"MSM_202507_UP_LYSC_10CM",2025,7,15,"","",3.00914337116369,0,0,"Within_Range","Within range",NA,1,20250812,"",NA
"COMPASS: Synoptic","CB","MSM","UP","C",20,"MSM_202507_UP_LYSC_20CM",2025,7,15,"","",0,0,0,"bdl","Within range",NA,1,20250812,"",NA
"COMPASS: Synoptic","CB","MSM","UP","C",45,"MSM_202507_UP_LYSC_45CM",2025,7,15,"","",7.75171798736226,0.878377765904866,11.3313947609665,"Within_Range","High CV","Std curve r2 low",1,20250812,"",NA
"COMPASS: Synoptic","CB","MSM","TR","A",10,"MSM_202507_TR_LYSA_10CM",2025,7,15,"12:14","EDT",0,0,0,"bdl","Within range","Std curve r2 low",1,20250812,"dic duplicate",NA
"COMPASS: Synoptic","CB","MSM","TR","A",20,"MSM_202507_TR_LYSA_20CM",2025,7,15,"12:16","EDT",9.39321472768,1.06660157288448,11.355021723728,"Within_Range","High CV","Std curve r2 low",1,20250812,"",NA
"COMPASS: Synoptic","CB","MSM","TR","A",45,"MSM_202507_TR_LYSA_45CM",2025,7,15,"12:18","EDT",0,0,0,"bdl","Within range","Std curve r2 low",1,20250812,"",NA
"COMPASS: Synoptic","CB","MSM","TR","B",10,"MSM_202507_TR_LYSB_10CM",2025,7,15,"12:20","EDT",0.742083258437849,0.376447613959228,50.7284876297686,"Within_Range","High CV","Std curve r2 low",1,20250812,"",NA
"COMPASS: Synoptic","CB","MSM","TR","B",20,"MSM_202507_TR_LYSB_20CM",2025,7,15,"12:22","EDT",8.93477870110477,0.519907737964088,5.81892126662076,"Within_Range","Within range","Std curve r2 low",1,20250812,"",NA
"COMPASS: Synoptic","CB","MSM","TR","B",45,"MSM_202507_TR_LYSB_45CM",2025,7,15,"12:23","EDT",6.95315200558606,0.12548253798641,1.80468567184493,"Within_Range","Within range","Std curve r2 low",1,20250812,"",NA
"COMPASS: Synoptic","CB","MSM","TR","C",20,"MSM_202507_TR_LYSC_20CM",2025,7,15,"12:26","EDT",24.6103331581931,0.376447613959231,1.52963233589508,"Within_Range","Within range","Std curve r2 low",1,20250812,"",NA
"COMPASS: Synoptic","CB","MSM","TR","C",45,"MSM_202507_TR_LYSC_45CM",2025,7,15,"12:27","EDT",0.209705937253717,0.12548253798641,59.8373797278768,"Within_Range","High CV","Std curve r2 low",1,20250812,"",NA
"COMPASS: Synoptic","CB","MSM","WC","A",10,"MSM_202507_WC_LYSA_10CM",2025,7,15,"11:30","EDT",2262.67037284128,20.1277928519122,0.889559216998864,"Within_Range","Within range","Std curve r2 low",25,20250812,"",NA
"COMPASS: Synoptic","CB","MSM","WC","A",20,"MSM_202507_WC_LYSA_20CM",2025,7,15,"11:32","EDT",1165.73194651993,50.8880291317288,4.36532852030395,"Within_Range","Within range",NA,50,20250813,"",NA
"COMPASS: Synoptic","CB","MSM","WC","A",45,"MSM_202507_WC_LYSA_45CM",2025,7,15,"11:35","EDT",1.37422037913151,0.526825121893058,38.3362908812345,"Within_Range","High CV","MC 10 out of range",1,20250813,"",NA
"COMPASS: Synoptic","CB","MSM","WC","B",10,"MSM_202507_WC_LYSB_10CM",2025,7,15,"11:17","EDT",1180.16981976688,74.413014191479,6.30528021858565,"Within_Range","Within range","Std curve r2 low",25,20250812,"",NA
"COMPASS: Synoptic","CB","MSM","WC","B",20,"MSM_202507_WC_LYSB_20CM",2025,7,15,"11:22","EDT",1274.07526392019,81.7745255917051,6.41834339834005,"Within_Range","Within range","Std curve r2 low",25,20250812,"",NA
"COMPASS: Synoptic","CB","MSM","WC","C",10,"MSM_202507_WC_LYSC_10CM",2025,7,15,"11:07","EDT",1793.88256502081,173.141084500785,9.65175133963001,"Within_Range","Within range","Std curve r2 low",25,20250812,"dic duplicate",NA
"COMPASS: Synoptic","CB","MSM","WC","C",20,"MSM_202507_WC_LYSC_20CM",2025,7,15,"11:11","EDT",1443.40082857459,16.3508931214406,1.13280336256892,"Within_Range","Within range","Std curve r2 low",25,20250812,"",NA
"COMPASS: Synoptic","CB","MSM","SW","A",0,"MSM_202507_SW_A",2025,7,15,"10:15","EDT",0,0,0,"bdl","Within range","Std curve r2 low; Chk Std 0 out of range; MC 10 out of range",1,20250812,"",NA
"COMPASS: Synoptic","CB","GCW","TR","A",20,"GCW_202507_TR_LYSA_20CM",2025,7,16,"12:56","EDT",0,0,0,"bdl","Within range",NA,1,20250812,"",NA
"COMPASS: Synoptic","CB","MSM","SW","B",0,"MSM_202507_SW_B",2025,7,15,"10:15","EDT",0,0,0,"bdl","Within range","Std curve r2 low; Chk Std 0 out of range; MC 10 out of range",1,20250812,"",NA
"COMPASS: Synoptic","CB","MSM","SW","C",0,"MSM_202507_SW_C",2025,7,15,"10:15","EDT",0,0,0,"bdl","Within range","Std curve r2 low; Chk Std 0 out of range; MC 10 out of range",1,20250812,"",NA
"COMPASS: Synoptic","CB","GWI","UP","A",20,"GWI_202507_UP_LYSA_20CM",2025,7,23,"12:42","EDT",0,0,0,"bdl","Within range","Std curve r2 low; Chk Std 0 out of range; MC 10 out of range",1,20250812,"",NA
"COMPASS: Synoptic","CB","GWI","UP","A",45,"GWI_202507_UP_LYSA_45CM",2025,7,23,"12:44","EDT",0,0,0,"bdl","Within range","Std curve r2 low; Chk Std 0 out of range; MC 10 out of range",1,20250812,"",NA
"COMPASS: Synoptic","CB","GWI","UP","B",10,"GWI_202507_UP_LYSB_10CM",2025,7,23,"12:46","EDT",0,0,0,"bdl","Within range","Std curve r2 low; Chk Std 0 out of range; MC 10 out of range",1,20250812,"",NA
"COMPASS: Synoptic","CB","GWI","UP","B",20,"GWI_202507_UP_LYSB_20CM",2025,7,23,"12:48","EDT",0,0,0,"bdl","Within range","Std curve r2 low; Chk Std 0 out of range; MC 10 out of range",1,20250812,"",NA
"COMPASS: Synoptic","CB","GWI","UP","B",45,"GWI_202507_UP_LYSB_45CM",2025,7,23,"12:50","EDT",0,0,0,"bdl","Within range","Std curve r2 low; Chk Std 0 out of range; MC 10 out of range",1,20250812,"",NA
"COMPASS: Synoptic","CB","GWI","UP","C",20,"GWI_202507_UP_LYSC_20CM",2025,7,23,"12:52","EDT",0,0,0,"bdl","Within range","Std curve r2 low; Chk Std 0 out of range; MC 10 out of range",1,20250812,"",NA
"COMPASS: Synoptic","CB","GWI","UP","C",45,"GWI_202507_UP_LYSC_45CM",2025,7,23,"12:54","EDT",0,0,0,"bdl","Within range","Std curve r2 low; Chk Std 0 out of range; MC 10 out of range",1,20250812,"",NA
"COMPASS: Synoptic","CB","GWI","TR","A",10,"GWI_202507_TR_LYSA_10CM",2025,7,23,"11:44","EDT",0.417668794440309,0.507604672886819,121.532822093407,"Within_Range","High CV","Std curve r2 low; Chk Std 0 out of range; MC 10 out of range",1,20250812,"",NA
"COMPASS: Synoptic","CB","GCW","TR","A",45,"GCW_202507_TR_LYSA_45CM",2025,7,16,"12:59","EDT",0,0,0,"bdl","Within range",NA,1,20250812,"",NA
"COMPASS: Synoptic","CB","GWI","TR","A",20,"GWI_202507_TR_LYSA_20CM",2025,7,23,"11:45","EDT",0,0,0,"bdl","Within range","Std curve r2 low; Chk Std 0 out of range; MC 10 out of range",1,20250812,"",NA
"COMPASS: Synoptic","CB","GWI","TR","B",10,"GWI_202507_TR_LYSB_10CM",2025,7,23,"11:50","EDT",0,0,0,"bdl","Within range","Std curve r2 low; Chk Std 0 out of range; MC 10 out of range",1,20250812,"",NA
"COMPASS: Synoptic","CB","GWI","TR","B",20,"GWI_202507_TR_LYSB_20CM",2025,7,23,"11:51","EDT",48.4545616623202,3.64974172464787,7.53229747507141,"Within_Range","Within range","Std curve r2 low; Chk Std 0 out of range; MC 10 out of range",1,20250812,"",NA
"COMPASS: Synoptic","CB","GWI","TR","B",45,"GWI_202507_TR_LYSB_45CM",2025,7,23,"11:52","EDT",1.49446091352106,0,0,"Within_Range","Within range","Std curve r2 low; Chk Std 0 out of range; MC 10 out of range",1,20250812,"",NA
"COMPASS: Synoptic","CB","GWI","TR","C",10,"GWI_202507_TR_LYSC_10CM",2025,7,23,"11:56","EDT",0,0,0,"bdl","Within range","Std curve r2 low; Chk Std 0 out of range; MC 10 out of range",1,20250812,"",NA
"COMPASS: Synoptic","CB","GWI","WC","A",10,"GWI_202507_WC_LYSA_10CM",2025,7,23,"10:58","EDT",0,0,0,"bdl","Within range","Std curve r2 low; Chk Std 3 out of range",1,20250812,"",NA
"COMPASS: Synoptic","CB","GWI","WC","B",10,"GWI_202507_WC_LYSB_10CM",2025,7,23,"10:52","EDT",0,0,0,"bdl","Within range","Std curve r2 low; Chk Std 3 out of range",1,20250812,"",NA
"COMPASS: Synoptic","CB","GWI","WC","B",20,"GWI_202507_WC_LYSB_20CM",2025,7,23,"10:53","EDT",0,0,0,"bdl","Within range","Std curve r2 low; Chk Std 3 out of range",1,20250812,"",NA
"COMPASS: Synoptic","CB","GWI","WC","B",45,"GWI_202507_WC_LYSB_45CM",2025,7,23,"10:54","EDT",0,0,0,"bdl","Within range","Std curve r2 low; Chk Std 3 out of range",1,20250812,"",NA
"COMPASS: Synoptic","CB","GWI","WC","C",10,"GWI_202507_WC_LYSC_10CM",2025,7,23,"10:48","EDT",0,0,0,"bdl","Within range","Std curve r2 low; Chk Std 3 out of range",1,20250812,"",NA
"COMPASS: Synoptic","CB","GCW","TR","B",10,"GCW_202507_TR_LYSB_10CM",2025,7,16,"13:01","EDT",0,0,0,"bdl","Within range",NA,1,20250812,"",NA
"COMPASS: Synoptic","CB","GWI","TR","C",20,"GWI_202507_TR_LYSC_20CM",2025,7,23,"11:58","EDT",0,0,0,"bdl","Within range","Std curve r2 low; Chk Std 3 out of range",1,20250812,"",NA
"COMPASS: Synoptic","CB","GWI","WC","A",45,"GWI_202507_WC_LYSA_45CM",2025,7,23,"10:00","EDT",0,0,0,"bdl","Within range","Std curve r2 low; Chk Std 3 out of range",1,20250812,"",NA
"COMPASS: Synoptic","CB","GWI","SW","A",0,"GWI_202507_SW_A",2025,7,23,"10:00","EDT",0,0,0,"bdl","Within range","Std curve r2 low; Chk Std 3 out of range",1,20250812,"",NA
"COMPASS: Synoptic","CB","GWI","SW","B",0,"GWI_202507_SW_B",2025,7,23,"10:00","EDT",0,0,0,"bdl","Within range","Std curve r2 low; Chk Std 3 out of range",1,20250812,"",NA
"COMPASS: Synoptic","CB","GWI","SW","C",0,"GWI_202507_SW_C",2025,7,23,"10:00","EDT",0,0,0,"bdl","Within range","Std curve r2 low; Chk Std 3 out of range",1,20250812,"",NA
"COMPASS: Synoptic","CB","SWH","UP","A",10,"SWH_202507_UP_LYSA_10CM",2025,7,21,"15:21","EDT",0,0,0,"bdl","Within range","Std curve r2 low; Chk Std 3 out of range",1,20250812,"",NA
"COMPASS: Synoptic","CB","SWH","UP","A",20,"SWH_202507_UP_LYSA_20CM",2025,7,21,"12:23","EDT",0,0,0,"bdl","Within range","Std curve r2 low; Chk Std 3 out of range",1,20250812,"",NA
"COMPASS: Synoptic","CB","SWH","UP","A",45,"SWH_202507_UP_LYSA_45CM",2025,7,21,"15:25","EDT",3.95649400757983,0.0678770503630764,1.71558582505213,"Within_Range","Within range","Std curve r2 low; Chk Std 3 out of range",1,20250812,"",NA
"COMPASS: Synoptic","CB","SWH","UP","B",10,"SWH_202507_UP_LYSB_10CM",2025,7,21,"15:26","EDT",0,0,0,"bdl","Within range","Std curve r2 low; Chk Std 3 out of range",1,20250812,"",NA
"COMPASS: Synoptic","CB","SWH","UP","B",20,"SWH_202507_UP_LYSB_20CM",2025,7,21,"15:28","EDT",0,0,0,"bdl","Within range","Std curve r2 low; Chk Std 3 out of range",1,20250812,"",NA
"COMPASS: Synoptic","CB","GCW","TR","B",20,"GCW_202507_TR_LYSB_20CM",2025,7,16,"13:04","EDT",4.94410788090886,0.828076261884263,16.748749862069,"Within_Range","High CV",NA,1,20250812,"",NA
"COMPASS: Synoptic","CB","SWH","UP","B",45,"SWH_202507_UP_LYSB_45CM",2025,7,21,"15:29","EDT",13.3157769143209,1.22178690653537,9.17548344641734,"Within_Range","Within range","Std curve r2 low; Chk Std 3 out of range",1,20250812,"",NA
"COMPASS: Synoptic","CB","SWH","UP","C",10,"SWH_202507_UP_LYSC_10CM",2025,7,21,"15:31","EDT",0,0,0,"bdl","Within range","Chk Std 4 out of range",1,20250813,"",NA
"COMPASS: Synoptic","CB","SWH","UP","C",20,"SWH_202507_UP_LYSC_20CM",2025,7,21,"15:33","EDT",0,0,0,"bdl","Within range","Chk Std 4 out of range",1,20250813,"",NA
"COMPASS: Synoptic","CB","SWH","UP","C",45,"SWH_202507_UP_LYSC_45CM",2025,7,21,"15:35","EDT",16.2807402630557,0.866965278569944,5.32509741302898,"Within_Range","Within range","Chk Std 4 out of range",1,20250813,"",NA
"COMPASS: Synoptic","CB","SWH","SWAMP","A",10,"SWH_202507_SWAMP_LYSA_10CM",2025,7,21,"","",19.3459254007061,0.899692388432421,4.65055235041681,"Within_Range","Within range","Chk Std 4 out of range",1,20250813,"",NA
"COMPASS: Synoptic","CB","SWH","SWAMP","A",20,"SWH_202507_SWAMP_LYSA_20CM",2025,7,21,"","",25.0361665280367,0.536288630528483,2.14205569342224,"Within_Range","Within range","Chk Std 4 out of range",1,20250813,"dic duplicate",NA
"COMPASS: Synoptic","CB","SWH","SWAMP","A",45,"SWH_202507_SWAMP_LYSA_45CM",2025,7,21,"15:57","EDT",4.09859420316283,0.0544518604411855,1.32854968660147,"Within_Range","Within range","Chk Std 4 out of range",1,20250813,"",NA
"COMPASS: Synoptic","CB","SWH","SWAMP","B",10,"SWH_202507_SWAMP_LYSB_10CM",2025,7,21,"","",5.04172809167066,0.108903720882372,2.16004748574778,"Within_Range","Within range","Chk Std 4 out of range",1,20250813,"",NA
"COMPASS: Synoptic","CB","SWH","SWAMP","B",20,"SWH_202507_SWAMP_LYSB_20CM",2025,7,21,"","",11.989481070345,0,0,"Within_Range","Within range","Chk Std 4 out of range",1,20250813,"",NA
"COMPASS: Synoptic","CB","SWH","SWAMP","B",45,"SWH_202507_SWAMP_LYSB_45CM",2025,7,21,"","",9.49017626579926,1.00034455219609,10.5408427006897,"Within_Range","High CV","Chk Std 4 out of range",1,20250813,"",NA
"COMPASS: Synoptic","CB","GCW","TR","B",45,"GCW_202507_TR_LYSB_45CM",2025,7,16,"13:07","EDT",0,0,0,"bdl","Within range",NA,1,20250812,"",NA
"COMPASS: Synoptic","CB","SWH","SWAMP","C",10,"SWH_202507_SWAMP_LYSC_10CM",2025,7,21,"","",10.2446833766055,0.866965278569942,8.46258734115414,"Within_Range","Within range","Chk Std 4 out of range",1,20250813,"",NA
"COMPASS: Synoptic","CB","SWH","SWAMP","C",20,"SWH_202507_SWAMP_LYSC_20CM",2025,7,21,"","",18.7171694750342,0.762326046176599,4.07287035143547,"Within_Range","Within range","Chk Std 4 out of range",1,20250813,"",NA
"COMPASS: Synoptic","CB","SWH","SWAMP","C",45,"SWH_202507_SWAMP_LYSC_45CM",2025,7,21,"","",23.464276713857,1.74245953411794,7.42600999539404,"Within_Range","Within range","Chk Std 4 out of range",1,20250813,"",NA
"COMPASS: Synoptic","CB","SWH","TR","A",10,"SWH_202507_TR_LYSA_10CM",2025,7,21,"12:45","EDT",4.20862649015541,0.333448184065361,7.92296928333614,"Within_Range","Within range","Chk Std 4 out of range",1,20250813,"",NA
"COMPASS: Synoptic","CB","SWH","TR","A",20,"SWH_202507_TR_LYSA_20CM",2025,7,21,"12:47","EDT",3.0988574911223,0.126452481792445,4.080616232102,"Within_Range","Within range","MC 10 out of range",1,20250813,"",NA
"COMPASS: Synoptic","CB","SWH","TR","A",45,"SWH_202507_TR_LYSA_45CM",2025,7,21,"12:43","EDT",246.68574553006,11.6706864422877,4.73099344155885,"Within_Range","Within range","Chk Std 4 out of range",25,20250813,"",NA
"COMPASS: Synoptic","CB","SWH","TR","B",10,"SWH_202507_TR_LYSB_10CM",2025,7,21,"12:51","EDT",2.46382879641592,0.133379273626145,5.4134960115804,"Within_Range","Within range","Chk Std 4 out of range",1,20250813,"",NA
"COMPASS: Synoptic","CB","SWH","TR","B",20,"SWH_202507_TR_LYSB_20CM",2025,7,21,"12:53","EDT",3.5679587855838,0,0,"Within_Range","Within range","MC 10 out of range",1,20250813,"",NA
"COMPASS: Synoptic","CB","SWH","TR","B",45,"SWH_202507_TR_LYSB_45CM",2025,7,21,"12:55","EDT",181.869753634068,0,0,"Within_Range","Within range",NA,25,20250813,"",NA
"COMPASS: Synoptic","CB","SWH","TR","C",10,"SWH_202507_TR_LYSC_10CM",2025,7,21,"13:00","EDT",0,0,0,"bdl","Within range",NA,1,20250813,"",NA
"COMPASS: Synoptic","CB","GCW","TR","B",45,"GCW_202509_TR_LYSB_45CM",2025,9,9,"13:10","EDT",0,0,0,"bdl","Within range",NA,1,20250925,"",NA
"COMPASS: Synoptic","CB","GCW","TR","C",10,"GCW_202509_TR_LYSC_10CM",2025,9,9,"13:13","EDT",0,0,0,"bdl","Within range",NA,1,20250925,"",NA
"COMPASS: Synoptic","CB","SWH","TR","C",10,"SWH_202509_TR_LYSC_10CM",2025,9,16,"15:10","EDT",0.229761043872553,0.397957801587324,173.205080756888,"Within_Range","High CV","MC 20 out of range",1,20250925,"",NA
"COMPASS: Synoptic","CB","SWH","WC","C",10,"SWH_202509_WC_LYSC_10CM",2025,9,16,"13:11","EDT",25.4171257591823,2.13868870289056,8.41436094369532,"Within_Range","Within range","MC 20 out of range",1,20250925,"",NA
"COMPASS: Synoptic","CB","SWH","WC","B",45,"SWH_202509_WC_LYSB_45CM",2025,9,16,"13:20","EDT",1.54760494183065,0.173407192126262,11.2048745412469,"Within_Range","High CV","MC 20 out of range",1,20250925,"",NA
"COMPASS: Synoptic","CB","SWH","WC","B",20,"SWH_202509_WC_LYSB_20CM",2025,9,16,"13:20","EDT",11.6703526400568,1.03507724203508,8.86928847790194,"Within_Range","Within range","MC 20 out of range",1,20250925,"",NA
"COMPASS: Synoptic","CB","SWH","WC","B",10,"SWH_202509_WC_LYSB_10CM",2025,9,16,"13:20","EDT",29.2182652044112,0.115604794750841,0.395659338232673,"Within_Range","Within range","MC 20 out of range",1,20250925,"",NA
"COMPASS: Synoptic","CB","SWH","WC","A",45,"SWH_202509_WC_LYSA_45CM",2025,9,16,"13:28","EDT",13.5232378176595,0.693628768505047,5.12916194965724,"Within_Range","Within range","MC 20 out of range",1,20250925,"",NA
"COMPASS: Synoptic","CB","SWH","SW","C",0,"SWH_202509_SW_C",2025,9,16,"13:05","EDT",0,0,0,"bdl","Within range","MC 20 out of range",1,20250925,"",NA
"COMPASS: Synoptic","CB","SWH","SW","B",0,"SWH_202509_SW_B",2025,9,16,"13:00","EDT",0,0,0,"bdl","Within range","MC 20 out of range",1,20250925,"",NA
"COMPASS: Synoptic","CB","SWH","SW","A",0,"SWH_202509_SW_A",2025,9,16,"12:57","EDT",0,0,0,"bdl","Within range","MC 20 out of range",1,20250925,"",NA
"COMPASS: Synoptic","CB","SWH","WC","C",45,"SWH_202509_WC_LYSC_45CM",NA,NA,NA,NA,NA,12.6785401631641,1.02208412561794,8.0615284761843,"Within_Range","Within range","MC 20 out of range",1,20250925,NA,NA
"COMPASS: Synoptic","CB","GCW","WC","C",10,"GCW_202509_WC_LYSC_10CM",2025,9,9,"10:43","EDT",3045.19833266452,160.217550158108,5.2613174136976,"Within_Range","Within range",NA,50,20250925,"",NA
"COMPASS: Synoptic","CB","SWH","WC","C",20,"SWH_202509_WC_LYSC_20CM",2025,9,16,"13:11","EDT",18.48243049889,1.29336227817315,6.99779327318895,"Within_Range","Within range","MC 20 out of range",1,20250925,"",NA
"COMPASS: Synoptic","CB","GCW","WC","B",45,"GCW_202509_WC_LYSB_45CM",2025,9,9,"10:32","EDT",5197.45604526369,523.451956112715,10.0713108789005,"adl","High CV",NA,50,20250925,"",NA
"COMPASS: Synoptic","CB","GCW","WC","B",20,"GCW_202509_WC_LYSB_20CM",2025,9,9,"10:32","EDT",4284.82742956211,252.244644769047,5.88692657792347,"Within_Range","Within range",NA,50,20250925,"",NA
"COMPASS: Synoptic","CB","GCW","WC","B",10,"GCW_202509_WC_LYSB_10CM",2025,9,9,"10:32","EDT",4275.9092346204,50.4489289538104,1.17984096915212,"Within_Range","Within range",NA,50,20250925,"",NA
"COMPASS: Synoptic","CB","GCW","WC","A",45,"GCW_202509_WC_LYSA_45CM",2025,9,9,"10:22","EDT",4912.073807129,309.909947532694,6.30914680237326,"adl","Within range",NA,50,20250925,"",NA
"COMPASS: Synoptic","CB","GCW","SW","C",0,"GCW_202509_SW_C",2025,9,9,"9:45","EDT",0,0,0,"bdl","Within range",NA,1,20250925,"",NA
"COMPASS: Synoptic","CB","GCW","SW","B",0,"GCW_202509_SW_B",2025,9,9,"9:45","EDT",0,0,0,"bdl","Within range",NA,1,20250925,"",NA
"COMPASS: Synoptic","CB","GCW","SW","A",0,"GCW_202509_SW_A",2025,9,9,"9:45","EDT",0,0,0,"bdl","Within range",NA,1,20250925,"",NA
"COMPASS: Synoptic","CB","GCW","WC","C",45,"GCW_202509_WC_LYSC_45CM",2025,9,9,"10:43","EDT",2070.3902618947,338.603193257749,16.3545588235079,"Within_Range","High CV","MC 10 out of range",50,20250925,"",NA
"COMPASS: Synoptic","CB","GCW","TR","B",20,"GCW_202509_TR_LYSB_20CM",2025,9,9,"13:09","EDT",0,0,0,"bdl","Within range",NA,1,20250925,"",NA
"COMPASS: Synoptic","CB","GCW","WC","C",20,"GCW_202509_WC_LYSC_20CM",2025,9,9,"10:43","EDT",1850.36630885012,128.864597940873,6.96427498298723,"Within_Range","Within range","MC 10 out of range",50,20250925,"",NA
"COMPASS: Synoptic","CB","MSM","UP","B",45,"MSM_202509_UP_LYSB_45CM",2025,9,11,"14:10","EDT",0,0,0,"bdl","Within range",NA,1,20250925,"",NA
"COMPASS: Synoptic","CB","MSM","UP","B",20,"MSM_202509_UP_LYSB_20CM",2025,9,11,"14:09","EDT",0,0,0,"bdl","Within range",NA,1,20250925,"",NA
"COMPASS: Synoptic","CB","MSM","UP","B",10,"MSM_202509_UP_LYSB_10CM",2025,9,11,"14:07","EDT",0,0,0,"bdl","Within range",NA,1,20250925,"",NA
"COMPASS: Synoptic","CB","MSM","UP","A",45,"MSM_202509_UP_LYSA_45CM",2025,9,11,"14:15","EDT",0,0,0,"bdl","Within range",NA,1,20250925,"",NA
"COMPASS: Synoptic","CB","MSM","UP","A",20,"MSM_202509_UP_LYSA_20CM",2025,9,11,"14:14","EDT",0,0,0,"bdl","Within range",NA,1,20250925,"",NA
"COMPASS: Synoptic","CB","MSM","TR","A",20,"MSM_202509_TR_LYSA_20CM",2025,9,11,"12:25","EDT",4.71744966164493,0.146494076036709,3.10536596135354,"Within_Range","Within range",NA,1,20250925,"",NA
"COMPASS: Synoptic","CB","MSM","TR","A",10,"MSM_202509_TR_LYSA_10CM",2025,9,11,"12:23","EDT",0.869132723976117,0.0598059561050697,6.88110739076407,"Within_Range","Within range",NA,1,20250925,"",NA
"COMPASS: Synoptic","CB","MSM","UP","C",45,"MSM_202509_UP_LYSC_45CM",2025,9,11,"13:59","EDT",4.42142528182425,0.0598059561050683,1.35263975512423,"Within_Range","Within range",NA,1,20250925,"cloudy; leak or crack??",NA
"COMPASS: Synoptic","CB","MSM","UP","C",20,"MSM_202509_UP_LYSC_20CM",2025,9,11,"13:57","EDT",0,0,0,"bdl","Within range",NA,1,20250925,"",NA
"COMPASS: Synoptic","CB","GCW","TR","B",10,"GCW_202509_TR_LYSB_10CM",2025,9,9,"12:09","EDT",0,0,0,"bdl","Within range",NA,1,20250925,"",NA
"COMPASS: Synoptic","CB","MSM","UP","C",10,"MSM_202509_UP_LYSC_10CM",2025,9,11,"13:55","EDT",0,0,0,"bdl","Within range",NA,1,20250925,"",NA
"COMPASS: Synoptic","CB","MSM","TR","C",20,"MSM_202509_TR_LYSC_20CM",2025,9,11,"12:42","EDT",21.7740924989316,0.176063967567358,0.808593825786297,"Within_Range","Within range",NA,1,20250925,"",NA
"COMPASS: Synoptic","CB","MSM","TR","B",45,"MSM_202509_TR_LYSB_45CM",2025,9,11,"12:40","EDT",12.4704691331389,0.41721531144149,3.34562643142901,"Within_Range","Within range",NA,1,20250925,"",NA
"COMPASS: Synoptic","CB","MSM","TR","B",20,"MSM_202509_TR_LYSB_20CM",2025,9,11,"12:35","EDT",11.1454076234654,0.775173787474638,6.95509588938316,"Within_Range","Within range",NA,1,20250925,"",NA
"COMPASS: Synoptic","CB","MSM","TR","B",10,"MSM_202509_TR_LYSB_10CM",2025,9,11,"12:32","EDT",4.71744966164493,0.507470365406876,10.7573032423186,"Within_Range","High CV",NA,1,20250925,"",NA
"COMPASS: Synoptic","CB","MSM","TR","A",45,"MSM_202509_TR_LYSA_45CM",2025,9,11,"12:30","EDT",0,0,0,"bdl","Within range",NA,1,20250925,"",NA
"COMPASS: Synoptic","CB","MSM","WC","B",10,"MSM_202509_WC_LYSB_10CM",2025,9,11,"11:09","EDT",2504.51159685809,347.311732384892,13.8674435694606,"Within_Range","High CV","MC 10 out of range",50,20250925,"",NA
"COMPASS: Synoptic","CB","MSM","WC","A",45,"MSM_202509_WC_LYSA_45CM",2025,9,11,"11:21","EDT",1.79949506055539,0.0598059561050697,3.32348542744048,"Within_Range","Within range",NA,1,20250925,"debris in water; leak?",NA
"COMPASS: Synoptic","CB","MSM","WC","A",20,"MSM_202509_WC_LYSA_20CM",2025,9,11,"11:17","EDT",1061.39152773064,44.0025456383469,4.14574117926386,"Within_Range","Within range","MC 10 out of range",50,20250925,"",NA
"COMPASS: Synoptic","CB","MSM","WC","A",10,"MSM_202509_WC_LYSA_10CM",2025,9,11,"11:15","EDT",719.132045216837,56.5747015350174,7.86708114473728,"Within_Range","Within range","MC 10 out of range",50,20250925,"",NA
"COMPASS: Synoptic","CB","GCW","TR","A",45,"GCW_202509_TR_LYSA_45CM",2025,9,9,"12:56","EDT",0,0,0,"bdl","Within range",NA,1,20250925,"",NA
"COMPASS: Synoptic","CB","MSM","TR","C",45,"MSM_202509_TR_LYSC_45CM",2025,9,11,"12:43","EDT",0,0,0,"bdl","Within range",NA,1,20250925,"",NA
"COMPASS: Synoptic","CB","MSM","SW","B",0,"MSM_202509_SW_B",2025,9,11,"10:30","EDT",0,0,0,"bdl","Within range",NA,1,20250925,"",NA
"COMPASS: Synoptic","CB","MSM","SW","A",0,"MSM_202509_SW_A",2025,9,11,"10:30","EDT",0,0,0,"bdl","Within range",NA,1,20250925,"",NA
"COMPASS: Synoptic","CB","MSM","WC","C",20,"MSM_202509_WC_LYSC_20CM",2025,9,11,"11:23","EDT",2094.83736778854,47.145584612514,2.25056060854424,"Within_Range","Within range","MC 10 out of range",50,20250925,"replace stopcock and luer",NA
"COMPASS: Synoptic","CB","MSM","WC","C",10,"MSM_202509_WC_LYSC_10CM",2025,9,11,"11:04","EDT",2538.58938083133,156.79533300108,6.1764747849742,"Within_Range","Within range","MC 10 out of range",50,20250925,"",NA
"COMPASS: Synoptic","CB","MSM","WC","B",20,"MSM_202509_WC_LYSB_20CM",2025,9,11,"11:12","EDT",2010.38372924618,15.715194870838,0.781701256442751,"Within_Range","Within range","MC 10 out of range",50,20250925,"",NA
"COMPASS: Synoptic","CB","GWI","UP","B",10,"GWI_202509_UP_LYSB_10CM",2025,9,17,"12:44","EDT",0,0,0,"bdl","Within range","MC 20 out of range",1,20250925,"",NA
"COMPASS: Synoptic","CB","GWI","UP","A",45,"GWI_202509_UP_LYSA_45CM",2025,9,17,"12:32","EDT",0,0,0,"bdl","Within range","MC 20 out of range",1,20250925,"",NA
"COMPASS: Synoptic","CB","GWI","UP","A",20,"GWI_202509_UP_LYSA_20CM",2025,9,17,"12:32","EDT",4.08593470444903,0.361915244260074,8.85758756413795,"Within_Range","Within range","MC 20 out of range",1,20250925,"",NA
"COMPASS: Synoptic","CB","GWI","UP","A",10,"GWI_202509_UP_LYSA_10CM",2025,9,17,"12:32","EDT",0,0,0,"bdl","Within range","MC 20 out of range",1,20250925,"",NA
"COMPASS: Synoptic","CB","GCW","TR","A",20,"GCW_202509_TR_LYSA_20CM",2025,9,9,"12:52","EDT",0,0,0,"bdl","Within range",NA,1,20250925,"",NA
"COMPASS: Synoptic","CB","MSM","SW","C",0,"MSM_202509_SW_C",2025,9,11,"10:30","EDT",0,0,0,"bdl","Within range","MC 20 out of range",1,20250925,"",NA
"COMPASS: Synoptic","CB","GWI","TR","A",20,"GWI_202509_TR_LYSA_20CM",2025,9,17,"13:08","EDT",0,0,0,"bdl","Within range","MC 20 out of range",1,20250925,"",NA
"COMPASS: Synoptic","CB","GWI","TR","A",10,"GWI_202509_TR_LYSA_10CM",2025,9,17,"13:08","EDT",0,0,0,"bdl","Within range","MC 20 out of range",1,20250925,"",NA
"COMPASS: Synoptic","CB","GWI","UP","C",20,"GWI_202509_UP_LYSC_20CM",2025,9,17,"12:51","EDT",19.184785386883,0.615137630916268,3.20638265433426,"Within_Range","Within range","MC 20 out of range",1,20250925,"",NA
"COMPASS: Synoptic","CB","GWI","UP","B",45,"GWI_202509_UP_LYSB_45CM",2025,9,17,"12:44","EDT",0,0,0,"bdl","Within range","MC 20 out of range",1,20250925,"",NA
"COMPASS: Synoptic","CB","GWI","UP","B",20,"GWI_202509_UP_LYSB_20CM",2025,9,17,"12:44","EDT",12.0476638778605,0.694762764753364,5.76678409853466,"Within_Range","Within range","MC 20 out of range",1,20250925,"",NA
"COMPASS: Synoptic","CB","GWI","TR","C",20,"GWI_202509_TR_LYSC_20CM",2025,9,17,"13:20","EDT",17.7346132874402,1.92076663690582,10.8306090793992,"Within_Range","High CV","MC 20 out of range",1,20250925,"",NA
"COMPASS: Synoptic","CB","GWI","TR","C",10,"GWI_202509_TR_LYSC_10CM",2025,9,17,"13:20","EDT",0,0,0,"bdl","Within range","MC 20 out of range",1,20250925,"",NA
"COMPASS: Synoptic","CB","GWI","TR","B",45,"GWI_202509_TR_LYSB_45CM",2025,9,17,"13:13","EDT",2.46515412271883,0.361915244260074,14.6812420742649,"Within_Range","High CV","MC 20 out of range",1,20250925,"",NA
"COMPASS: Synoptic","CB","GWI","TR","B",20,"GWI_202509_TR_LYSB_20CM",2025,9,17,"13:13","EDT",82.3383585802648,8.18268825896544,9.93788120149228,"Within_Range","Within range","MC 20 out of range",1,20250925,"",NA
"COMPASS: Synoptic","CB","GCW","WC","A",20,"GCW_202509_WC_LYSA_20CM",2025,9,9,"10:22","EDT",5099.35590090489,319.762166710114,6.27063834970552,"adl","Within range",NA,50,20250925,"",NA
"COMPASS: Synoptic","CB","GWI","TR","B",10,"GWI_202509_TR_LYSB_10CM",2025,9,17,"13:13","EDT",0,0,0,"bdl","Within range","MC 20 out of range",1,20250925,"",NA
"COMPASS: Synoptic","CB","GWI","WC","B",20,"GWI_202509_WC_LYSB_20CM",2025,9,17,"11:37","EDT",0,0,0,"bdl","Within range","MC 20 out of range",1,20250925,"",NA
"COMPASS: Synoptic","CB","GWI","WC","B",10,"GWI_202509_WC_LYSB_10CM",2025,9,17,"11:37","EDT",0,0,0,"bdl","Within range","MC 20 out of range",1,20250925,"",NA
"COMPASS: Synoptic","CB","GWI","WC","A",45,"GWI_202509_WC_LYSA_45CM",2025,9,17,"11:29","EDT",0,0,0,"bdl","Within range","MC 20 out of range",1,20250925,"",NA
"COMPASS: Synoptic","CB","GWI","WC","A",10,"GWI_202509_WC_LYSA_10CM",2025,9,17,"11:29","EDT",0,0,0,"bdl","Within range","MC 20 out of range",1,20250925,"",NA
"COMPASS: Synoptic","CB","GWI","TR","C",45,"GWI_202509_TR_LYSC_45CM",2025,9,17,"13:20","EDT",0,0,0,"bdl","Within range","MC 20 out of range",1,20250925,"",NA
"COMPASS: Synoptic","CB","GWI","SW","B",0,"GWI_202509_SW_B",2025,9,17,"11:10","EDT",0,0,0,"bdl","Within range","MC 20 out of range",1,20250925,"",NA
"COMPASS: Synoptic","CB","GWI","SW","A",0,"GWI_202509_SW_A",2025,9,17,"11:04","EDT",0,0,0,"bdl","Within range",NA,25,20250925,"",NA
"COMPASS: Synoptic","CB","GWI","WC","C",45,"GWI_202509_WC_LYSC_45CM",2025,9,17,"11:47","EDT",0,0,0,"bdl","Within range",NA,1,20250925,"",NA
"COMPASS: Synoptic","CB","GWI","WC","C",10,"GWI_202509_WC_LYSC_10CM",2025,9,17,"11:47","EDT",0,0,0,"bdl","Within range",NA,1,20250925,"",NA
"COMPASS: Synoptic","CB","GCW","WC","A",10,"GCW_202509_WC_LYSA_10CM",2025,9,9,"10:22","EDT",4429.74809736489,186.030425517172,4.19957120423699,"Within_Range","Within range",NA,50,20250925,"",NA
"COMPASS: Synoptic","CB","GWI","WC","B",45,"GWI_202509_WC_LYSB_45CM",2025,9,17,"11:37","EDT",0,0,0,"bdl","Within range",NA,1,20250925,"",NA
"COMPASS: Synoptic","CB","GWI","UP","B",10,"GWI_202509_UP_LYSB_10CM",2025,9,17,"12:44","EDT",0,0,0,"bdl","Within range",NA,1,20250925,"",NA
"COMPASS: Synoptic","CB","GWI","UP","A",45,"GWI_202509_UP_LYSA_45CM",2025,9,17,"12:32","EDT",2.72851977857092,0.552198873287861,20.2380381342546,"Within_Range","High CV",NA,1,20250925,"",NA
"COMPASS: Synoptic","CB","GWI","UP","A",20,"GWI_202509_UP_LYSA_20CM",2025,9,17,"12:32","EDT",0,0,0,"bdl","Within range",NA,1,20250925,"",NA
"COMPASS: Synoptic","CB","GWI","UP","A",10,"GWI_202509_UP_LYSA_10CM",2025,9,17,"12:32","EDT",0,0,0,"bdl","Within range",NA,1,20250925,"",NA
"COMPASS: Synoptic","CB","GWI","SW","C",0,"GWI_202509_SW_C",2025,9,17,"11:15","EDT",0,0,0,"bdl","Within range",NA,1,20250925,"",NA
"COMPASS: Synoptic","CB","SWH","UP","C",45,"SWH_202509_UP_LYSC_45CM",2025,9,18,"10:30","EDT",7.48639066107915,1.86974738892566,24.9752848010759,"Within_Range","High CV",NA,1,20250925,"",NA
"COMPASS: Synoptic","CB","SWH","UP","C",20,"SWH_202509_UP_LYSC_20CM",2025,9,18,"10:30","EDT",0,0,0,"bdl","Within range",NA,1,20250925,"",NA
"COMPASS: Synoptic","CB","SWH","UP","C",10,"SWH_202509_UP_LYSC_10CM",2025,9,18,"10:30","EDT",0,0,0,"bdl","Within range",NA,1,20250925,"",NA
"COMPASS: Synoptic","CB","SWH","UP","B",45,"SWH_202509_UP_LYSB_45CM",2025,9,18,"10:23","EDT",8.3685490921825,0.552198873287859,6.59850192913007,"Within_Range","Within range",NA,1,20250925,"",NA
"COMPASS: Synoptic","CB","GCW","TR","C",45,"GCW_202509_TR_LYSC_45CM",NA,NA,NA,NA,NA,0,0,0,"bdl","Within range",NA,1,20250925,NA,NA
"COMPASS: Synoptic","CB","SWH","UP","B",20,"SWH_202509_UP_LYSB_20CM",2025,9,18,"10:23","EDT",0,0,0,"bdl","Within range",NA,1,20250925,"",NA
"COMPASS: Synoptic","CB","SWH","SWAMP","B",20,"SWH_202509_SWAMP_LYSB_20CM",2025,9,18,"11:08","EDT",10.9282547037447,0.08676968174787,0.793993955120185,"Within_Range","Within range",NA,1,20250925,"",NA
"COMPASS: Synoptic","CB","SWH","SWAMP","B",10,"SWH_202509_SWAMP_LYSB_10CM",2025,9,18,"11:08","EDT",15.9175114042472,1.41117489840231,8.86554978704628,"Within_Range","Within range",NA,1,20250925,"",NA
"COMPASS: Synoptic","CB","SWH","SWAMP","A",45,"SWH_202509_SWAMP_LYSA_45CM",2025,9,18,"11:00","EDT",5.50514959450277,0.429488012557225,7.80156842578983,"Within_Range","Within range",NA,1,20250925,"",NA
"COMPASS: Synoptic","CB","SWH","SWAMP","A",20,"SWH_202509_SWAMP_LYSA_20CM",2025,9,18,"11:00","EDT",NA,NA,NA,NA,NA,NA,25,20250925,"",NA
"COMPASS: Synoptic","CB","SWH","SWAMP","A",10,"SWH_202509_SWAMP_LYSA_10CM",2025,9,18,"11:00","EDT",19.6486077194057,1.77930748059421,9.05564152943471,"Within_Range","Within range",NA,1,20250925,"",NA
"COMPASS: Synoptic","CB","SWH","TR","A",10,"SWH_202509_TR_LYSA_10CM",2025,9,16,"14:49","EDT",17.1178253350928,1.71209870425082,10.0018470263328,"Within_Range","High CV",NA,1,20250925,"",NA
"COMPASS: Synoptic","CB","SWH","SWAMP","C",45,"SWH_202509_SWAMP_LYSC_45CM",2025,9,18,"9:57","EDT",27.9784971672012,0.552198873287861,1.97365451756714,"Within_Range","Within range",NA,1,20250925,"",NA
"COMPASS: Synoptic","CB","SWH","SWAMP","C",20,"SWH_202509_SWAMP_LYSC_20CM",2025,9,18,"9:57","EDT",28.5714233258117,0.530171512849127,1.8556006356539,"Within_Range","Within range",NA,1,20250925,"",NA
"COMPASS: Synoptic","CB","SWH","SWAMP","C",10,"SWH_202509_SWAMP_LYSC_10CM",2025,9,18,"9:57","EDT",22.8694086399786,1.82848148849647,7.99531600174413,"Within_Range","Within range","MC 20 out of range",1,20250925,"",NA
"COMPASS: Synoptic","CB","GCW","TR","C",20,"GCW_202509_TR_LYSC_20CM",2025,9,9,"13:15","EDT",0,0,0,"bdl","Within range",NA,1,20250925,"",NA
"COMPASS: Synoptic","CB","SWH","SWAMP","B",45,"SWH_202509_SWAMP_LYSB_45CM",2025,9,18,"11:08","EDT",10.7166617398202,0.759539044362924,7.08745934884449,"Within_Range","Within range","MC 20 out of range",1,20250925,"",NA
"COMPASS: Synoptic","CB","SWH","TR","B",45,"SWH_202509_TR_LYSB_45CM",2025,9,16,"14:59","EDT",54.6152577387428,15.7151948708381,28.7743673132757,"Within_Range","High CV","MC 10 out of range",50,20250925,"",NA
"COMPASS: Synoptic","CB","SWH","TR","B",20,"SWH_202509_TR_LYSB_20CM",2025,9,16,"14:59","EDT",18.6731686789374,0.617160719932374,3.30506691469299,"Within_Range","Within range","MC 20 out of range",1,20250925,"",NA
"COMPASS: Synoptic","CB","SWH","TR","B",10,"SWH_202509_TR_LYSB_10CM",2025,9,16,"14:59","EDT",9.89921239676018,0.262773199309121,2.65448592046698,"Within_Range","Within range","MC 20 out of range",1,20250925,"",NA
"COMPASS: Synoptic","CB","SWH","TR","A",45,"SWH_202509_TR_LYSA_45CM",2025,9,16,"14:49","EDT",113.987762079732,7.1277645350077,6.25309630170825,"adl","Within range","MC 20 out of range",1,20250925,"",NA
"COMPASS: Synoptic","CB","SWH","TR","A",20,"SWH_202509_TR_LYSA_20CM",2025,9,16,"14:49","EDT",22.6241738370606,1.14540182085933,5.06273435268187,"Within_Range","Within range","MC 20 out of range",1,20250925,"",NA
"COMPASS: Synoptic","CB","SWH","WC","A",20,"SWH_202509_WC_LYSA_20CM",2025,9,16,"13:28","EDT",4.64028828974093,0.0943909196529134,2.03416067621487,"Within_Range","Within range","MC 20 out of range",1,20250925,"",NA
"COMPASS: Synoptic","CB","SWH","WC","A",10,"SWH_202509_WC_LYSA_10CM",2025,9,16,"13:28","EDT",22.9647777300023,2.36989829239224,10.3197092532539,"Within_Range","High CV","MC 20 out of range",1,20250925,"",NA
"COMPASS: Synoptic","CB","SWH","TR","C",45,"SWH_202509_TR_LYSC_45CM",2025,9,16,"15:10","EDT",74.6174352882507,24.7483136309219,33.1669314756237,"Within_Range","High CV","MC 10 out of range",50,20250925,"",NA
"COMPASS: Synoptic","CB","SWH","TR","C",20,"SWH_202509_TR_LYSC_20CM",2025,9,16,"15:10","EDT",15.1853848152148,0.793950523766615,5.22838593442248,"Within_Range","Within range","MC 20 out of range",1,20250925,"",NA
"COMPASS: Synoptic","CB","GCW","SW","A",0,"GCW_202511_SW_A",2025,11,12,"10:30","EST",0,0,0,"bdl","Within Range","Std curve r2 low",1,20251110,"","Plate 1 had low MC 20 and Plate 4 had low MC 10. Plate 1 and 4 dups were bad. 
Majority of spikes were bad. Plate 3 Std curve used for all plates."
"COMPASS: Synoptic","CB","GCW","SW","B",0,"GCW_202511_SW_B",2025,11,12,"10:30","EST",0,0,0,"bdl","Within Range","Std curve r2 low",1,20251110,"","Plate 1 had low MC 20 and Plate 4 had low MC 10. Plate 1 and 4 dups were bad. 
Majority of spikes were bad. Plate 3 Std curve used for all plates."
"COMPASS: Synoptic","CB","GCW","SW","C",0,"GCW_202511_SW_C",2025,11,12,"10:30","EST",0,0,0,"bdl","Within Range","Std curve r2 low",1,20251110,"","Plate 1 had low MC 20 and Plate 4 had low MC 10. Plate 1 and 4 dups were bad. 
Majority of spikes were bad. Plate 3 Std curve used for all plates."
"COMPASS: Synoptic","CB","GCW","TR","A",20,"GCW_202511_TR_LYSA_20CM",2025,11,12,"13:13","EST",0,0,0,"bdl","Within Range","Std curve r2 low",1,20251110,"","Plate 1 had low MC 20 and Plate 4 had low MC 10. Plate 1 and 4 dups were bad. 
Majority of spikes were bad. Plate 3 Std curve used for all plates."
"COMPASS: Synoptic","CB","GCW","TR","A",45,"GCW_202511_TR_LYSA_45CM",2025,11,12,"13:13","EST",0,0,0,"bdl","Within Range","Std curve r2 low",1,20251110,"","Plate 1 had low MC 20 and Plate 4 had low MC 10. Plate 1 and 4 dups were bad. 
Majority of spikes were bad. Plate 3 Std curve used for all plates."
"COMPASS: Synoptic","CB","GCW","TR","B",10,"GCW_202511_TR_LYSB_10CM",2025,11,12,"13:18","EST",0,0,0,"bdl","Within Range","Std curve r2 low",1,20251110,"","Plate 1 had low MC 20 and Plate 4 had low MC 10. Plate 1 and 4 dups were bad. 
Majority of spikes were bad. Plate 3 Std curve used for all plates."
"COMPASS: Synoptic","CB","GCW","TR","B",20,"GCW_202511_TR_LYSB_20CM",2025,11,12,"13:18","EST",0,0,0,"bdl","Within Range","Std curve r2 low",1,20251110,"","Plate 1 had low MC 20 and Plate 4 had low MC 10. Plate 1 and 4 dups were bad. 
Majority of spikes were bad. Plate 3 Std curve used for all plates."
"COMPASS: Synoptic","CB","GCW","TR","B",45,"GCW_202511_TR_LYSB_45CM",2025,11,12,"13:18","EST",0,0,0,"bdl","Within Range","Std curve r2 low",1,20251110,"Got nutr","Plate 1 had low MC 20 and Plate 4 had low MC 10. Plate 1 and 4 dups were bad. 
Majority of spikes were bad. Plate 3 Std curve used for all plates."
"COMPASS: Synoptic","CB","GCW","TR","C",10,"GCW_202511_TR_LYSC_10CM",2025,11,12,"13:26","EST",0,0,0,"bdl","Within Range","Std curve r2 low",1,20251110,"","Plate 1 had low MC 20 and Plate 4 had low MC 10. Plate 1 and 4 dups were bad. 
Majority of spikes were bad. Plate 3 Std curve used for all plates."
"COMPASS: Synoptic","CB","GCW","TR","C",20,"GCW_202511_TR_LYSC_20CM",2025,11,12,"13:26","EST",0,0,0,"bdl","Within Range","Std curve r2 low",1,20251110,"","Plate 1 had low MC 20 and Plate 4 had low MC 10. Plate 1 and 4 dups were bad. 
Majority of spikes were bad. Plate 3 Std curve used for all plates."
"COMPASS: Synoptic","CB","GCW","WC","A",10,"GCW_202511_WC_LYSA_10CM",2025,11,12,"11:08","EST",2416.79763926941,23.6759754183431,0.979642442281608,"Within Range","Within Range","Std curve r2 low",50,20251110,"","Plate 1 had low MC 20 and Plate 4 had low MC 10. Plate 1 and 4 dups were bad. 
Majority of spikes were bad. Plate 3 Std curve used for all plates."
"COMPASS: Synoptic","CB","GCW","WC","A",20,"GCW_202511_WC_LYSA_20CM",2025,11,12,"11:08","EST",2736.68265003378,83.9914496870594,3.06909716718607,"Within Range","Within Range","Std curve r2 low",250,20251110,"","Plate 1 had low MC 20 and Plate 4 had low MC 10. Plate 1 and 4 dups were bad. 
Majority of spikes were bad. Plate 3 Std curve used for all plates."
"COMPASS: Synoptic","CB","GCW","WC","A",45,"GCW_202511_WC_LYSA_45CM",2025,11,12,"11:08","EST",4511.07240857986,301.927499721088,6.6930315538016,"Within Range","Within Range","Std curve r2 low; MC 10 out of range",50,20251110,"","Plate 1 had low MC 20 and Plate 4 had low MC 10. Plate 1 and 4 dups were bad. 
Majority of spikes were bad. Plate 3 Std curve used for all plates."
"COMPASS: Synoptic","CB","GCW","WC","B",10,"GCW_202511_WC_LYSB_10CM",2025,11,12,"11:19","EST",3031.4477523788,75.1749788938614,2.47983752432715,"Within Range","Within Range","Std curve r2 low; MC 10 out of range",50,20251110,"","Plate 1 had low MC 20 and Plate 4 had low MC 10. Plate 1 and 4 dups were bad. 
Majority of spikes were bad. Plate 3 Std curve used for all plates."
"COMPASS: Synoptic","CB","GCW","WC","B",20,"GCW_202511_WC_LYSB_20CM",2025,11,12,"11:19","EST",2660.74437676808,199.554649954605,7.49995571528737,"Within Range","Within Range","Std curve r2 low; MC 10 out of range",50,20251110,"","Plate 1 had low MC 20 and Plate 4 had low MC 10. Plate 1 and 4 dups were bad. 
Majority of spikes were bad. Plate 3 Std curve used for all plates."
"COMPASS: Synoptic","CB","GCW","WC","B",45,"GCW_202511_WC_LYSB_45CM",2025,11,12,"11:19","EST",6635.04718064972,217.011471503476,3.27068467781755,"Within Range","Within Range","Std curve r2 low; MC 10 out of range",250,20251110,"","Plate 1 had low MC 20 and Plate 4 had low MC 10. Plate 1 and 4 dups were bad. 
Majority of spikes were bad. Plate 3 Std curve used for all plates."
"COMPASS: Synoptic","CB","GCW","WC","C",10,"GCW_202511_WC_LYSC_10CM",2025,11,12,"11:30","EST",797.660959989047,29.8715075959802,3.74488775235915,"Within Range","Within Range","Std curve r2 low; MC 10 out of range",50,20251110,"","Plate 1 had low MC 20 and Plate 4 had low MC 10. Plate 1 and 4 dups were bad. 
Majority of spikes were bad. Plate 3 Std curve used for all plates."
"COMPASS: Synoptic","CB","GCW","WC","C",20,"GCW_202511_WC_LYSC_20CM",2025,11,12,"11:30","EST",493.923355456393,98.0861838759924,19.858583886028,"Within Range","High CV","Std curve r2 low; MC 10 out of range",50,20251110,"","Plate 1 had low MC 20 and Plate 4 had low MC 10. Plate 1 and 4 dups were bad. 
Majority of spikes were bad. Plate 3 Std curve used for all plates."
"COMPASS: Synoptic","CB","GCW","WC","C",45,"GCW_202511_WC_LYSC_45CM",2025,11,12,"11:30","EST",1273.59626157958,77.7924906602698,6.10809665566915,"Within Range","Within Range","Std curve r2 low; MC 10 out of range",50,20251110,"","Plate 1 had low MC 20 and Plate 4 had low MC 10. Plate 1 and 4 dups were bad. 
Majority of spikes were bad. Plate 3 Std curve used for all plates."
"COMPASS: Synoptic","CB","GWI","SW","A",0,"GWI_202511_SW_A",2025,11,6,"10:30","EST",0,0,0,"bdl","Within Range","",1,20251110,"","Plate 1 had low MC 20 and Plate 4 had low MC 10. Plate 1 and 4 dups were bad. 
Majority of spikes were bad. Plate 3 Std curve used for all plates."
"COMPASS: Synoptic","CB","GWI","SW","B",0,"GWI_202511_SW_B",2025,11,6,"10:30","EST",0,0,0,"bdl","Within Range","",1,20251110,"","Plate 1 had low MC 20 and Plate 4 had low MC 10. Plate 1 and 4 dups were bad. 
Majority of spikes were bad. Plate 3 Std curve used for all plates."
"COMPASS: Synoptic","CB","GWI","SW","C",0,"GWI_202511_SW_C",2025,11,6,"10:30","EST",0,0,0,"bdl","Within Range","",1,20251110,"","Plate 1 had low MC 20 and Plate 4 had low MC 10. Plate 1 and 4 dups were bad. 
Majority of spikes were bad. Plate 3 Std curve used for all plates."
"COMPASS: Synoptic","CB","GWI","TR","A",10,"GWI_202511_TR_LYSA_10CM",2025,11,6,"13:00","EST",0,0,0,"bdl","Within Range","",1,20251110,"","Plate 1 had low MC 20 and Plate 4 had low MC 10. Plate 1 and 4 dups were bad. 
Majority of spikes were bad. Plate 3 Std curve used for all plates."
"COMPASS: Synoptic","CB","GWI","TR","A",20,"GWI_202511_TR_LYSA_20CM",2025,11,6,"13:00","EST",0,0,0,"bdl","Within Range","",1,20251110,"","Plate 1 had low MC 20 and Plate 4 had low MC 10. Plate 1 and 4 dups were bad. 
Majority of spikes were bad. Plate 3 Std curve used for all plates."
"COMPASS: Synoptic","CB","GWI","TR","A",45,"GWI_202511_TR_LYSA_45CM",2025,11,6,"13:00","EST",0,0,0,"bdl","Within Range","",1,20251110,"","Plate 1 had low MC 20 and Plate 4 had low MC 10. Plate 1 and 4 dups were bad. 
Majority of spikes were bad. Plate 3 Std curve used for all plates."
"COMPASS: Synoptic","CB","GWI","TR","B",10,"GWI_202511_TR_LYSB_10CM",2025,11,6,"13:10","EST",0.0727649155540087,0,0,"Within Range","Within Range","",1,20251110,"","Plate 1 had low MC 20 and Plate 4 had low MC 10. Plate 1 and 4 dups were bad. 
Majority of spikes were bad. Plate 3 Std curve used for all plates."
"COMPASS: Synoptic","CB","GWI","TR","B",20,"GWI_202511_TR_LYSB_20CM",2025,11,6,"13:10","EST",32.2163350330254,1.21762159294335,3.7795161730692,"Within Range","Within Range","",1,20251110,"Got DOC","Plate 1 had low MC 20 and Plate 4 had low MC 10. Plate 1 and 4 dups were bad. 
Majority of spikes were bad. Plate 3 Std curve used for all plates."
"COMPASS: Synoptic","CB","GWI","TR","B",45,"GWI_202511_TR_LYSB_45CM",2025,11,6,"13:10","EST",0,0,0,"bdl","Within Range","",1,20251110,"Got DOC","Plate 1 had low MC 20 and Plate 4 had low MC 10. Plate 1 and 4 dups were bad. 
Majority of spikes were bad. Plate 3 Std curve used for all plates."
"COMPASS: Synoptic","CB","GWI","TR","C",10,"GWI_202511_TR_LYSC_10CM",2025,11,6,"13:15","EST",0,0,0,"bdl","Within Range","",1,20251110,"","Plate 1 had low MC 20 and Plate 4 had low MC 10. Plate 1 and 4 dups were bad. 
Majority of spikes were bad. Plate 3 Std curve used for all plates."
"COMPASS: Synoptic","CB","GWI","TR","C",20,"GWI_202511_TR_LYSC_20CM",2025,11,6,"13:15","EST",0,0,0,"bdl","Within Range","",1,20251110,"","Plate 1 had low MC 20 and Plate 4 had low MC 10. Plate 1 and 4 dups were bad. 
Majority of spikes were bad. Plate 3 Std curve used for all plates."
"COMPASS: Synoptic","CB","GWI","UP","A",20,"GWI_202511_UP_LYSA_20CM",2025,11,6,"13:36","EST",0,0,0,"bdl","Within Range","Std curve r2 low; Spk recovery out of range",1,20251110,"","Plate 1 had low MC 20 and Plate 4 had low MC 10. Plate 1 and 4 dups were bad. 
Majority of spikes were bad. Plate 3 Std curve used for all plates."
"COMPASS: Synoptic","CB","GWI","UP","A",45,"GWI_202511_UP_LYSA_45CM",2025,11,6,"13:36","EST",0,0,0,"bdl","Within Range","Std curve r2 low; Spk recovery out of range",1,20251110,"","Plate 1 had low MC 20 and Plate 4 had low MC 10. Plate 1 and 4 dups were bad. 
Majority of spikes were bad. Plate 3 Std curve used for all plates."
"COMPASS: Synoptic","CB","GWI","UP","B",10,"GWI_202511_UP_LYSB_10CM",2025,11,6,"13:40","EST",0,0,0,"bdl","Within Range","Std curve r2 low; Spk recovery out of range",1,20251110,"","Plate 1 had low MC 20 and Plate 4 had low MC 10. Plate 1 and 4 dups were bad. 
Majority of spikes were bad. Plate 3 Std curve used for all plates."
"COMPASS: Synoptic","CB","GWI","UP","B",20,"GWI_202511_UP_LYSB_20CM",2025,11,6,"13:40","EST",0,0,0,"bdl","Within Range","Std curve r2 low; Spk recovery out of range",1,20251110,"","Plate 1 had low MC 20 and Plate 4 had low MC 10. Plate 1 and 4 dups were bad. 
Majority of spikes were bad. Plate 3 Std curve used for all plates."
"COMPASS: Synoptic","CB","GWI","UP","B",45,"GWI_202511_UP_LYSB_45CM",2025,11,6,"13:40","EST",0,0,0,"bdl","Within Range","Std curve r2 low; Spk recovery out of range",1,20251110,"","Plate 1 had low MC 20 and Plate 4 had low MC 10. Plate 1 and 4 dups were bad. 
Majority of spikes were bad. Plate 3 Std curve used for all plates."
"COMPASS: Synoptic","CB","GWI","UP","C",20,"GWI_202511_UP_LYSC_20CM",2025,11,6,"13:45","EST",1.5077457243697,0.270582576209635,17.9461677016362,"Within Range","High CV","Std curve r2 low; Spk recovery out of range",1,20251110,"","Plate 1 had low MC 20 and Plate 4 had low MC 10. Plate 1 and 4 dups were bad. 
Majority of spikes were bad. Plate 3 Std curve used for all plates."
"COMPASS: Synoptic","CB","GWI","WC","A",10,"GWI_202511_WC_LYSA_10CM",2025,11,6,"10:57","EST",0,0,0,"bdl","Within Range","",1,20251110,"","Plate 1 had low MC 20 and Plate 4 had low MC 10. Plate 1 and 4 dups were bad. 
Majority of spikes were bad. Plate 3 Std curve used for all plates."
"COMPASS: Synoptic","CB","GWI","WC","A",45,"GWI_202511_WC_LYSA_45CM",2025,11,6,"10:57","EST",0,0,0,"bdl","Within Range","",1,20251110,"","Plate 1 had low MC 20 and Plate 4 had low MC 10. Plate 1 and 4 dups were bad. 
Majority of spikes were bad. Plate 3 Std curve used for all plates."
"COMPASS: Synoptic","CB","GWI","WC","B",10,"GWI_202511_WC_LYSB_10CM",2025,11,6,"11:02","EST",0,0,0,"bdl","Within Range","",1,20251110,"","Plate 1 had low MC 20 and Plate 4 had low MC 10. Plate 1 and 4 dups were bad. 
Majority of spikes were bad. Plate 3 Std curve used for all plates."
"COMPASS: Synoptic","CB","GWI","WC","B",20,"GWI_202511_WC_LYSB_20CM",2025,11,6,"11:02","EST",0,0,0,"bdl","Within Range","",1,20251110,"","Plate 1 had low MC 20 and Plate 4 had low MC 10. Plate 1 and 4 dups were bad. 
Majority of spikes were bad. Plate 3 Std curve used for all plates."
"COMPASS: Synoptic","CB","GWI","WC","B",45,"GWI_202511_WC_LYSB_45CM",2025,11,6,"11:02","EST",0,0,0,"bdl","Within Range","",1,20251110,"","Plate 1 had low MC 20 and Plate 4 had low MC 10. Plate 1 and 4 dups were bad. 
Majority of spikes were bad. Plate 3 Std curve used for all plates."
"COMPASS: Synoptic","CB","GWI","WC","C",10,"GWI_202511_WC_LYSC_10CM",2025,11,6,"11:10","EST",0,0,0,"bdl","Within Range","",1,20251110,"dup DIC","Plate 1 had low MC 20 and Plate 4 had low MC 10. Plate 1 and 4 dups were bad. 
Majority of spikes were bad. Plate 3 Std curve used for all plates."
"COMPASS: Synoptic","CB","GWI","WC","C",45,"GWI_202511_WC_LYSC_45CM",2025,11,6,"11:10","EST",0,0,0,"bdl","Within Range","",1,20251110,"","Plate 1 had low MC 20 and Plate 4 had low MC 10. Plate 1 and 4 dups were bad. 
Majority of spikes were bad. Plate 3 Std curve used for all plates."
"COMPASS: Synoptic","CB","MSM","SW","A",0,"MSM_202511_SW_A",2025,11,13,"11:19","EST",0,0,0,"bdl","Within Range","Std curve r2 low",1,20251110,"","Plate 1 had low MC 20 and Plate 4 had low MC 10. Plate 1 and 4 dups were bad. 
Majority of spikes were bad. Plate 3 Std curve used for all plates."
"COMPASS: Synoptic","CB","MSM","SW","B",0,"MSM_202511_SW_B",2025,11,13,"11:19","EST",0,0,0,"bdl","Within Range","Std curve r2 low",1,20251110,"","Plate 1 had low MC 20 and Plate 4 had low MC 10. Plate 1 and 4 dups were bad. 
Majority of spikes were bad. Plate 3 Std curve used for all plates."
"COMPASS: Synoptic","CB","MSM","SW","C",0,"MSM_202511_SW_C",2025,11,13,"11:19","EST",0,0,0,"bdl","Within Range","Std curve r2 low",1,20251110,"","Plate 1 had low MC 20 and Plate 4 had low MC 10. Plate 1 and 4 dups were bad. 
Majority of spikes were bad. Plate 3 Std curve used for all plates."
"COMPASS: Synoptic","CB","MSM","TR","A",10,"MSM_202511_TR_LYSA_10CM",2025,11,13,"13:12","EST",0.311928383689957,0.202936932157226,65.0588220785116,"Within Range","High CV","Std curve r2 low",1,20251110,"","Plate 1 had low MC 20 and Plate 4 had low MC 10. Plate 1 and 4 dups were bad. 
Majority of spikes were bad. Plate 3 Std curve used for all plates."
"COMPASS: Synoptic","CB","MSM","TR","A",20,"MSM_202511_TR_LYSA_20CM",2025,11,13,"13:12","EST",0,0,0,"bdl","Within Range","Std curve r2 low",1,20251110,"","Plate 1 had low MC 20 and Plate 4 had low MC 10. Plate 1 and 4 dups were bad. 
Majority of spikes were bad. Plate 3 Std curve used for all plates."
"COMPASS: Synoptic","CB","MSM","TR","A",45,"MSM_202511_TR_LYSA_45CM",2025,11,13,"13:12","EST",0,0,0,"bdl","Within Range","Std curve r2 low",1,20251110,"","Plate 1 had low MC 20 and Plate 4 had low MC 10. Plate 1 and 4 dups were bad. 
Majority of spikes were bad. Plate 3 Std curve used for all plates."
"COMPASS: Synoptic","CB","MSM","TR","B",10,"MSM_202511_TR_LYSB_10CM",2025,11,13,"13:20","EST",0,0,0,"bdl","Within Range","Std curve r2 low",1,20251110,"","Plate 1 had low MC 20 and Plate 4 had low MC 10. Plate 1 and 4 dups were bad. 
Majority of spikes were bad. Plate 3 Std curve used for all plates."
"COMPASS: Synoptic","CB","MSM","TR","B",20,"MSM_202511_TR_LYSB_20CM",2025,11,13,"13:20","EST",4.47337272925545,0.331394622500673,7.40816029778567,"Within Range","Within Range","Std curve r2 low",1,20251110,"","Plate 1 had low MC 20 and Plate 4 had low MC 10. Plate 1 and 4 dups were bad. 
Majority of spikes were bad. Plate 3 Std curve used for all plates."
"COMPASS: Synoptic","CB","MSM","TR","B",45,"MSM_202511_TR_LYSB_45CM",2025,11,13,"13:20","EST",2.03390535426878,1.01468466078613,49.8884895826888,"Within Range","High CV","Std curve r2 low",1,20251110,"","Plate 1 had low MC 20 and Plate 4 had low MC 10. Plate 1 and 4 dups were bad. 
Majority of spikes were bad. Plate 3 Std curve used for all plates."
"COMPASS: Synoptic","CB","MSM","TR","C",20,"MSM_202511_TR_LYSC_20CM",2025,11,13,"13:30","EST",4.90386697190015,0.338228220262044,6.89717364276272,"Within Range","Within Range","Std curve r2 low",1,20251110,"","Plate 1 had low MC 20 and Plate 4 had low MC 10. Plate 1 and 4 dups were bad. 
Majority of spikes were bad. Plate 3 Std curve used for all plates."
"COMPASS: Synoptic","CB","MSM","TR","C",45,"MSM_202511_TR_LYSC_45CM",2025,11,13,"13:30","EST",0,0,0,"bdl","Within Range","Std curve r2 low",1,20251110,"","Plate 1 had low MC 20 and Plate 4 had low MC 10. Plate 1 and 4 dups were bad. 
Majority of spikes were bad. Plate 3 Std curve used for all plates."
"COMPASS: Synoptic","CB","MSM","UP","A",20,"MSM_202511_UP_LYSA_20CM",2025,11,13,"14:30","EST",0,0,0,"bdl","Within Range","Std curve r2 low",1,20251110,"Got DOC","Plate 1 had low MC 20 and Plate 4 had low MC 10. Plate 1 and 4 dups were bad. 
Majority of spikes were bad. Plate 3 Std curve used for all plates."
"COMPASS: Synoptic","CB","MSM","UP","A",45,"MSM_202511_UP_LYSA_45CM",2025,11,13,"14:30","EST",0,0,0,"bdl","Within Range","Std curve r2 low",1,20251110,"No DOC","Plate 1 had low MC 20 and Plate 4 had low MC 10. Plate 1 and 4 dups were bad. 
Majority of spikes were bad. Plate 3 Std curve used for all plates."
"COMPASS: Synoptic","CB","MSM","UP","B",10,"MSM_202511_UP_LYSB_10CM",2025,11,13,"14:40","EST",0,0,0,"bdl","Within Range","Std curve r2 low",1,20251110,"","Plate 1 had low MC 20 and Plate 4 had low MC 10. Plate 1 and 4 dups were bad. 
Majority of spikes were bad. Plate 3 Std curve used for all plates."
"COMPASS: Synoptic","CB","MSM","UP","B",20,"MSM_202511_UP_LYSB_20CM",2025,11,13,"14:40","EST",0,0,0,"bdl","Within Range","Std curve r2 low",1,20251110,"","Plate 1 had low MC 20 and Plate 4 had low MC 10. Plate 1 and 4 dups were bad. 
Majority of spikes were bad. Plate 3 Std curve used for all plates."
"COMPASS: Synoptic","CB","MSM","UP","B",45,"MSM_202511_UP_LYSB_45CM",2025,11,13,"14:40","EST",0,0,0,"bdl","Within Range","Std curve r2 low",1,20251110,"","Plate 1 had low MC 20 and Plate 4 had low MC 10. Plate 1 and 4 dups were bad. 
Majority of spikes were bad. Plate 3 Std curve used for all plates."
"COMPASS: Synoptic","CB","MSM","UP","C",10,"MSM_202511_UP_LYSC_10CM",2025,11,13,"14:45","EST",0,0,0,"bdl","Within Range","Std curve r2 low",1,20251110,"","Plate 1 had low MC 20 and Plate 4 had low MC 10. Plate 1 and 4 dups were bad. 
Majority of spikes were bad. Plate 3 Std curve used for all plates."
"COMPASS: Synoptic","CB","MSM","UP","C",20,"MSM_202511_UP_LYSC_20CM",2025,11,13,"14:45","EST",0,0,0,"bdl","Within Range","Std curve r2 low",1,20251110,"","Plate 1 had low MC 20 and Plate 4 had low MC 10. Plate 1 and 4 dups were bad. 
Majority of spikes were bad. Plate 3 Std curve used for all plates."
"COMPASS: Synoptic","CB","MSM","WC","A",10,"MSM_202511_WC_LYSA_10CM",2025,11,13,"11:39","EST",417.39104565289,43.9696686340656,10.5344063060307,"Within Range","High CV","Std curve r2 low; MC 10 out of range",50,20251110,"","Plate 1 had low MC 20 and Plate 4 had low MC 10. Plate 1 and 4 dups were bad. 
Majority of spikes were bad. Plate 3 Std curve used for all plates."
"COMPASS: Synoptic","CB","MSM","WC","A",20,"MSM_202511_WC_LYSA_20CM",2025,11,13,"11:39","EST",974.641926409648,47.3519508366861,4.85839461176471,"Within Range","Within Range","Std curve r2 low; MC 10 out of range",50,20251110,"","Plate 1 had low MC 20 and Plate 4 had low MC 10. Plate 1 and 4 dups were bad. 
Majority of spikes were bad. Plate 3 Std curve used for all plates."
"COMPASS: Synoptic","CB","MSM","WC","B",10,"MSM_202511_WC_LYSB_10CM",2025,11,13,"11:46","EST",816.794037439923,0,0,"Within Range","Within Range","Std curve r2 low; MC 10 out of range",50,20251110,"","Plate 1 had low MC 20 and Plate 4 had low MC 10. Plate 1 and 4 dups were bad. 
Majority of spikes were bad. Plate 3 Std curve used for all plates."
"COMPASS: Synoptic","CB","MSM","WC","B",20,"MSM_202511_WC_LYSB_20CM",2025,11,13,"11:46","EST",2036.52772493326,324.699091451561,15.9437599339436,"Within Range","High CV","Std curve r2 low; MC 10 out of range",50,20251110,"","Plate 1 had low MC 20 and Plate 4 had low MC 10. Plate 1 and 4 dups were bad. 
Majority of spikes were bad. Plate 3 Std curve used for all plates."
"COMPASS: Synoptic","CB","MSM","WC","C",10,"MSM_202511_WC_LYSC_10CM",2025,11,13,"11:56","EST",472.398643324158,27.0582576209633,5.7278440578408,"Within Range","Within Range","Std curve r2 low; MC 10 out of range",50,20251110,"","Plate 1 had low MC 20 and Plate 4 had low MC 10. Plate 1 and 4 dups were bad. 
Majority of spikes were bad. Plate 3 Std curve used for all plates."
"COMPASS: Synoptic","CB","MSM","WC","C",20,"MSM_202511_WC_LYSC_20CM",2025,11,13,"11:56","EST",1866.72166255673,3.38228220262047,0.181188351239679,"Within Range","Within Range","Std curve r2 low; MC 10 out of range",50,20251110,"","Plate 1 had low MC 20 and Plate 4 had low MC 10. Plate 1 and 4 dups were bad. 
Majority of spikes were bad. Plate 3 Std curve used for all plates."
"COMPASS: Synoptic","CB","SWH","SWAMP","A",10,"SWH_202511_SWAMP_LYSA_10CM",2025,11,5,"11:50","EST",28.4375522364774,1.5558498132054,5.47111017244894,"Within Range","Within Range","MC 20 out of range; Dup perc diff out of range; Spk recovery out of range",1,20251110,"","Plate 1 had low MC 20 and Plate 4 had low MC 10. Plate 1 and 4 dups were bad. 
Majority of spikes were bad. Plate 3 Std curve used for all plates."
"COMPASS: Synoptic","CB","SWH","SWAMP","A",20,"SWH_202511_SWAMP_LYSA_20CM",2025,11,5,"11:50","EST",28.8202137854949,4.66754943961619,16.1954018605002,"Within Range","High CV","MC 20 out of range; Dup perc diff out of range; Spk recovery out of range",1,20251110,"","Plate 1 had low MC 20 and Plate 4 had low MC 10. Plate 1 and 4 dups were bad. 
Majority of spikes were bad. Plate 3 Std curve used for all plates."
"COMPASS: Synoptic","CB","SWH","SWAMP","A",45,"SWH_202511_SWAMP_LYSA_45CM",2025,11,5,"11:50","EST",4.37770734200107,0.947039016733721,21.6332190059289,"Within Range","High CV","MC 20 out of range; Dup perc diff out of range; Spk recovery out of range",1,20251110,"","Plate 1 had low MC 20 and Plate 4 had low MC 10. Plate 1 and 4 dups were bad. 
Majority of spikes were bad. Plate 3 Std curve used for all plates."
"COMPASS: Synoptic","CB","SWH","SWAMP","B",10,"SWH_202511_SWAMP_LYSB_10CM",2025,11,5,"11:30","EST",10.5002921262813,0.270582576209634,2.57690522278318,"Within Range","Within Range","MC 20 out of range; Dup perc diff out of range; Spk recovery out of range",1,20251110,"","Plate 1 had low MC 20 and Plate 4 had low MC 10. Plate 1 and 4 dups were bad. 
Majority of spikes were bad. Plate 3 Std curve used for all plates."
"COMPASS: Synoptic","CB","SWH","SWAMP","B",20,"SWH_202511_SWAMP_LYSB_20CM",2025,11,5,"11:30","EST",8.14054590733998,0.718021682084793,8.82031365288886,"Within Range","Within Range","MC 20 out of range; Dup perc diff out of range; Spk recovery out of range",1,20251110,"","Plate 1 had low MC 20 and Plate 4 had low MC 10. Plate 1 and 4 dups were bad. 
Majority of spikes were bad. Plate 3 Std curve used for all plates."
"COMPASS: Synoptic","CB","SWH","SWAMP","B",45,"SWH_202511_SWAMP_LYSB_45CM",2025,11,5,"11:30","EST",3.13405730769414,0.0956653872543791,3.05244537231402,"Within Range","Within Range","MC 20 out of range; Dup perc diff out of range; Spk recovery out of range",1,20251110,"","Plate 1 had low MC 20 and Plate 4 had low MC 10. Plate 1 and 4 dups were bad. 
Majority of spikes were bad. Plate 3 Std curve used for all plates."
"COMPASS: Synoptic","CB","SWH","SWAMP","C",10,"SWH_202511_SWAMP_LYSC_10CM",2025,11,5,"11:18","EST",29.0115445600037,1.69114110131021,5.82920050262224,"Within Range","Within Range","MC 20 out of range; Dup perc diff out of range; Spk recovery out of range",1,20251110,"In fridge 11/7","Plate 1 had low MC 20 and Plate 4 had low MC 10. Plate 1 and 4 dups were bad. 
Majority of spikes were bad. Plate 3 Std curve used for all plates."
"COMPASS: Synoptic","CB","SWH","SWAMP","C",20,"SWH_202511_SWAMP_LYSC_20CM",2025,11,5,"11:18","EST",51.6842413392916,4.12638428719693,7.98383449242963,"Within Range","Within Range","MC 20 out of range; Dup perc diff out of range; Spk recovery out of range",1,20251110,"","Plate 1 had low MC 20 and Plate 4 had low MC 10. Plate 1 and 4 dups were bad. 
Majority of spikes were bad. Plate 3 Std curve used for all plates."
"COMPASS: Synoptic","CB","SWH","SWAMP","C",45,"SWH_202511_SWAMP_LYSC_45CM",2025,11,5,"11:18","EST",63.0205897289355,4.32932121935415,6.86969328274371,"Within Range","Within Range","MC 20 out of range; Dup perc diff out of range; Spk recovery out of range",1,20251110,"","Plate 1 had low MC 20 and Plate 4 had low MC 10. Plate 1 and 4 dups were bad. 
Majority of spikes were bad. Plate 3 Std curve used for all plates."
"COMPASS: Synoptic","CB","SWH","SW","A",0,"SWH_202511_SW_A",2025,11,4,"12:00","EST",0,0,0,"bdl","Within Range","Std curve r2 low; Spk recovery out of range",1,20251110,"","Plate 1 had low MC 20 and Plate 4 had low MC 10. Plate 1 and 4 dups were bad. 
Majority of spikes were bad. Plate 3 Std curve used for all plates."
"COMPASS: Synoptic","CB","SWH","SW","B",0,"SWH_202511_SW_B",2025,11,4,"12:03","EST",0,0,0,"bdl","Within Range","Std curve r2 low; Spk recovery out of range",1,20251110,"","Plate 1 had low MC 20 and Plate 4 had low MC 10. Plate 1 and 4 dups were bad. 
Majority of spikes were bad. Plate 3 Std curve used for all plates."
"COMPASS: Synoptic","CB","SWH","SW","C",0,"SWH_202511_SW_C",2025,11,4,"12:10","EST",0,0,0,"bdl","Within Range","Std curve r2 low; Spk recovery out of range",1,20251110,"","Plate 1 had low MC 20 and Plate 4 had low MC 10. Plate 1 and 4 dups were bad. 
Majority of spikes were bad. Plate 3 Std curve used for all plates."
"COMPASS: Synoptic","CB","SWH","TR","A",10,"SWH_202511_TR_LYSA_10CM",2025,11,4,"12:42","EST",0,0,0,"bdl","Within Range","MC 20 out of range; Dup perc diff out of range; Spk recovery out of range",1,20251110,"","Plate 1 had low MC 20 and Plate 4 had low MC 10. Plate 1 and 4 dups were bad. 
Majority of spikes were bad. Plate 3 Std curve used for all plates."
"COMPASS: Synoptic","CB","SWH","TR","A",20,"SWH_202511_TR_LYSA_20CM",2025,11,4,"12:45","EST",6.00401892532552,0.135291288104817,2.25334546388829,"Within Range","Within Range","MC 20 out of range; Dup perc diff out of range; Spk recovery out of range",1,20251110,"","Plate 1 had low MC 20 and Plate 4 had low MC 10. Plate 1 and 4 dups were bad. 
Majority of spikes were bad. Plate 3 Std curve used for all plates."
"COMPASS: Synoptic","CB","SWH","TR","A",45,"SWH_202511_TR_LYSA_45CM",2025,11,4,"12:48","EST",272.531851316479,8.62316147581956,3.16409309009752,"Within Range","Within Range","",5,20251110,"","Plate 1 had low MC 20 and Plate 4 had low MC 10. Plate 1 and 4 dups were bad. 
Majority of spikes were bad. Plate 3 Std curve used for all plates."
"COMPASS: Synoptic","CB","SWH","TR","B",10,"SWH_202511_TR_LYSB_10CM",2025,11,4,"12:53","EST",0,0,0,"bdl","Within Range","MC 20 out of range; Dup perc diff out of range; Spk recovery out of range",1,20251110,"","Plate 1 had low MC 20 and Plate 4 had low MC 10. Plate 1 and 4 dups were bad. 
Majority of spikes were bad. Plate 3 Std curve used for all plates."
"COMPASS: Synoptic","CB","SWH","TR","B",20,"SWH_202511_TR_LYSB_20CM",2025,11,4,"12:53","EST",2.847061145931,0.947039016733719,33.2637399827966,"Within Range","High CV","Std curve r2 low; Spk recovery out of range",1,20251110,"","Plate 1 had low MC 20 and Plate 4 had low MC 10. Plate 1 and 4 dups were bad. 
Majority of spikes were bad. Plate 3 Std curve used for all plates."
"COMPASS: Synoptic","CB","SWH","TR","B",45,"SWH_202511_TR_LYSB_45CM",2025,11,4,"12:53","EST",95.8019290947694,1.27034605291925,1.32601301969879,"Within Range","Within Range","Std curve r2 low; Spk recovery out of range",1,20251110,"","Plate 1 had low MC 20 and Plate 4 had low MC 10. Plate 1 and 4 dups were bad. 
Majority of spikes were bad. Plate 3 Std curve used for all plates."
"COMPASS: Synoptic","CB","SWH","TR","C",10,"SWH_202511_TR_LYSC_10CM",2025,11,4,"12:30","EST",0,0,0,"bdl","Within Range","Std curve r2 low; Spk recovery out of range",1,20251110,"","Plate 1 had low MC 20 and Plate 4 had low MC 10. Plate 1 and 4 dups were bad. 
Majority of spikes were bad. Plate 3 Std curve used for all plates."
"COMPASS: Synoptic","CB","SWH","TR","C",20,"SWH_202511_TR_LYSC_20CM",2025,11,4,"12:35","EST",0,0,0,"bdl","Within Range","Std curve r2 low; Spk recovery out of range",1,20251110,"","Plate 1 had low MC 20 and Plate 4 had low MC 10. Plate 1 and 4 dups were bad. 
Majority of spikes were bad. Plate 3 Std curve used for all plates."
"COMPASS: Synoptic","CB","SWH","TR","C",45,"SWH_202511_TR_LYSC_45CM",2025,11,4,"12:37","EST",244.788889012709,17.0058512184942,6.94714996545913,"Within Range","Within Range","",5,20251110,"","Plate 1 had low MC 20 and Plate 4 had low MC 10. Plate 1 and 4 dups were bad. 
Majority of spikes were bad. Plate 3 Std curve used for all plates."
"COMPASS: Synoptic","CB","SWH","UP","A",10,"SWH_202511_UP_LYSA_10CM",2025,11,5,"10:25","EST",0,0,0,"bdl","Within Range","MC 20 out of range; Dup perc diff out of range; Spk recovery out of range",1,20251110,"","Plate 1 had low MC 20 and Plate 4 had low MC 10. Plate 1 and 4 dups were bad. 
Majority of spikes were bad. Plate 3 Std curve used for all plates."
"COMPASS: Synoptic","CB","SWH","UP","A",20,"SWH_202511_UP_LYSA_20CM",2025,11,5,"10:25","EST",0,0,0,"bdl","Within Range","MC 20 out of range; Dup perc diff out of range; Spk recovery out of range",1,20251110,"","Plate 1 had low MC 20 and Plate 4 had low MC 10. Plate 1 and 4 dups were bad. 
Majority of spikes were bad. Plate 3 Std curve used for all plates."
"COMPASS: Synoptic","CB","SWH","UP","A",45,"SWH_202511_UP_LYSA_45CM",2025,11,5,"10:25","EST",4.47337272925545,0.541165152419269,12.0974751082131,"Within Range","High CV","MC 20 out of range; Dup perc diff out of range; Spk recovery out of range",1,20251110,"","Plate 1 had low MC 20 and Plate 4 had low MC 10. Plate 1 and 4 dups were bad. 
Majority of spikes were bad. Plate 3 Std curve used for all plates."
"COMPASS: Synoptic","CB","SWH","UP","B",10,"SWH_202511_UP_LYSB_10CM",2025,11,5,"10:36","EST",0,0,0,"bdl","Within Range","MC 20 out of range; Dup perc diff out of range; Spk recovery out of range",1,20251110,"","Plate 1 had low MC 20 and Plate 4 had low MC 10. Plate 1 and 4 dups were bad. 
Majority of spikes were bad. Plate 3 Std curve used for all plates."
"COMPASS: Synoptic","CB","SWH","UP","B",20,"SWH_202511_UP_LYSB_20CM",2025,11,5,"10:36","EST",0,0,0,"bdl","Within Range","MC 20 out of range; Dup perc diff out of range; Spk recovery out of range",1,20251110,"","Plate 1 had low MC 20 and Plate 4 had low MC 10. Plate 1 and 4 dups were bad. 
Majority of spikes were bad. Plate 3 Std curve used for all plates."
"COMPASS: Synoptic","CB","SWH","UP","B",45,"SWH_202511_UP_LYSB_45CM",2025,11,5,"10:36","EST",8.74642669328438,0.718021682084792,8.2093145837042,"Within Range","Within Range","MC 20 out of range; Dup perc diff out of range; Spk recovery out of range",1,20251110,"","Plate 1 had low MC 20 and Plate 4 had low MC 10. Plate 1 and 4 dups were bad. 
Majority of spikes were bad. Plate 3 Std curve used for all plates."
"COMPASS: Synoptic","CB","SWH","UP","C",10,"SWH_202511_UP_LYSC_10CM",2025,11,5,"10:43","EST",0,0,0,"bdl","Within Range","MC 20 out of range; Dup perc diff out of range; Spk recovery out of range",1,20251110,"","Plate 1 had low MC 20 and Plate 4 had low MC 10. Plate 1 and 4 dups were bad. 
Majority of spikes were bad. Plate 3 Std curve used for all plates."
"COMPASS: Synoptic","CB","SWH","UP","C",20,"SWH_202511_UP_LYSC_20CM",2025,11,5,"10:43","EST",0,0,0,"bdl","Within Range","MC 20 out of range; Dup perc diff out of range; Spk recovery out of range",1,20251110,"","Plate 1 had low MC 20 and Plate 4 had low MC 10. Plate 1 and 4 dups were bad. 
Majority of spikes were bad. Plate 3 Std curve used for all plates."
"COMPASS: Synoptic","CB","SWH","UP","C",45,"SWH_202511_UP_LYSC_45CM",2025,11,5,"10:43","EST",9.49580556011035,1.01468466078613,10.685609076165,"Within Range","High CV","MC 20 out of range; Dup perc diff out of range; Spk recovery out of range",1,20251110,"","Plate 1 had low MC 20 and Plate 4 had low MC 10. Plate 1 and 4 dups were bad. 
Majority of spikes were bad. Plate 3 Std curve used for all plates."
"COMPASS: Synoptic","CB","SWH","WC","A",10,"SWH_202511_WC_LYSA_10CM",2025,11,4,"11:18","EST",4.69659196618233,0.452096981978252,9.62606471316995,"Within Range","Within Range","Std curve r2 low; Spk recovery out of range",1,20251110,"","Plate 1 had low MC 20 and Plate 4 had low MC 10. Plate 1 and 4 dups were bad. 
Majority of spikes were bad. Plate 3 Std curve used for all plates."
"COMPASS: Synoptic","CB","SWH","WC","A",45,"SWH_202511_WC_LYSA_45CM",2025,11,4,"11:18","EST",5.04736505278172,0.270582576209634,5.36086796536561,"Within Range","Within Range","Std curve r2 low; Spk recovery out of range",1,20251110,"","Plate 1 had low MC 20 and Plate 4 had low MC 10. Plate 1 and 4 dups were bad. 
Majority of spikes were bad. Plate 3 Std curve used for all plates."
"COMPASS: Synoptic","CB","SWH","WC","B",10,"SWH_202511_WC_LYSB_10CM",2025,11,4,"11:25","EST",5.43002660179924,0.532642333911266,9.80920302922226,"Within Range","Within Range","Std curve r2 low; Spk recovery out of range",1,20251110,"","Plate 1 had low MC 20 and Plate 4 had low MC 10. Plate 1 and 4 dups were bad. 
Majority of spikes were bad. Plate 3 Std curve used for all plates."
"COMPASS: Synoptic","CB","SWH","WC","B",20,"SWH_202511_WC_LYSB_20CM",2025,11,4,"11:25","EST",0.742422626334663,0.270582576209635,36.4458957218881,"Within Range","High CV","Std curve r2 low; Spk recovery out of range",1,20251110,"","Plate 1 had low MC 20 and Plate 4 had low MC 10. Plate 1 and 4 dups were bad. 
Majority of spikes were bad. Plate 3 Std curve used for all plates."
"COMPASS: Synoptic","CB","SWH","WC","B",45,"SWH_202511_WC_LYSB_45CM",2025,11,4,"11:25","EST",0,0,0,"bdl","Within Range","Std curve r2 low; Spk recovery out of range",1,20251110,"","Plate 1 had low MC 20 and Plate 4 had low MC 10. Plate 1 and 4 dups were bad. 
Majority of spikes were bad. Plate 3 Std curve used for all plates."
"COMPASS: Synoptic","CB","SWH","WC","C",10,"SWH_202511_WC_LYSC_10CM",2025,11,4,"11:07","EST",11.3612806115707,0.541165152419269,4.76324079055073,"Within Range","Within Range","Std curve r2 low; Spk recovery out of range",1,20251110,"broken at second pull","Plate 1 had low MC 20 and Plate 4 had low MC 10. Plate 1 and 4 dups were bad. 
Majority of spikes were bad. Plate 3 Std curve used for all plates."
"COMPASS: Synoptic","CB","SWH","WC","C",20,"SWH_202511_WC_LYSC_20CM",2025,11,4,"11:07","EST",6.29101508708865,0.270582576209632,4.30109564933268,"Within Range","Within Range","Std curve r2 low; Spk recovery out of range",1,20251110,"","Plate 1 had low MC 20 and Plate 4 had low MC 10. Plate 1 and 4 dups were bad. 
Majority of spikes were bad. Plate 3 Std curve used for all plates."
"COMPASS: Synoptic","CB","SWH","WC","C",45,"SWH_202511_WC_LYSC_45CM",2025,11,4,"11:07","EST",4.21826502991044,0.0552324370834456,1.30936384252315,"Within Range","Within Range","Std curve r2 low; Spk recovery out of range",1,20251110,"","Plate 1 had low MC 20 and Plate 4 had low MC 10. Plate 1 and 4 dups were bad. 
Majority of spikes were bad. Plate 3 Std curve used for all plates."
