"","QAQC_flag","FE_2_Conc_Final","FE_3_Conc_Final","FE_tot_Conc_Final","ID_full","Run_notes"
"1","FE_2_diff Std curve r2 low; Fe3 Chk Std 60 out of range; Fe3 Dup perc diff out of range",2.78809914308123,0,2.78809914308123,"Plate4_1_202507_MSM_WC_A_20","The Fe2 diff std curve R squared is 0.9844, which is slightly below the 0.985 cutoff but I think is reasonable. The check stds for FE3 60 uM were all bad."
"2","FE_2_diff Std curve r2 low; Fe3 Chk Std 60 out of range; Fe3 Dup perc diff out of range",2.78809914308123,0,2.78809914308123,"Plate4_1_202507_MSM_WC_A_20","The Fe2 diff std curve R squared is 0.9844, which is slightly below the 0.985 cutoff but I think is reasonable. The check stds for FE3 60 uM were all bad."
"3","FE_2_diff Std curve r2 low; Fe3 Chk Std 60 out of range; Fe3 Dup perc diff out of range",2.78809914308123,0,2.78809914308123,"Plate4_1_202507_MSM_WC_A_20","The Fe2 diff std curve R squared is 0.9844, which is slightly below the 0.985 cutoff but I think is reasonable. The check stds for FE3 60 uM were all bad."
"4","FE_2_diff Std curve r2 low; Fe3 Chk Std 60 out of range; Fe3 Dup perc diff out of range",44.605921383314,0,44.605921383314,"Plate4_8_202507_GWI_UP_A_10","The Fe2 diff std curve R squared is 0.9844, which is slightly below the 0.985 cutoff but I think is reasonable. The check stds for FE3 60 uM were all bad."
"5","FE_2_diff Std curve r2 low; Fe3 Chk Std 60 out of range; Fe3 Dup perc diff out of range",47.393562413147,0,47.393562413147,"Plate4_8_202507_GWI_UP_A_10","The Fe2 diff std curve R squared is 0.9844, which is slightly below the 0.985 cutoff but I think is reasonable. The check stds for FE3 60 uM were all bad."
"6","FE_2_diff Std curve r2 low; Fe3 Chk Std 60 out of range; Fe3 Dup perc diff out of range",47.393562413147,0,47.393562413147,"Plate4_8_202507_GWI_UP_A_10","The Fe2 diff std curve R squared is 0.9844, which is slightly below the 0.985 cutoff but I think is reasonable. The check stds for FE3 60 uM were all bad."
"7","FE_2_diff Std curve r2 low; Fe3 Chk Std 60 out of range; Fe3 Dup perc diff out of range",359.609357754445,0,359.609357754445,"Plate4_8_202507_GWI_UP_C_20","The Fe2 diff std curve R squared is 0.9844, which is slightly below the 0.985 cutoff but I think is reasonable. The check stds for FE3 60 uM were all bad."
"8","FE_2_diff Std curve r2 low; Fe3 Chk Std 60 out of range; Fe3 Dup perc diff out of range",306.644178187618,0,306.644178187618,"Plate4_8_202507_GWI_UP_C_20","The Fe2 diff std curve R squared is 0.9844, which is slightly below the 0.985 cutoff but I think is reasonable. The check stds for FE3 60 uM were all bad."
"9","FE_2_diff Std curve r2 low; Fe3 Chk Std 60 out of range; Fe3 Dup perc diff out of range",275.980126859454,0,275.980126859454,"Plate4_8_202507_GWI_UP_C_20","The Fe2 diff std curve R squared is 0.9844, which is slightly below the 0.985 cutoff but I think is reasonable. The check stds for FE3 60 uM were all bad."
"10","FE_2_diff Std curve r2 low; Fe3 Chk Std 60 out of range; Fe3 Dup perc diff out of range",27.1799581541201,0,27.1799581541201,"Plate4_1_202507_MSM_WC_B_10","The Fe2 diff std curve R squared is 0.9844, which is slightly below the 0.985 cutoff but I think is reasonable. The check stds for FE3 60 uM were all bad."
"11","FE_2_diff Std curve r2 low; Fe3 Chk Std 60 out of range; Fe3 Dup perc diff out of range",25.7861376392036,0,25.7861376392036,"Plate4_1_202507_MSM_WC_B_10","The Fe2 diff std curve R squared is 0.9844, which is slightly below the 0.985 cutoff but I think is reasonable. The check stds for FE3 60 uM were all bad."
"12","FE_2_diff Std curve r2 low; Fe3 Chk Std 60 out of range; Fe3 Dup perc diff out of range",26.4830478966619,0,26.4830478966619,"Plate4_1_202507_MSM_WC_B_10","The Fe2 diff std curve R squared is 0.9844, which is slightly below the 0.985 cutoff but I think is reasonable. The check stds for FE3 60 uM were all bad."
"13","FE_2_diff Std curve r2 low; Fe3 Chk Std 60 out of range; Fe3 Dup perc diff out of range",33.4553572639819,0,33.4553572639819,"Plate4_8_202507_GWI_UP_A_20","The Fe2 diff std curve R squared is 0.9844, which is slightly below the 0.985 cutoff but I think is reasonable. The check stds for FE3 60 uM were all bad."
"14","FE_2_diff Std curve r2 low; Fe3 Chk Std 60 out of range; Fe3 Dup perc diff out of range",33.4553572639819,0,33.4553572639819,"Plate4_8_202507_GWI_UP_A_20","The Fe2 diff std curve R squared is 0.9844, which is slightly below the 0.985 cutoff but I think is reasonable. The check stds for FE3 60 uM were all bad."
"15","FE_2_diff Std curve r2 low; Fe3 Chk Std 60 out of range; Fe3 Dup perc diff out of range",30.6677162341489,0,30.6677162341489,"Plate4_8_202507_GWI_UP_A_20","The Fe2 diff std curve R squared is 0.9844, which is slightly below the 0.985 cutoff but I think is reasonable. The check stds for FE3 60 uM were all bad."
"16","FE_2_diff Std curve r2 low; Fe3 Chk Std 60 out of range; Fe3 Dup perc diff out of range",1390.31885064128,265.13558070577,1655.45443134705,"Plate4_8_202507_GWI_TR_A_10","The Fe2 diff std curve R squared is 0.9844, which is slightly below the 0.985 cutoff but I think is reasonable. The check stds for FE3 60 uM were all bad."
"17","FE_2_diff Std curve r2 low; Fe3 Chk Std 60 out of range; Fe3 Dup perc diff out of range",2560.83135906129,0,2560.83135906129,"Plate4_8_202507_GWI_TR_A_10","The Fe2 diff std curve R squared is 0.9844, which is slightly below the 0.985 cutoff but I think is reasonable. The check stds for FE3 60 uM were all bad."
"18","FE_2_diff Std curve r2 low; Fe3 Chk Std 60 out of range; Fe3 Dup perc diff out of range",1518.78973571177,0,1518.78973571177,"Plate4_8_202507_GWI_TR_A_10","The Fe2 diff std curve R squared is 0.9844, which is slightly below the 0.985 cutoff but I think is reasonable. The check stds for FE3 60 uM were all bad."
"19","FE_2_diff Std curve r2 low; Fe3 Chk Std 60 out of range; Fe3 Dup perc diff out of range",4.53037478672687,0,4.53037478672687,"Plate4_1_202507_MSM_WC_B_20","The Fe2 diff std curve R squared is 0.9844, which is slightly below the 0.985 cutoff but I think is reasonable. The check stds for FE3 60 uM were all bad."
"20","FE_2_diff Std curve r2 low; Fe3 Chk Std 60 out of range; Fe3 Dup perc diff out of range",3.83346452926861,0,3.83346452926861,"Plate4_1_202507_MSM_WC_B_20","The Fe2 diff std curve R squared is 0.9844, which is slightly below the 0.985 cutoff but I think is reasonable. The check stds for FE3 60 uM were all bad."
"21","FE_2_diff Std curve r2 low; Fe3 Chk Std 60 out of range; Fe3 Dup perc diff out of range",3.48500940053949,0,3.48500940053949,"Plate4_1_202507_MSM_WC_B_20","The Fe2 diff std curve R squared is 0.9844, which is slightly below the 0.985 cutoff but I think is reasonable. The check stds for FE3 60 uM were all bad."
"22","FE_2_diff Std curve r2 low; Fe3 Chk Std 60 out of range; Fe3 Dup perc diff out of range",47.393562413147,0,47.393562413147,"Plate4_8_202507_GWI_UP_A_45","The Fe2 diff std curve R squared is 0.9844, which is slightly below the 0.985 cutoff but I think is reasonable. The check stds for FE3 60 uM were all bad."
"23","FE_2_diff Std curve r2 low; Fe3 Chk Std 60 out of range; Fe3 Dup perc diff out of range",41.818280353481,2.95360183942789,44.7718821929089,"Plate4_8_202507_GWI_UP_A_45","The Fe2 diff std curve R squared is 0.9844, which is slightly below the 0.985 cutoff but I think is reasonable. The check stds for FE3 60 uM were all bad."
"24","FE_2_diff Std curve r2 low; Fe3 Chk Std 60 out of range; Fe3 Dup perc diff out of range",39.030639323648,1.14342094206974,40.1740602657177,"Plate4_8_202507_GWI_UP_A_45","The Fe2 diff std curve R squared is 0.9844, which is slightly below the 0.985 cutoff but I think is reasonable. The check stds for FE3 60 uM were all bad."
"25","FE_2_diff Std curve r2 low; Fe3 Chk Std 60 out of range; Fe3 Dup perc diff out of range",2903.42038591593,0,2903.42038591593,"Plate4_8_202507_GWI_TR_A_20","The Fe2 diff std curve R squared is 0.9844, which is slightly below the 0.985 cutoff but I think is reasonable. The check stds for FE3 60 uM were all bad."
"26","FE_2_diff Std curve r2 low; Fe3 Chk Std 60 out of range; Fe3 Dup perc diff out of range",3088.98944212885,0,3088.98944212885,"Plate4_8_202507_GWI_TR_A_20","The Fe2 diff std curve R squared is 0.9844, which is slightly below the 0.985 cutoff but I think is reasonable. The check stds for FE3 60 uM were all bad."
"27","FE_2_diff Std curve r2 low; Fe3 Chk Std 60 out of range; Fe3 Dup perc diff out of range",2910.55765730873,0,2910.55765730873,"Plate4_8_202507_GWI_TR_A_20","The Fe2 diff std curve R squared is 0.9844, which is slightly below the 0.985 cutoff but I think is reasonable. The check stds for FE3 60 uM were all bad."
"28","FE_2_diff Std curve r2 low; Fe3 Chk Std 60 out of range; Fe3 Dup perc diff out of range",4.53037478672687,0,4.53037478672687,"Plate4_1_202507_MSM_WC_C_10","The Fe2 diff std curve R squared is 0.9844, which is slightly below the 0.985 cutoff but I think is reasonable. The check stds for FE3 60 uM were all bad."
"29","FE_2_diff Std curve r2 low; Fe3 Chk Std 60 out of range; Fe3 Dup perc diff out of range",4.53037478672687,0,4.53037478672687,"Plate4_1_202507_MSM_WC_C_10","The Fe2 diff std curve R squared is 0.9844, which is slightly below the 0.985 cutoff but I think is reasonable. The check stds for FE3 60 uM were all bad."
"30","FE_2_diff Std curve r2 low; Fe3 Chk Std 60 out of range; Fe3 Dup perc diff out of range",4.18191965799774,0,4.18191965799774,"Plate4_1_202507_MSM_WC_C_10","The Fe2 diff std curve R squared is 0.9844, which is slightly below the 0.985 cutoff but I think is reasonable. The check stds for FE3 60 uM were all bad."
"31","FE_2_diff Std curve r2 low; Fe3 Chk Std 60 out of range; Fe3 Dup perc diff out of range",47.393562413147,0,47.393562413147,"Plate4_8_202507_GWI_UP_A_45 dup","The Fe2 diff std curve R squared is 0.9844, which is slightly below the 0.985 cutoff but I think is reasonable. The check stds for FE3 60 uM were all bad."
"32","FE_2_diff Std curve r2 low; Fe3 Chk Std 60 out of range; Fe3 Dup perc diff out of range",41.818280353481,0,41.818280353481,"Plate4_8_202507_GWI_UP_A_45 dup","The Fe2 diff std curve R squared is 0.9844, which is slightly below the 0.985 cutoff but I think is reasonable. The check stds for FE3 60 uM were all bad."
"33","FE_2_diff Std curve r2 low; Fe3 Chk Std 60 out of range; Fe3 Dup perc diff out of range",39.030639323648,1.14342094206974,40.1740602657177,"Plate4_8_202507_GWI_UP_A_45 dup","The Fe2 diff std curve R squared is 0.9844, which is slightly below the 0.985 cutoff but I think is reasonable. The check stds for FE3 60 uM were all bad."
"34","FE_2_diff Std curve r2 low; Fe3 Chk Std 60 out of range; Fe3 Dup perc diff out of range",248.103716561124,0,248.103716561124,"Plate4_8_202507_GWI_TR_B_10","The Fe2 diff std curve R squared is 0.9844, which is slightly below the 0.985 cutoff but I think is reasonable. The check stds for FE3 60 uM were all bad."
"35","FE_2_diff Std curve r2 low; Fe3 Chk Std 60 out of range; Fe3 Dup perc diff out of range",214.652024203128,0,214.652024203128,"Plate4_8_202507_GWI_TR_B_10","The Fe2 diff std curve R squared is 0.9844, which is slightly below the 0.985 cutoff but I think is reasonable. The check stds for FE3 60 uM were all bad."
"36","FE_2_diff Std curve r2 low; Fe3 Chk Std 60 out of range; Fe3 Dup perc diff out of range",175.625049785466,0,175.625049785466,"Plate4_8_202507_GWI_TR_B_10","The Fe2 diff std curve R squared is 0.9844, which is slightly below the 0.985 cutoff but I think is reasonable. The check stds for FE3 60 uM were all bad."
"37","FE_2_diff Std curve r2 low; Fe3 Chk Std 60 out of range; Fe3 Dup perc diff out of range",3.48500940053949,0,3.48500940053949,"Plate4_1_202507_MSM_WC_C_20","The Fe2 diff std curve R squared is 0.9844, which is slightly below the 0.985 cutoff but I think is reasonable. The check stds for FE3 60 uM were all bad."
"38","FE_2_diff Std curve r2 low; Fe3 Chk Std 60 out of range; Fe3 Dup perc diff out of range",4.53037478672687,0,4.53037478672687,"Plate4_1_202507_MSM_WC_C_20","The Fe2 diff std curve R squared is 0.9844, which is slightly below the 0.985 cutoff but I think is reasonable. The check stds for FE3 60 uM were all bad."
"39","FE_2_diff Std curve r2 low; Fe3 Chk Std 60 out of range; Fe3 Dup perc diff out of range",3.13655427181036,0,3.13655427181036,"Plate4_1_202507_MSM_WC_C_20","The Fe2 diff std curve R squared is 0.9844, which is slightly below the 0.985 cutoff but I think is reasonable. The check stds for FE3 60 uM were all bad."
"40","FE_2_diff Std curve r2 low; Fe3 Chk Std 60 out of range; Fe3 Dup perc diff out of range",94.7834599203083,0,94.7834599203083,"Plate4_8_202507_GWI_UP_B_10","The Fe2 diff std curve R squared is 0.9844, which is slightly below the 0.985 cutoff but I think is reasonable. The check stds for FE3 60 uM were all bad."
"41","FE_2_diff Std curve r2 low; Fe3 Chk Std 60 out of range; Fe3 Dup perc diff out of range",94.7834599203083,0,94.7834599203083,"Plate4_8_202507_GWI_UP_B_10","The Fe2 diff std curve R squared is 0.9844, which is slightly below the 0.985 cutoff but I think is reasonable. The check stds for FE3 60 uM were all bad."
"42","FE_2_diff Std curve r2 low; Fe3 Chk Std 60 out of range; Fe3 Dup perc diff out of range",80.8452547711432,0,80.8452547711432,"Plate4_8_202507_GWI_UP_B_10","The Fe2 diff std curve R squared is 0.9844, which is slightly below the 0.985 cutoff but I think is reasonable. The check stds for FE3 60 uM were all bad."
"43","FE_2_diff Std curve r2 low; Fe3 Chk Std 60 out of range; Fe3 Dup perc diff out of range",105.93402403964,0,105.93402403964,"Plate4_8_202507_GWI_TR_B_20","The Fe2 diff std curve R squared is 0.9844, which is slightly below the 0.985 cutoff but I think is reasonable. The check stds for FE3 60 uM were all bad."
"44","FE_2_diff Std curve r2 low; Fe3 Chk Std 60 out of range; Fe3 Dup perc diff out of range",108.721665069473,0,108.721665069473,"Plate4_8_202507_GWI_TR_B_20","The Fe2 diff std curve R squared is 0.9844, which is slightly below the 0.985 cutoff but I think is reasonable. The check stds for FE3 60 uM were all bad."
"45","FE_2_diff Std curve r2 low; Fe3 Chk Std 60 out of range; Fe3 Dup perc diff out of range",103.146383009807,0,103.146383009807,"Plate4_8_202507_GWI_TR_B_20","The Fe2 diff std curve R squared is 0.9844, which is slightly below the 0.985 cutoff but I think is reasonable. The check stds for FE3 60 uM were all bad."
"46","FE_2_diff Std curve r2 low; Fe3 Chk Std 60 out of range; Fe3 Dup perc diff out of range",16.7263042922463,0,16.7263042922463,"Plate4_1_202507_MSM_SW_A","The Fe2 diff std curve R squared is 0.9844, which is slightly below the 0.985 cutoff but I think is reasonable. The check stds for FE3 60 uM were all bad."
"47","FE_2_diff Std curve r2 low; Fe3 Chk Std 60 out of range; Fe3 Dup perc diff out of range",16.7263042922463,0,16.7263042922463,"Plate4_1_202507_MSM_SW_A","The Fe2 diff std curve R squared is 0.9844, which is slightly below the 0.985 cutoff but I think is reasonable. The check stds for FE3 60 uM were all bad."
"48","FE_2_diff Std curve r2 low; Fe3 Chk Std 60 out of range; Fe3 Dup perc diff out of range",16.3778491635172,0,16.3778491635172,"Plate4_1_202507_MSM_SW_A","The Fe2 diff std curve R squared is 0.9844, which is slightly below the 0.985 cutoff but I think is reasonable. The check stds for FE3 60 uM were all bad."
"49","FE_2_diff Std curve r2 low; Fe3 Chk Std 60 out of range; Fe3 Dup perc diff out of range",242.528434501458,76.182652973049,318.711087474507,"Plate4_8_202507_GWI_UP_B_10 spk","The Fe2 diff std curve R squared is 0.9844, which is slightly below the 0.985 cutoff but I think is reasonable. The check stds for FE3 60 uM were all bad."
"50","FE_2_diff Std curve r2 low; Fe3 Chk Std 60 out of range; Fe3 Dup perc diff out of range",295.493614068285,163.18647317097,458.680087239255,"Plate4_8_202507_GWI_UP_B_10 spk","The Fe2 diff std curve R squared is 0.9844, which is slightly below the 0.985 cutoff but I think is reasonable. The check stds for FE3 60 uM were all bad."
"51","FE_2_diff Std curve r2 low; Fe3 Chk Std 60 out of range; Fe3 Dup perc diff out of range",225.80258832246,113.574940910465,339.377529232925,"Plate4_8_202507_GWI_UP_B_10 spk","The Fe2 diff std curve R squared is 0.9844, which is slightly below the 0.985 cutoff but I think is reasonable. The check stds for FE3 60 uM were all bad."
"52","FE_2_diff Std curve r2 low; Fe3 Chk Std 60 out of range; Fe3 Dup perc diff out of range",4826.91502627685,0,4826.91502627685,"Plate4_8_202507_GWI_TR_B_45","The Fe2 diff std curve R squared is 0.9844, which is slightly below the 0.985 cutoff but I think is reasonable. The check stds for FE3 60 uM were all bad."
"53","FE_2_diff Std curve r2 low; Fe3 Chk Std 60 out of range; Fe3 Dup perc diff out of range",3891.93247381941,0,3891.93247381941,"Plate4_8_202507_GWI_TR_B_45","The Fe2 diff std curve R squared is 0.9844, which is slightly below the 0.985 cutoff but I think is reasonable. The check stds for FE3 60 uM were all bad."
"54","FE_2_diff Std curve r2 low; Fe3 Chk Std 60 out of range; Fe3 Dup perc diff out of range",3688.52023912447,0,3688.52023912447,"Plate4_8_202507_GWI_TR_B_45","The Fe2 diff std curve R squared is 0.9844, which is slightly below the 0.985 cutoff but I think is reasonable. The check stds for FE3 60 uM were all bad."
"55","FE_2_diff Std curve r2 low; Fe3 Chk Std 60 out of range; Fe3 Dup perc diff out of range",5.22728504418512,2.01501975981195,7.24230480399707,"Plate4_1_202507_MSM_SW_B","The Fe2 diff std curve R squared is 0.9844, which is slightly below the 0.985 cutoff but I think is reasonable. The check stds for FE3 60 uM were all bad."
"56","FE_2_diff Std curve r2 low; Fe3 Chk Std 60 out of range; Fe3 Dup perc diff out of range",5.57574017291425,0.59547284209826,6.17121301501251,"Plate4_1_202507_MSM_SW_B","The Fe2 diff std curve R squared is 0.9844, which is slightly below the 0.985 cutoff but I think is reasonable. The check stds for FE3 60 uM were all bad."
"57","FE_2_diff Std curve r2 low; Fe3 Chk Std 60 out of range; Fe3 Dup perc diff out of range",6.96956068783076,0,6.96956068783076,"Plate4_1_202507_MSM_SW_B","The Fe2 diff std curve R squared is 0.9844, which is slightly below the 0.985 cutoff but I think is reasonable. The check stds for FE3 60 uM were all bad."
"58","FE_2_diff Std curve r2 low; Fe3 Chk Std 60 out of range; Fe3 Dup perc diff out of range",131.022793308137,0,131.022793308137,"Plate4_8_202507_GWI_UP_B_20","The Fe2 diff std curve R squared is 0.9844, which is slightly below the 0.985 cutoff but I think is reasonable. The check stds for FE3 60 uM were all bad."
"59","FE_2_diff Std curve r2 low; Fe3 Chk Std 60 out of range; Fe3 Dup perc diff out of range",111.509306099306,0,111.509306099306,"Plate4_8_202507_GWI_UP_B_20","The Fe2 diff std curve R squared is 0.9844, which is slightly below the 0.985 cutoff but I think is reasonable. The check stds for FE3 60 uM were all bad."
"60","FE_2_diff Std curve r2 low; Fe3 Chk Std 60 out of range; Fe3 Dup perc diff out of range",103.146383009807,0,103.146383009807,"Plate4_8_202507_GWI_UP_B_20","The Fe2 diff std curve R squared is 0.9844, which is slightly below the 0.985 cutoff but I think is reasonable. The check stds for FE3 60 uM were all bad."
"61","FE_2_diff Std curve r2 low; Fe3 Chk Std 60 out of range; Fe3 Dup perc diff out of range",16.7295110849838,0,16.7295110849838,"Plate4_8_202507_GWI_TR_C_10","The Fe2 diff std curve R squared is 0.9844, which is slightly below the 0.985 cutoff but I think is reasonable. The check stds for FE3 60 uM were all bad."
"62","FE_2_diff Std curve r2 low; Fe3 Chk Std 60 out of range; Fe3 Dup perc diff out of range",13.9418700551508,0,13.9418700551508,"Plate4_8_202507_GWI_TR_C_10","The Fe2 diff std curve R squared is 0.9844, which is slightly below the 0.985 cutoff but I think is reasonable. The check stds for FE3 60 uM were all bad."
"63","FE_2_diff Std curve r2 low; Fe3 Chk Std 60 out of range; Fe3 Dup perc diff out of range",13.9418700551508,0,13.9418700551508,"Plate4_8_202507_GWI_TR_C_10","The Fe2 diff std curve R squared is 0.9844, which is slightly below the 0.985 cutoff but I think is reasonable. The check stds for FE3 60 uM were all bad."
"64","FE_2_diff Std curve r2 low; Fe3 Chk Std 60 out of range; Fe3 Dup perc diff out of range",257.652795195618,0,257.652795195618,"Plate4_1_202507_MSM_SW_C","The Fe2 diff std curve R squared is 0.9844, which is slightly below the 0.985 cutoff but I think is reasonable. The check stds for FE3 60 uM were all bad."
"65","FE_2_diff Std curve r2 low; Fe3 Chk Std 60 out of range; Fe3 Dup perc diff out of range",238.917457789505,0,238.917457789505,"Plate4_1_202507_MSM_SW_C","The Fe2 diff std curve R squared is 0.9844, which is slightly below the 0.985 cutoff but I think is reasonable. The check stds for FE3 60 uM were all bad."
"66","FE_2_diff Std curve r2 low; Fe3 Chk Std 60 out of range; Fe3 Dup perc diff out of range",234.902742631052,0,234.902742631052,"Plate4_1_202507_MSM_SW_C","The Fe2 diff std curve R squared is 0.9844, which is slightly below the 0.985 cutoff but I think is reasonable. The check stds for FE3 60 uM were all bad."
"67","FE_2_diff Std curve r2 low; Fe3 Chk Std 60 out of range; Fe3 Dup perc diff out of range",27.8800752043159,0,27.8800752043159,"Plate4_8_202507_GWI_UP_B_45","The Fe2 diff std curve R squared is 0.9844, which is slightly below the 0.985 cutoff but I think is reasonable. The check stds for FE3 60 uM were all bad."
"68","FE_2_diff Std curve r2 low; Fe3 Chk Std 60 out of range; Fe3 Dup perc diff out of range",27.8800752043159,0,27.8800752043159,"Plate4_8_202507_GWI_UP_B_45","The Fe2 diff std curve R squared is 0.9844, which is slightly below the 0.985 cutoff but I think is reasonable. The check stds for FE3 60 uM were all bad."
"69","FE_2_diff Std curve r2 low; Fe3 Chk Std 60 out of range; Fe3 Dup perc diff out of range",25.0924341744829,0,25.0924341744829,"Plate4_8_202507_GWI_UP_B_45","The Fe2 diff std curve R squared is 0.9844, which is slightly below the 0.985 cutoff but I think is reasonable. The check stds for FE3 60 uM were all bad."
"70","FE_2_diff Std curve r2 low; Fe3 Chk Std 60 out of range; Fe3 Dup perc diff out of range",1272.55387266,0,1272.55387266,"Plate4_8_202507_GWI_TR_C_20","The Fe2 diff std curve R squared is 0.9844, which is slightly below the 0.985 cutoff but I think is reasonable. The check stds for FE3 60 uM were all bad."
"71","FE_2_diff Std curve r2 low; Fe3 Chk Std 60 out of range; Fe3 Dup perc diff out of range",1169.06343746433,0,1169.06343746433,"Plate4_8_202507_GWI_TR_C_20","The Fe2 diff std curve R squared is 0.9844, which is slightly below the 0.985 cutoff but I think is reasonable. The check stds for FE3 60 uM were all bad."
"72","FE_2_diff Std curve r2 low; Fe3 Chk Std 60 out of range; Fe3 Dup perc diff out of range",1151.22025898232,0,1151.22025898232,"Plate4_8_202507_GWI_TR_C_20","The Fe2 diff std curve R squared is 0.9844, which is slightly below the 0.985 cutoff but I think is reasonable. The check stds for FE3 60 uM were all bad."
"73","FE_2_diff Std curve r2 low; Fe3 Chk Std 60 out of range; Fe3 Dup perc diff out of range",2011.26146181531,0,2011.26146181531,"Plate5_8_202507_GW_WC_A_10","The Fe2 diff std curve R squared is 0.9844, which is slightly below the 0.985 cutoff but I think is reasonable. The check stds for FE3 60 uM were all bad."
"74","FE_2_diff Std curve r2 low; Fe3 Chk Std 60 out of range; Fe3 Dup perc diff out of range",1843.53558408439,0,1843.53558408439,"Plate5_8_202507_GW_WC_A_10","The Fe2 diff std curve R squared is 0.9844, which is slightly below the 0.985 cutoff but I think is reasonable. The check stds for FE3 60 uM were all bad."
"75","FE_2_diff Std curve r2 low; Fe3 Chk Std 60 out of range; Fe3 Dup perc diff out of range",1504.51519292616,0,1504.51519292616,"Plate5_8_202507_GW_WC_A_10","The Fe2 diff std curve R squared is 0.9844, which is slightly below the 0.985 cutoff but I think is reasonable. The check stds for FE3 60 uM were all bad."
"76","FE_2_diff Std curve r2 low; Fe3 Chk Std 60 out of range; Fe3 Dup perc diff out of range",1.39427862816472,0.074627535905626,1.46890616407035,"Plate5_1_202507_GWI_SW_B","The Fe2 diff std curve R squared is 0.9844, which is slightly below the 0.985 cutoff but I think is reasonable. The check stds for FE3 60 uM were all bad."
"77","FE_2_diff Std curve r2 low; Fe3 Chk Std 60 out of range; Fe3 Dup perc diff out of range",1.74273375689385,0,1.74273375689385,"Plate5_1_202507_GWI_SW_B","The Fe2 diff std curve R squared is 0.9844, which is slightly below the 0.985 cutoff but I think is reasonable. The check stds for FE3 60 uM were all bad."
"78","FE_2_diff Std curve r2 low; Fe3 Chk Std 60 out of range; Fe3 Dup perc diff out of range",1.39427862816472,0.074627535905626,1.46890616407035,"Plate5_1_202507_GWI_SW_B","The Fe2 diff std curve R squared is 0.9844, which is slightly below the 0.985 cutoff but I think is reasonable. The check stds for FE3 60 uM were all bad."
"79","FE_2_diff Std curve r2 low; Fe3 Chk Std 60 out of range; Fe3 Dup perc diff out of range",601.650361736337,0,601.650361736337,"Plate5_8_202507_SWH_UP_B_20","The Fe2 diff std curve R squared is 0.9844, which is slightly below the 0.985 cutoff but I think is reasonable. The check stds for FE3 60 uM were all bad."
"80","FE_2_diff Std curve r2 low; Fe3 Chk Std 60 out of range; Fe3 Dup perc diff out of range",443.238588649435,0,443.238588649435,"Plate5_8_202507_SWH_UP_B_20","The Fe2 diff std curve R squared is 0.9844, which is slightly below the 0.985 cutoff but I think is reasonable. The check stds for FE3 60 uM were all bad."
"81","FE_2_diff Std curve r2 low; Fe3 Chk Std 60 out of range; Fe3 Dup perc diff out of range",409.786896291439,0,409.786896291439,"Plate5_8_202507_SWH_UP_B_20","The Fe2 diff std curve R squared is 0.9844, which is slightly below the 0.985 cutoff but I think is reasonable. The check stds for FE3 60 uM were all bad."
"82","FE_2_diff Std curve r2 low; Fe3 Chk Std 60 out of range; Fe3 Dup perc diff out of range",4077.50153003233,0,4077.50153003233,"Plate5_8_202507_GWI_WC_A_45","The Fe2 diff std curve R squared is 0.9844, which is slightly below the 0.985 cutoff but I think is reasonable. The check stds for FE3 60 uM were all bad."
"83","FE_2_diff Std curve r2 low; Fe3 Chk Std 60 out of range; Fe3 Dup perc diff out of range",3385.18620493026,0,3385.18620493026,"Plate5_8_202507_GWI_WC_A_45","The Fe2 diff std curve R squared is 0.9844, which is slightly below the 0.985 cutoff but I think is reasonable. The check stds for FE3 60 uM were all bad."
"84","FE_2_diff Std curve r2 low; Fe3 Chk Std 60 out of range; Fe3 Dup perc diff out of range",3488.67664012593,0,3488.67664012593,"Plate5_8_202507_GWI_WC_A_45","The Fe2 diff std curve R squared is 0.9844, which is slightly below the 0.985 cutoff but I think is reasonable. The check stds for FE3 60 uM were all bad."
"85","FE_2_diff Std curve r2 low; Fe3 Chk Std 60 out of range; Fe3 Dup perc diff out of range",1.39427862816472,0,1.39427862816472,"Plate5_1_202507_GWI_SW_C","The Fe2 diff std curve R squared is 0.9844, which is slightly below the 0.985 cutoff but I think is reasonable. The check stds for FE3 60 uM were all bad."
"86","FE_2_diff Std curve r2 low; Fe3 Chk Std 60 out of range; Fe3 Dup perc diff out of range",1.0458234994356,0,1.0458234994356,"Plate5_1_202507_GWI_SW_C","The Fe2 diff std curve R squared is 0.9844, which is slightly below the 0.985 cutoff but I think is reasonable. The check stds for FE3 60 uM were all bad."
"87","FE_2_diff Std curve r2 low; Fe3 Chk Std 60 out of range; Fe3 Dup perc diff out of range",1.0458234994356,0,1.0458234994356,"Plate5_1_202507_GWI_SW_C","The Fe2 diff std curve R squared is 0.9844, which is slightly below the 0.985 cutoff but I think is reasonable. The check stds for FE3 60 uM were all bad."
"88","FE_2_diff Std curve r2 low; Fe3 Chk Std 60 out of range; Fe3 Dup perc diff out of range",722.983975414021,0,722.983975414021,"Plate5_8_202507_SWH_UP_B_45","The Fe2 diff std curve R squared is 0.9844, which is slightly below the 0.985 cutoff but I think is reasonable. The check stds for FE3 60 uM were all bad."
"89","FE_2_diff Std curve r2 low; Fe3 Chk Std 60 out of range; Fe3 Dup perc diff out of range",669.454439967984,0,669.454439967984,"Plate5_8_202507_SWH_UP_B_45","The Fe2 diff std curve R squared is 0.9844, which is slightly below the 0.985 cutoff but I think is reasonable. The check stds for FE3 60 uM were all bad."
"90","FE_2_diff Std curve r2 low; Fe3 Chk Std 60 out of range; Fe3 Dup perc diff out of range",890.709853144936,0,890.709853144936,"Plate5_8_202507_SWH_UP_B_45","The Fe2 diff std curve R squared is 0.9844, which is slightly below the 0.985 cutoff but I think is reasonable. The check stds for FE3 60 uM were all bad."
"91","FE_2_diff Std curve r2 low; Fe3 Chk Std 60 out of range; Fe3 Dup perc diff out of range",2239.65414638507,0,2239.65414638507,"Plate5_8_202507_GWI_WC_B_10","The Fe2 diff std curve R squared is 0.9844, which is slightly below the 0.985 cutoff but I think is reasonable. The check stds for FE3 60 uM were all bad."
"92","FE_2_diff Std curve r2 low; Fe3 Chk Std 60 out of range; Fe3 Dup perc diff out of range",1936.32011219086,0,1936.32011219086,"Plate5_8_202507_GWI_WC_B_10","The Fe2 diff std curve R squared is 0.9844, which is slightly below the 0.985 cutoff but I think is reasonable. The check stds for FE3 60 uM were all bad."
"93","FE_2_diff Std curve r2 low; Fe3 Chk Std 60 out of range; Fe3 Dup perc diff out of range",2104.04598992177,0,2104.04598992177,"Plate5_8_202507_GWI_WC_B_10","The Fe2 diff std curve R squared is 0.9844, which is slightly below the 0.985 cutoff but I think is reasonable. The check stds for FE3 60 uM were all bad."
"94","FE_2_diff Std curve r2 low; Fe3 Chk Std 60 out of range; Fe3 Dup perc diff out of range",309.431819217451,0,309.431819217451,"Plate5_8_202507_SWH_UP_A_10","The Fe2 diff std curve R squared is 0.9844, which is slightly below the 0.985 cutoff but I think is reasonable. The check stds for FE3 60 uM were all bad."
"95","FE_2_diff Std curve r2 low; Fe3 Chk Std 60 out of range; Fe3 Dup perc diff out of range",315.007101277117,0,315.007101277117,"Plate5_8_202507_SWH_UP_A_10","The Fe2 diff std curve R squared is 0.9844, which is slightly below the 0.985 cutoff but I think is reasonable. The check stds for FE3 60 uM were all bad."
"96","FE_2_diff Std curve r2 low; Fe3 Chk Std 60 out of range; Fe3 Dup perc diff out of range",267.617203769955,0,267.617203769955,"Plate5_8_202507_SWH_UP_A_10","The Fe2 diff std curve R squared is 0.9844, which is slightly below the 0.985 cutoff but I think is reasonable. The check stds for FE3 60 uM were all bad."
"97","FE_2_diff Std curve r2 low; Fe3 Chk Std 60 out of range; Fe3 Dup perc diff out of range",178.412690815299,0,178.412690815299,"Plate5_8_202507_SWH_UP_C_10","The Fe2 diff std curve R squared is 0.9844, which is slightly below the 0.985 cutoff but I think is reasonable. The check stds for FE3 60 uM were all bad."
"98","FE_2_diff Std curve r2 low; Fe3 Chk Std 60 out of range; Fe3 Dup perc diff out of range",170.0497677258,0,170.0497677258,"Plate5_8_202507_SWH_UP_C_10","The Fe2 diff std curve R squared is 0.9844, which is slightly below the 0.985 cutoff but I think is reasonable. The check stds for FE3 60 uM were all bad."
"99","FE_2_diff Std curve r2 low; Fe3 Chk Std 60 out of range; Fe3 Dup perc diff out of range",153.323921546802,0,153.323921546802,"Plate5_8_202507_SWH_UP_C_10","The Fe2 diff std curve R squared is 0.9844, which is slightly below the 0.985 cutoff but I think is reasonable. The check stds for FE3 60 uM were all bad."
"100","FE_2_diff Std curve r2 low; Fe3 Chk Std 60 out of range; Fe3 Dup perc diff out of range",2225.37960359946,0,2225.37960359946,"Plate5_8_202507_GWI_WC_B_20","The Fe2 diff std curve R squared is 0.9844, which is slightly below the 0.985 cutoff but I think is reasonable. The check stds for FE3 60 uM were all bad."
"101","FE_2_diff Std curve r2 low; Fe3 Chk Std 60 out of range; Fe3 Dup perc diff out of range",1904.20239092324,0,1904.20239092324,"Plate5_8_202507_GWI_WC_B_20","The Fe2 diff std curve R squared is 0.9844, which is slightly below the 0.985 cutoff but I think is reasonable. The check stds for FE3 60 uM were all bad."
"102","FE_2_diff Std curve r2 low; Fe3 Chk Std 60 out of range; Fe3 Dup perc diff out of range",1839.96694838799,0,1839.96694838799,"Plate5_8_202507_GWI_WC_B_20","The Fe2 diff std curve R squared is 0.9844, which is slightly below the 0.985 cutoff but I think is reasonable. The check stds for FE3 60 uM were all bad."
"103","FE_2_diff Std curve r2 low; Fe3 Chk Std 60 out of range; Fe3 Dup perc diff out of range",323.370024366616,0,323.370024366616,"Plate5_8_202507_SWH_UP_A_10 dup","The Fe2 diff std curve R squared is 0.9844, which is slightly below the 0.985 cutoff but I think is reasonable. The check stds for FE3 60 uM were all bad."
"104","FE_2_diff Std curve r2 low; Fe3 Chk Std 60 out of range; Fe3 Dup perc diff out of range",312.219460247284,0,312.219460247284,"Plate5_8_202507_SWH_UP_A_10 dup","The Fe2 diff std curve R squared is 0.9844, which is slightly below the 0.985 cutoff but I think is reasonable. The check stds for FE3 60 uM were all bad."
"105","FE_2_diff Std curve r2 low; Fe3 Chk Std 60 out of range; Fe3 Dup perc diff out of range",278.767767889287,0,278.767767889287,"Plate5_8_202507_SWH_UP_A_10 dup","The Fe2 diff std curve R squared is 0.9844, which is slightly below the 0.985 cutoff but I think is reasonable. The check stds for FE3 60 uM were all bad."
"106","FE_2_diff Std curve r2 low; Fe3 Chk Std 60 out of range; Fe3 Dup perc diff out of range",376.335203933443,0,376.335203933443,"Plate5_8_202507_SWH_UP_C_20","The Fe2 diff std curve R squared is 0.9844, which is slightly below the 0.985 cutoff but I think is reasonable. The check stds for FE3 60 uM were all bad."
"107","FE_2_diff Std curve r2 low; Fe3 Chk Std 60 out of range; Fe3 Dup perc diff out of range",365.184639814111,0,365.184639814111,"Plate5_8_202507_SWH_UP_C_20","The Fe2 diff std curve R squared is 0.9844, which is slightly below the 0.985 cutoff but I think is reasonable. The check stds for FE3 60 uM were all bad."
"108","FE_2_diff Std curve r2 low; Fe3 Chk Std 60 out of range; Fe3 Dup perc diff out of range",356.821716724612,0,356.821716724612,"Plate5_8_202507_SWH_UP_C_20","The Fe2 diff std curve R squared is 0.9844, which is slightly below the 0.985 cutoff but I think is reasonable. The check stds for FE3 60 uM were all bad."
"109","FE_2_diff Std curve r2 low; Fe3 Chk Std 60 out of range; Fe3 Dup perc diff out of range",2782.08677223824,0,2782.08677223824,"Plate5_8_202507_GWI_WC_B_45","The Fe2 diff std curve R squared is 0.9844, which is slightly below the 0.985 cutoff but I think is reasonable. The check stds for FE3 60 uM were all bad."
"110","FE_2_diff Std curve r2 low; Fe3 Chk Std 60 out of range; Fe3 Dup perc diff out of range",2667.89042995336,0,2667.89042995336,"Plate5_8_202507_GWI_WC_B_45","The Fe2 diff std curve R squared is 0.9844, which is slightly below the 0.985 cutoff but I think is reasonable. The check stds for FE3 60 uM were all bad."
"111","FE_2_diff Std curve r2 low; Fe3 Chk Std 60 out of range; Fe3 Dup perc diff out of range",2464.47819525842,0,2464.47819525842,"Plate5_8_202507_GWI_WC_B_45","The Fe2 diff std curve R squared is 0.9844, which is slightly below the 0.985 cutoff but I think is reasonable. The check stds for FE3 60 uM were all bad."
"112","FE_2_diff Std curve r2 low; Fe3 Chk Std 60 out of range; Fe3 Dup perc diff out of range",1443.84838608732,154.246021470966,1598.09440755828,"Plate5_8_202507_SWH_UP_A_20","The Fe2 diff std curve R squared is 0.9844, which is slightly below the 0.985 cutoff but I think is reasonable. The check stds for FE3 60 uM were all bad."
"113","FE_2_diff Std curve r2 low; Fe3 Chk Std 60 out of range; Fe3 Dup perc diff out of range",1372.47567215927,0,1372.47567215927,"Plate5_8_202507_SWH_UP_A_20","The Fe2 diff std curve R squared is 0.9844, which is slightly below the 0.985 cutoff but I think is reasonable. The check stds for FE3 60 uM were all bad."
"114","FE_2_diff Std curve r2 low; Fe3 Chk Std 60 out of range; Fe3 Dup perc diff out of range",1429.57384330171,0,1429.57384330171,"Plate5_8_202507_SWH_UP_A_20","The Fe2 diff std curve R squared is 0.9844, which is slightly below the 0.985 cutoff but I think is reasonable. The check stds for FE3 60 uM were all bad."
"115","FE_2_diff Std curve r2 low; Fe3 Chk Std 60 out of range; Fe3 Dup perc diff out of range",164.474485666134,0,164.474485666134,"Plate5_8_202507_SWH_UP_C_45","The Fe2 diff std curve R squared is 0.9844, which is slightly below the 0.985 cutoff but I think is reasonable. The check stds for FE3 60 uM were all bad."
"116","FE_2_diff Std curve r2 low; Fe3 Chk Std 60 out of range; Fe3 Dup perc diff out of range",144.960998457303,0,144.960998457303,"Plate5_8_202507_SWH_UP_C_45","The Fe2 diff std curve R squared is 0.9844, which is slightly below the 0.985 cutoff but I think is reasonable. The check stds for FE3 60 uM were all bad."
"117","FE_2_diff Std curve r2 low; Fe3 Chk Std 60 out of range; Fe3 Dup perc diff out of range",136.598075367804,0,136.598075367804,"Plate5_8_202507_SWH_UP_C_45","The Fe2 diff std curve R squared is 0.9844, which is slightly below the 0.985 cutoff but I think is reasonable. The check stds for FE3 60 uM were all bad."
"118","FE_2_diff Std curve r2 low; Fe3 Chk Std 60 out of range; Fe3 Dup perc diff out of range",2107.61462561818,0,2107.61462561818,"Plate5_8_202507_GWI_WC_C_10","The Fe2 diff std curve R squared is 0.9844, which is slightly below the 0.985 cutoff but I think is reasonable. The check stds for FE3 60 uM were all bad."
"119","FE_2_diff Std curve r2 low; Fe3 Chk Std 60 out of range; Fe3 Dup perc diff out of range",2610.79225881092,0,2610.79225881092,"Plate5_8_202507_GWI_WC_C_10","The Fe2 diff std curve R squared is 0.9844, which is slightly below the 0.985 cutoff but I think is reasonable. The check stds for FE3 60 uM were all bad."
"120","FE_2_diff Std curve r2 low; Fe3 Chk Std 60 out of range; Fe3 Dup perc diff out of range",2096.90871852897,0,2096.90871852897,"Plate5_8_202507_GWI_WC_C_10","The Fe2 diff std curve R squared is 0.9844, which is slightly below the 0.985 cutoff but I think is reasonable. The check stds for FE3 60 uM were all bad."
"121","FE_2_diff Std curve r2 low; Fe3 Chk Std 60 out of range; Fe3 Dup perc diff out of range",1044.16118809024,45.656300158219,1089.81748824846,"Plate5_8_202507_SWH_UP_A_20 spk","The Fe2 diff std curve R squared is 0.9844, which is slightly below the 0.985 cutoff but I think is reasonable. The check stds for FE3 60 uM were all bad."
"122","FE_2_diff Std curve r2 low; Fe3 Chk Std 60 out of range; Fe3 Dup perc diff out of range",1047.72982378664,564.295698274517,1612.02552206116,"Plate5_8_202507_SWH_UP_A_20 spk","The Fe2 diff std curve R squared is 0.9844, which is slightly below the 0.985 cutoff but I think is reasonable. The check stds for FE3 60 uM were all bad."
"123","FE_2_diff Std curve r2 low; Fe3 Chk Std 60 out of range; Fe3 Dup perc diff out of range",897.847124537741,351.97085585363,1249.81798039137,"Plate5_8_202507_SWH_UP_A_20 spk","The Fe2 diff std curve R squared is 0.9844, which is slightly below the 0.985 cutoff but I think is reasonable. The check stds for FE3 60 uM were all bad."
"124","FE_2_diff Std curve r2 low; Fe3 Chk Std 60 out of range; Fe3 Dup perc diff out of range",281.741086146335,0,281.741086146335,"Plate5_1_202507_SWH_SWAMP_A_10","The Fe2 diff std curve R squared is 0.9844, which is slightly below the 0.985 cutoff but I think is reasonable. The check stds for FE3 60 uM were all bad."
"125","FE_2_diff Std curve r2 low; Fe3 Chk Std 60 out of range; Fe3 Dup perc diff out of range",271.481258519178,0,271.481258519178,"Plate5_1_202507_SWH_SWAMP_A_10","The Fe2 diff std curve R squared is 0.9844, which is slightly below the 0.985 cutoff but I think is reasonable. The check stds for FE3 60 uM were all bad."
"126","FE_2_diff Std curve r2 low; Fe3 Chk Std 60 out of range; Fe3 Dup perc diff out of range",267.020463898674,0,267.020463898674,"Plate5_1_202507_SWH_SWAMP_A_10","The Fe2 diff std curve R squared is 0.9844, which is slightly below the 0.985 cutoff but I think is reasonable. The check stds for FE3 60 uM were all bad."
"127","FE_2_diff Std curve r2 low; Fe3 Chk Std 60 out of range; Fe3 Dup perc diff out of range",167.262126695967,0,167.262126695967,"Plate5_8_202507_GWI_WC_C_45","The Fe2 diff std curve R squared is 0.9844, which is slightly below the 0.985 cutoff but I think is reasonable. The check stds for FE3 60 uM were all bad."
"128","FE_2_diff Std curve r2 low; Fe3 Chk Std 60 out of range; Fe3 Dup perc diff out of range",150.536280516969,0,150.536280516969,"Plate5_8_202507_GWI_WC_C_45","The Fe2 diff std curve R squared is 0.9844, which is slightly below the 0.985 cutoff but I think is reasonable. The check stds for FE3 60 uM were all bad."
"129","FE_2_diff Std curve r2 low; Fe3 Chk Std 60 out of range; Fe3 Dup perc diff out of range",144.960998457303,0,144.960998457303,"Plate5_8_202507_GWI_WC_C_45","The Fe2 diff std curve R squared is 0.9844, which is slightly below the 0.985 cutoff but I think is reasonable. The check stds for FE3 60 uM were all bad."
"130","FE_2_diff Std curve r2 low; Fe3 Chk Std 60 out of range; Fe3 Dup perc diff out of range",220.227306262794,0,220.227306262794,"Plate5_8_202507_SWH_UP_A_45","The Fe2 diff std curve R squared is 0.9844, which is slightly below the 0.985 cutoff but I think is reasonable. The check stds for FE3 60 uM were all bad."
"131","FE_2_diff Std curve r2 low; Fe3 Chk Std 60 out of range; Fe3 Dup perc diff out of range",209.076742143462,0,209.076742143462,"Plate5_8_202507_SWH_UP_A_45","The Fe2 diff std curve R squared is 0.9844, which is slightly below the 0.985 cutoff but I think is reasonable. The check stds for FE3 60 uM were all bad."
"132","FE_2_diff Std curve r2 low; Fe3 Chk Std 60 out of range; Fe3 Dup perc diff out of range",183.987972874965,0,183.987972874965,"Plate5_8_202507_SWH_UP_A_45","The Fe2 diff std curve R squared is 0.9844, which is slightly below the 0.985 cutoff but I think is reasonable. The check stds for FE3 60 uM were all bad."
"133","FE_2_diff Std curve r2 low; Fe3 Chk Std 60 out of range; Fe3 Dup perc diff out of range",163.083949240953,0,163.083949240953,"Plate5_1_202507_SWH_SWAMP_A_20","The Fe2 diff std curve R squared is 0.9844, which is slightly below the 0.985 cutoff but I think is reasonable. The check stds for FE3 60 uM were all bad."
"134","FE_2_diff Std curve r2 low; Fe3 Chk Std 60 out of range; Fe3 Dup perc diff out of range",151.485883227645,0,151.485883227645,"Plate5_1_202507_SWH_SWAMP_A_20","The Fe2 diff std curve R squared is 0.9844, which is slightly below the 0.985 cutoff but I think is reasonable. The check stds for FE3 60 uM were all bad."
"135","FE_2_diff Std curve r2 low; Fe3 Chk Std 60 out of range; Fe3 Dup perc diff out of range",149.255485917393,0,149.255485917393,"Plate5_1_202507_SWH_SWAMP_A_20","The Fe2 diff std curve R squared is 0.9844, which is slightly below the 0.985 cutoff but I think is reasonable. The check stds for FE3 60 uM were all bad."
"136","FE_2_diff Std curve r2 low; Fe3 Chk Std 60 out of range; Fe3 Dup perc diff out of range",3.48500940053949,0,3.48500940053949,"Plate5_1_202507_GWI_SW_A","The Fe2 diff std curve R squared is 0.9844, which is slightly below the 0.985 cutoff but I think is reasonable. The check stds for FE3 60 uM were all bad."
"137","FE_2_diff Std curve r2 low; Fe3 Chk Std 60 out of range; Fe3 Dup perc diff out of range",3.83346452926861,0,3.83346452926861,"Plate5_1_202507_GWI_SW_A","The Fe2 diff std curve R squared is 0.9844, which is slightly below the 0.985 cutoff but I think is reasonable. The check stds for FE3 60 uM were all bad."
"138","FE_2_diff Std curve r2 low; Fe3 Chk Std 60 out of range; Fe3 Dup perc diff out of range",3.83346452926861,0,3.83346452926861,"Plate5_1_202507_GWI_SW_A","The Fe2 diff std curve R squared is 0.9844, which is slightly below the 0.985 cutoff but I think is reasonable. The check stds for FE3 60 uM were all bad."
"139","FE_2_diff Std curve r2 low; Fe3 Chk Std 60 out of range; Fe3 Dup perc diff out of range",72.4823316816442,0,72.4823316816442,"Plate5_8_202507_SWH_UP_B_10","The Fe2 diff std curve R squared is 0.9844, which is slightly below the 0.985 cutoff but I think is reasonable. The check stds for FE3 60 uM were all bad."
"140","FE_2_diff Std curve r2 low; Fe3 Chk Std 60 out of range; Fe3 Dup perc diff out of range",64.1194085921451,0,64.1194085921451,"Plate5_8_202507_SWH_UP_B_10","The Fe2 diff std curve R squared is 0.9844, which is slightly below the 0.985 cutoff but I think is reasonable. The check stds for FE3 60 uM were all bad."
"141","FE_2_diff Std curve r2 low; Fe3 Chk Std 60 out of range; Fe3 Dup perc diff out of range",58.5441265324791,0,58.5441265324791,"Plate5_8_202507_SWH_UP_B_10","The Fe2 diff std curve R squared is 0.9844, which is slightly below the 0.985 cutoff but I think is reasonable. The check stds for FE3 60 uM were all bad."
"142","FE_2_diff Std curve r2 low; Fe3 Chk Std 60 out of range; Fe3 Dup perc diff out of range",189.402637501921,0,189.402637501921,"Plate5_1_202507_SWH_SWAMP_A_45","The Fe2 diff std curve R squared is 0.9844, which is slightly below the 0.985 cutoff but I think is reasonable. The check stds for FE3 60 uM were all bad."
"143","FE_2_diff Std curve r2 low; Fe3 Chk Std 60 out of range; Fe3 Dup perc diff out of range",101.52498347801,0,101.52498347801,"Plate5_1_202507_SWH_SWAMP_A_45","The Fe2 diff std curve R squared is 0.9844, which is slightly below the 0.985 cutoff but I think is reasonable. The check stds for FE3 60 uM were all bad."
"144","FE_2_diff Std curve r2 low; Fe3 Chk Std 60 out of range; Fe3 Dup perc diff out of range",173.78985633016,0,173.78985633016,"Plate5_1_202507_SWH_SWAMP_A_45","The Fe2 diff std curve R squared is 0.9844, which is slightly below the 0.985 cutoff but I think is reasonable. The check stds for FE3 60 uM were all bad."
"145","FE_2_diff Std curve r2 low; Fe3 Chk Std 60 out of range; Fe3 Dup perc diff out of range",358.912833081038,0,358.912833081038,"Plate6_1_202507_SWH_SWAMP_B_10","The Fe2 diff std curve R squared is 0.9844, which is slightly below the 0.985 cutoff but I think is reasonable. The check stds for FE3 60 uM were all bad."
"146","FE_2_diff Std curve r2 low; Fe3 Chk Std 60 out of range; Fe3 Dup perc diff out of range",359.358912543088,0,359.358912543088,"Plate6_1_202507_SWH_SWAMP_B_10","The Fe2 diff std curve R squared is 0.9844, which is slightly below the 0.985 cutoff but I think is reasonable. The check stds for FE3 60 uM were all bad."
"147","FE_2_diff Std curve r2 low; Fe3 Chk Std 60 out of range; Fe3 Dup perc diff out of range",370.064819632296,0,370.064819632296,"Plate6_1_202507_SWH_SWAMP_B_10","The Fe2 diff std curve R squared is 0.9844, which is slightly below the 0.985 cutoff but I think is reasonable. The check stds for FE3 60 uM were all bad."
"148","FE_2_diff Std curve r2 low; Fe3 Chk Std 60 out of range; Fe3 Dup perc diff out of range",4.53037478672687,0,4.53037478672687,"Plate6_1_202507_SWH_TR_A_45","The Fe2 diff std curve R squared is 0.9844, which is slightly below the 0.985 cutoff but I think is reasonable. The check stds for FE3 60 uM were all bad."
"149","FE_2_diff Std curve r2 low; Fe3 Chk Std 60 out of range; Fe3 Dup perc diff out of range",3.48500940053949,0,3.48500940053949,"Plate6_1_202507_SWH_TR_A_45","The Fe2 diff std curve R squared is 0.9844, which is slightly below the 0.985 cutoff but I think is reasonable. The check stds for FE3 60 uM were all bad."
"150","FE_2_diff Std curve r2 low; Fe3 Chk Std 60 out of range; Fe3 Dup perc diff out of range",3.48500940053949,0,3.48500940053949,"Plate6_1_202507_SWH_TR_A_45","The Fe2 diff std curve R squared is 0.9844, which is slightly below the 0.985 cutoff but I think is reasonable. The check stds for FE3 60 uM were all bad."
"151","FE_2_diff Std curve r2 low; Fe3 Chk Std 60 out of range; Fe3 Dup perc diff out of range",7.31801581655988,0,7.31801581655988,"Plate6_1_202507_SWH_TR_C_45","The Fe2 diff std curve R squared is 0.9844, which is slightly below the 0.985 cutoff but I think is reasonable. The check stds for FE3 60 uM were all bad."
"152","FE_2_diff Std curve r2 low; Fe3 Chk Std 60 out of range; Fe3 Dup perc diff out of range",6.62110555910163,0,6.62110555910163,"Plate6_1_202507_SWH_TR_C_45","The Fe2 diff std curve R squared is 0.9844, which is slightly below the 0.985 cutoff but I think is reasonable. The check stds for FE3 60 uM were all bad."
"153","FE_2_diff Std curve r2 low; Fe3 Chk Std 60 out of range; Fe3 Dup perc diff out of range",6.2726504303725,0,6.2726504303725,"Plate6_1_202507_SWH_TR_C_45","The Fe2 diff std curve R squared is 0.9844, which is slightly below the 0.985 cutoff but I think is reasonable. The check stds for FE3 60 uM were all bad."
"154","FE_2_diff Std curve r2 low; Fe3 Chk Std 60 out of range; Fe3 Dup perc diff out of range",56.4501889673668,26.482392350995,82.9325813183619,"Plate6_1_202507_SWH_SWAMP_B_20","The Fe2 diff std curve R squared is 0.9844, which is slightly below the 0.985 cutoff but I think is reasonable. The check stds for FE3 60 uM were all bad."
"155","FE_2_diff Std curve r2 low; Fe3 Chk Std 60 out of range; Fe3 Dup perc diff out of range",134.088784207683,0,134.088784207683,"Plate6_1_202507_SWH_SWAMP_B_20","The Fe2 diff std curve R squared is 0.9844, which is slightly below the 0.985 cutoff but I think is reasonable. The check stds for FE3 60 uM were all bad."
"156","FE_2_diff Std curve r2 low; Fe3 Chk Std 60 out of range; Fe3 Dup perc diff out of range",151.485883227645,0,151.485883227645,"Plate6_1_202507_SWH_SWAMP_B_20","The Fe2 diff std curve R squared is 0.9844, which is slightly below the 0.985 cutoff but I think is reasonable. The check stds for FE3 60 uM were all bad."
"157","FE_2_diff Std curve r2 low; Fe3 Chk Std 60 out of range; Fe3 Dup perc diff out of range",308.951933331403,0,308.951933331403,"Plate6_1_202507_SWH_TR_B_10","The Fe2 diff std curve R squared is 0.9844, which is slightly below the 0.985 cutoff but I think is reasonable. The check stds for FE3 60 uM were all bad."
"158","FE_2_diff Std curve r2 low; Fe3 Chk Std 60 out of range; Fe3 Dup perc diff out of range",304.4911387109,0,304.4911387109,"Plate6_1_202507_SWH_TR_B_10","The Fe2 diff std curve R squared is 0.9844, which is slightly below the 0.985 cutoff but I think is reasonable. The check stds for FE3 60 uM were all bad."
"159","FE_2_diff Std curve r2 low; Fe3 Chk Std 60 out of range; Fe3 Dup perc diff out of range",380.324647259453,0,380.324647259453,"Plate6_1_202507_SWH_TR_B_10","The Fe2 diff std curve R squared is 0.9844, which is slightly below the 0.985 cutoff but I think is reasonable. The check stds for FE3 60 uM were all bad."
"160","FE_2_diff Std curve r2 low; Fe3 Chk Std 60 out of range; Fe3 Dup perc diff out of range",10.8025671038512,9.47562712425634,20.2781942281075,"Plate6_1_202507_SWH_WC_A_10","The Fe2 diff std curve R squared is 0.9844, which is slightly below the 0.985 cutoff but I think is reasonable. The check stds for FE3 60 uM were all bad."
"161","FE_2_diff Std curve r2 low; Fe3 Chk Std 60 out of range; Fe3 Dup perc diff out of range",23.6954068668289,0,23.6954068668289,"Plate6_1_202507_SWH_WC_A_10","The Fe2 diff std curve R squared is 0.9844, which is slightly below the 0.985 cutoff but I think is reasonable. The check stds for FE3 60 uM were all bad."
"162","FE_2_diff Std curve r2 low; Fe3 Chk Std 60 out of range; Fe3 Dup perc diff out of range",24.3923171242871,0,24.3923171242871,"Plate6_1_202507_SWH_WC_A_10","The Fe2 diff std curve R squared is 0.9844, which is slightly below the 0.985 cutoff but I think is reasonable. The check stds for FE3 60 uM were all bad."
"163","FE_2_diff Std curve r2 low; Fe3 Chk Std 60 out of range; Fe3 Dup perc diff out of range",129.181910125129,45.8702417739095,175.052151899039,"Plate6_1_202507_SWH_SWAMP_B_45","The Fe2 diff std curve R squared is 0.9844, which is slightly below the 0.985 cutoff but I think is reasonable. The check stds for FE3 60 uM were all bad."
"164","FE_2_diff Std curve r2 low; Fe3 Chk Std 60 out of range; Fe3 Dup perc diff out of range",139.887817214337,0,139.887817214337,"Plate6_1_202507_SWH_SWAMP_B_45","The Fe2 diff std curve R squared is 0.9844, which is slightly below the 0.985 cutoff but I think is reasonable. The check stds for FE3 60 uM were all bad."
"165","FE_2_diff Std curve r2 low; Fe3 Chk Std 60 out of range; Fe3 Dup perc diff out of range",134.088784207683,5.14930786805341,139.238092075736,"Plate6_1_202507_SWH_SWAMP_B_45","The Fe2 diff std curve R squared is 0.9844, which is slightly below the 0.985 cutoff but I think is reasonable. The check stds for FE3 60 uM were all bad."
"166","FE_2_diff Std curve r2 low; Fe3 Chk Std 60 out of range; Fe3 Dup perc diff out of range",231.33410693465,0,231.33410693465,"Plate6_1_202507_SWH_TR_B_20","The Fe2 diff std curve R squared is 0.9844, which is slightly below the 0.985 cutoff but I think is reasonable. The check stds for FE3 60 uM were all bad."
"167","FE_2_diff Std curve r2 low; Fe3 Chk Std 60 out of range; Fe3 Dup perc diff out of range",234.902742631052,0,234.902742631052,"Plate6_1_202507_SWH_TR_B_20","The Fe2 diff std curve R squared is 0.9844, which is slightly below the 0.985 cutoff but I think is reasonable. The check stds for FE3 60 uM were all bad."
"168","FE_2_diff Std curve r2 low; Fe3 Chk Std 60 out of range; Fe3 Dup perc diff out of range",247.839047030511,0,247.839047030511,"Plate6_1_202507_SWH_TR_B_20","The Fe2 diff std curve R squared is 0.9844, which is slightly below the 0.985 cutoff but I think is reasonable. The check stds for FE3 60 uM were all bad."
"169","FE_2_diff Std curve r2 low; Fe3 Chk Std 60 out of range; Fe3 Dup perc diff out of range",16.7263042922463,0,16.7263042922463,"Plate6_1_202507_SWH_WC_A_20","The Fe2 diff std curve R squared is 0.9844, which is slightly below the 0.985 cutoff but I think is reasonable. The check stds for FE3 60 uM were all bad."
"170","FE_2_diff Std curve r2 low; Fe3 Chk Std 60 out of range; Fe3 Dup perc diff out of range",15.3324837773298,0,15.3324837773298,"Plate6_1_202507_SWH_WC_A_20","The Fe2 diff std curve R squared is 0.9844, which is slightly below the 0.985 cutoff but I think is reasonable. The check stds for FE3 60 uM were all bad."
"171","FE_2_diff Std curve r2 low; Fe3 Chk Std 60 out of range; Fe3 Dup perc diff out of range",15.3324837773298,0,15.3324837773298,"Plate6_1_202507_SWH_WC_A_20","The Fe2 diff std curve R squared is 0.9844, which is slightly below the 0.985 cutoff but I think is reasonable. The check stds for FE3 60 uM were all bad."
"172","FE_2_diff Std curve r2 low; Fe3 Chk Std 60 out of range; Fe3 Dup perc diff out of range",184.495763419368,0,184.495763419368,"Plate6_1_202507_SWH_SWAMP_C_10","The Fe2 diff std curve R squared is 0.9844, which is slightly below the 0.985 cutoff but I think is reasonable. The check stds for FE3 60 uM were all bad."
"173","FE_2_diff Std curve r2 low; Fe3 Chk Std 60 out of range; Fe3 Dup perc diff out of range",173.78985633016,0,173.78985633016,"Plate6_1_202507_SWH_SWAMP_C_10","The Fe2 diff std curve R squared is 0.9844, which is slightly below the 0.985 cutoff but I think is reasonable. The check stds for FE3 60 uM were all bad."
"174","FE_2_diff Std curve r2 low; Fe3 Chk Std 60 out of range; Fe3 Dup perc diff out of range",174.682015254261,0,174.682015254261,"Plate6_1_202507_SWH_SWAMP_C_10","The Fe2 diff std curve R squared is 0.9844, which is slightly below the 0.985 cutoff but I think is reasonable. The check stds for FE3 60 uM were all bad."
"175","FE_2_diff Std curve r2 low; Fe3 Chk Std 60 out of range; Fe3 Dup perc diff out of range",269.696940670976,0,269.696940670976,"Plate6_1_202507_SWH_TR_B_20 dup","The Fe2 diff std curve R squared is 0.9844, which is slightly below the 0.985 cutoff but I think is reasonable. The check stds for FE3 60 uM were all bad."
"176","FE_2_diff Std curve r2 low; Fe3 Chk Std 60 out of range; Fe3 Dup perc diff out of range",248.731205954612,0,248.731205954612,"Plate6_1_202507_SWH_TR_B_20 dup","The Fe2 diff std curve R squared is 0.9844, which is slightly below the 0.985 cutoff but I think is reasonable. The check stds for FE3 60 uM were all bad."
"177","FE_2_diff Std curve r2 low; Fe3 Chk Std 60 out of range; Fe3 Dup perc diff out of range",249.623364878712,0,249.623364878712,"Plate6_1_202507_SWH_TR_B_20 dup","The Fe2 diff std curve R squared is 0.9844, which is slightly below the 0.985 cutoff but I think is reasonable. The check stds for FE3 60 uM were all bad."
"178","FE_2_diff Std curve r2 low; Fe3 Chk Std 60 out of range; Fe3 Dup perc diff out of range",10.1056568463929,1.34259076046065,11.4482476068536,"Plate6_1_202507_SWH_WC_A_45","The Fe2 diff std curve R squared is 0.9844, which is slightly below the 0.985 cutoff but I think is reasonable. The check stds for FE3 60 uM were all bad."
"179","FE_2_diff Std curve r2 low; Fe3 Chk Std 60 out of range; Fe3 Dup perc diff out of range",8.36338120274727,6.79450581914565,15.1578870218929,"Plate6_1_202507_SWH_WC_A_45","The Fe2 diff std curve R squared is 0.9844, which is slightly below the 0.985 cutoff but I think is reasonable. The check stds for FE3 60 uM were all bad."
"180","FE_2_diff Std curve r2 low; Fe3 Chk Std 60 out of range; Fe3 Dup perc diff out of range",10.1056568463929,1.34259076046065,11.4482476068536,"Plate6_1_202507_SWH_WC_A_45","The Fe2 diff std curve R squared is 0.9844, which is slightly below the 0.985 cutoff but I think is reasonable. The check stds for FE3 60 uM were all bad."
"181","FE_2_diff Std curve r2 low; Fe3 Chk Std 60 out of range; Fe3 Dup perc diff out of range",158.62315462045,0,158.62315462045,"Plate6_1_202507_SWH_SWAMP_C_20","The Fe2 diff std curve R squared is 0.9844, which is slightly below the 0.985 cutoff but I think is reasonable. The check stds for FE3 60 uM were all bad."
"182","FE_2_diff Std curve r2 low; Fe3 Chk Std 60 out of range; Fe3 Dup perc diff out of range",142.118214524588,0,142.118214524588,"Plate6_1_202507_SWH_SWAMP_C_20","The Fe2 diff std curve R squared is 0.9844, which is slightly below the 0.985 cutoff but I think is reasonable. The check stds for FE3 60 uM were all bad."
"183","FE_2_diff Std curve r2 low; Fe3 Chk Std 60 out of range; Fe3 Dup perc diff out of range",138.995658290236,0,138.995658290236,"Plate6_1_202507_SWH_SWAMP_C_20","The Fe2 diff std curve R squared is 0.9844, which is slightly below the 0.985 cutoff but I think is reasonable. The check stds for FE3 60 uM were all bad."
"184","FE_2_diff Std curve r2 low; Fe3 Chk Std 60 out of range; Fe3 Dup perc diff out of range",7.31801581655988,0,7.31801581655988,"Plate6_1_202507_SWH_TR_B_45","The Fe2 diff std curve R squared is 0.9844, which is slightly below the 0.985 cutoff but I think is reasonable. The check stds for FE3 60 uM were all bad."
"185","FE_2_diff Std curve r2 low; Fe3 Chk Std 60 out of range; Fe3 Dup perc diff out of range",6.96956068783076,0,6.96956068783076,"Plate6_1_202507_SWH_TR_B_45","The Fe2 diff std curve R squared is 0.9844, which is slightly below the 0.985 cutoff but I think is reasonable. The check stds for FE3 60 uM were all bad."
"186","FE_2_diff Std curve r2 low; Fe3 Chk Std 60 out of range; Fe3 Dup perc diff out of range",6.2726504303725,0,6.2726504303725,"Plate6_1_202507_SWH_TR_B_45","The Fe2 diff std curve R squared is 0.9844, which is slightly below the 0.985 cutoff but I think is reasonable. The check stds for FE3 60 uM were all bad."
"187","FE_2_diff Std curve r2 low; Fe3 Chk Std 60 out of range; Fe3 Dup perc diff out of range",13.5902081336842,14.5774470813814,28.1676552150656,"Plate6_1_202507_SWH_WC_B_10","The Fe2 diff std curve R squared is 0.9844, which is slightly below the 0.985 cutoff but I think is reasonable. The check stds for FE3 60 uM were all bad."
"188","FE_2_diff Std curve r2 low; Fe3 Chk Std 60 out of range; Fe3 Dup perc diff out of range",14.9840286486007,13.2881114902159,28.2721401388166,"Plate6_1_202507_SWH_WC_B_10","The Fe2 diff std curve R squared is 0.9844, which is slightly below the 0.985 cutoff but I think is reasonable. The check stds for FE3 60 uM were all bad."
"189","FE_2_diff Std curve r2 low; Fe3 Chk Std 60 out of range; Fe3 Dup perc diff out of range",13.9386632624133,20.2897847931627,34.2284480555761,"Plate6_1_202507_SWH_WC_B_10","The Fe2 diff std curve R squared is 0.9844, which is slightly below the 0.985 cutoff but I think is reasonable. The check stds for FE3 60 uM were all bad."
"190","FE_2_diff Std curve r2 low; Fe3 Chk Std 60 out of range; Fe3 Dup perc diff out of range",99.2945861677588,0,99.2945861677588,"Plate6_1_202507_SWH_SWAMP_C_45","The Fe2 diff std curve R squared is 0.9844, which is slightly below the 0.985 cutoff but I think is reasonable. The check stds for FE3 60 uM were all bad."
"191","FE_2_diff Std curve r2 low; Fe3 Chk Std 60 out of range; Fe3 Dup perc diff out of range",92.1573147749538,0,92.1573147749538,"Plate6_1_202507_SWH_SWAMP_C_45","The Fe2 diff std curve R squared is 0.9844, which is slightly below the 0.985 cutoff but I think is reasonable. The check stds for FE3 60 uM were all bad."
"192","FE_2_diff Std curve r2 low; Fe3 Chk Std 60 out of range; Fe3 Dup perc diff out of range",90.3729969267526,0,90.3729969267526,"Plate6_1_202507_SWH_SWAMP_C_45","The Fe2 diff std curve R squared is 0.9844, which is slightly below the 0.985 cutoff but I think is reasonable. The check stds for FE3 60 uM were all bad."
"193","FE_2_diff Std curve r2 low; Fe3 Chk Std 60 out of range; Fe3 Dup perc diff out of range",34.1490607287027,11.4619792391627,45.6110399678654,"Plate6_1_202507_SWH_TR_B_45 spk","The Fe2 diff std curve R squared is 0.9844, which is slightly below the 0.985 cutoff but I think is reasonable. The check stds for FE3 60 uM were all bad."
"194","FE_2_diff Std curve r2 low; Fe3 Chk Std 60 out of range; Fe3 Dup perc diff out of range",26.1345927679328,39.1563246486639,65.2909174165967,"Plate6_1_202507_SWH_TR_B_45 spk","The Fe2 diff std curve R squared is 0.9844, which is slightly below the 0.985 cutoff but I think is reasonable. The check stds for FE3 60 uM were all bad."
"195","FE_2_diff Std curve r2 low; Fe3 Chk Std 60 out of range; Fe3 Dup perc diff out of range",31.3614196988697,67.7679494421914,99.1293691410611,"Plate6_1_202507_SWH_TR_B_45 spk","The Fe2 diff std curve R squared is 0.9844, which is slightly below the 0.985 cutoff but I think is reasonable. The check stds for FE3 60 uM were all bad."
"196","FE_2_diff Std curve r2 low; Fe3 Chk Std 60 out of range; Fe3 Dup perc diff out of range",29.619144055224,0,29.619144055224,"Plate6_1_202507_SWH_WC_B_20","The Fe2 diff std curve R squared is 0.9844, which is slightly below the 0.985 cutoff but I think is reasonable. The check stds for FE3 60 uM were all bad."
"197","FE_2_diff Std curve r2 low; Fe3 Chk Std 60 out of range; Fe3 Dup perc diff out of range",27.5284132828493,0,27.5284132828493,"Plate6_1_202507_SWH_WC_B_20","The Fe2 diff std curve R squared is 0.9844, which is slightly below the 0.985 cutoff but I think is reasonable. The check stds for FE3 60 uM were all bad."
"198","FE_2_diff Std curve r2 low; Fe3 Chk Std 60 out of range; Fe3 Dup perc diff out of range",27.1799581541201,0,27.1799581541201,"Plate6_1_202507_SWH_WC_B_20","The Fe2 diff std curve R squared is 0.9844, which is slightly below the 0.985 cutoff but I think is reasonable. The check stds for FE3 60 uM were all bad."
"199","FE_2_diff Std curve r2 low; Fe3 Chk Std 60 out of range; Fe3 Dup perc diff out of range",247.392967568461,0,247.392967568461,"Plate6_1_202507_SWH_TR_A_10","The Fe2 diff std curve R squared is 0.9844, which is slightly below the 0.985 cutoff but I think is reasonable. The check stds for FE3 60 uM were all bad."
"200","FE_2_diff Std curve r2 low; Fe3 Chk Std 60 out of range; Fe3 Dup perc diff out of range",268.358702284825,0,268.358702284825,"Plate6_1_202507_SWH_TR_A_10","The Fe2 diff std curve R squared is 0.9844, which is slightly below the 0.985 cutoff but I think is reasonable. The check stds for FE3 60 uM were all bad."
"201","FE_2_diff Std curve r2 low; Fe3 Chk Std 60 out of range; Fe3 Dup perc diff out of range",284.863642380687,0,284.863642380687,"Plate6_1_202507_SWH_TR_A_10","The Fe2 diff std curve R squared is 0.9844, which is slightly below the 0.985 cutoff but I think is reasonable. The check stds for FE3 60 uM were all bad."
"202","FE_2_diff Std curve r2 low; Fe3 Chk Std 60 out of range; Fe3 Dup perc diff out of range",77.882771989344,0,77.882771989344,"Plate6_1_202507_SWH_TR_C_10","The Fe2 diff std curve R squared is 0.9844, which is slightly below the 0.985 cutoff but I think is reasonable. The check stds for FE3 60 uM were all bad."
"203","FE_2_diff Std curve r2 low; Fe3 Chk Std 60 out of range; Fe3 Dup perc diff out of range",71.6376595206397,0,71.6376595206397,"Plate6_1_202507_SWH_TR_C_10","The Fe2 diff std curve R squared is 0.9844, which is slightly below the 0.985 cutoff but I think is reasonable. The check stds for FE3 60 uM were all bad."
"204","FE_2_diff Std curve r2 low; Fe3 Chk Std 60 out of range; Fe3 Dup perc diff out of range",70.2994211344887,0,70.2994211344887,"Plate6_1_202507_SWH_TR_C_10","The Fe2 diff std curve R squared is 0.9844, which is slightly below the 0.985 cutoff but I think is reasonable. The check stds for FE3 60 uM were all bad."
"205","FE_2_diff Std curve r2 low; Fe3 Chk Std 60 out of range; Fe3 Dup perc diff out of range",39.0274325309104,3.11441683036686,42.1418493612773,"Plate6_1_202507_SWH_WC_B_45","The Fe2 diff std curve R squared is 0.9844, which is slightly below the 0.985 cutoff but I think is reasonable. The check stds for FE3 60 uM were all bad."
"206","FE_2_diff Std curve r2 low; Fe3 Chk Std 60 out of range; Fe3 Dup perc diff out of range",45.996535105493,2.15442013044621,48.1509552359392,"Plate6_1_202507_SWH_WC_B_45","The Fe2 diff std curve R squared is 0.9844, which is slightly below the 0.985 cutoff but I think is reasonable. The check stds for FE3 60 uM were all bad."
"207","FE_2_diff Std curve r2 low; Fe3 Chk Std 60 out of range; Fe3 Dup perc diff out of range",35.5428812436192,4.69092442587739,40.2338056694966,"Plate6_1_202507_SWH_WC_B_45","The Fe2 diff std curve R squared is 0.9844, which is slightly below the 0.985 cutoff but I think is reasonable. The check stds for FE3 60 uM were all bad."
"208","FE_2_diff Std curve r2 low; Fe3 Chk Std 60 out of range; Fe3 Dup perc diff out of range",264.790066588423,0,264.790066588423,"Plate6_1_202507_SWH_TR_A_20","The Fe2 diff std curve R squared is 0.9844, which is slightly below the 0.985 cutoff but I think is reasonable. The check stds for FE3 60 uM were all bad."
"209","FE_2_diff Std curve r2 low; Fe3 Chk Std 60 out of range; Fe3 Dup perc diff out of range",290.662675387341,0,290.662675387341,"Plate6_1_202507_SWH_TR_A_20","The Fe2 diff std curve R squared is 0.9844, which is slightly below the 0.985 cutoff but I think is reasonable. The check stds for FE3 60 uM were all bad."
"210","FE_2_diff Std curve r2 low; Fe3 Chk Std 60 out of range; Fe3 Dup perc diff out of range",288.432278077089,0,288.432278077089,"Plate6_1_202507_SWH_TR_A_20","The Fe2 diff std curve R squared is 0.9844, which is slightly below the 0.985 cutoff but I think is reasonable. The check stds for FE3 60 uM were all bad."
"211","FE_2_diff Std curve r2 low; Fe3 Chk Std 60 out of range; Fe3 Dup perc diff out of range",266.574384436624,0,266.574384436624,"Plate6_1_202507_SWH_TR_C_20","The Fe2 diff std curve R squared is 0.9844, which is slightly below the 0.985 cutoff but I think is reasonable. The check stds for FE3 60 uM were all bad."
"212","FE_2_diff Std curve r2 low; Fe3 Chk Std 60 out of range; Fe3 Dup perc diff out of range",325.456873427265,0,325.456873427265,"Plate6_1_202507_SWH_TR_C_20","The Fe2 diff std curve R squared is 0.9844, which is slightly below the 0.985 cutoff but I think is reasonable. The check stds for FE3 60 uM were all bad."
"213","FE_2_diff Std curve r2 low; Fe3 Chk Std 60 out of range; Fe3 Dup perc diff out of range",320.103919882661,0,320.103919882661,"Plate6_1_202507_SWH_TR_C_20","The Fe2 diff std curve R squared is 0.9844, which is slightly below the 0.985 cutoff but I think is reasonable. The check stds for FE3 60 uM were all bad."
"214","FE_2_diff Std curve r2 low; Fe3 Chk Std 60 out of range; Fe3 Dup perc diff out of range",27.5284132828493,0,27.5284132828493,"Plate6_1_202507_SWH_WC_C_10","The Fe2 diff std curve R squared is 0.9844, which is slightly below the 0.985 cutoff but I think is reasonable. The check stds for FE3 60 uM were all bad."
"215","FE_2_diff Std curve r2 low; Fe3 Chk Std 60 out of range; Fe3 Dup perc diff out of range",24.3923171242871,0,24.3923171242871,"Plate6_1_202507_SWH_WC_C_10","The Fe2 diff std curve R squared is 0.9844, which is slightly below the 0.985 cutoff but I think is reasonable. The check stds for FE3 60 uM were all bad."
"216","FE_2_diff Std curve r2 low; Fe3 Chk Std 60 out of range; Fe3 Dup perc diff out of range",24.3923171242871,0,24.3923171242871,"Plate6_1_202507_SWH_WC_C_10","The Fe2 diff std curve R squared is 0.9844, which is slightly below the 0.985 cutoff but I think is reasonable. The check stds for FE3 60 uM were all bad."
